eta,game,true_loss,cert_failure_only,cert_success_inclusive,viol_failure_only,viol_success_inclusive
0.0,0,0.4172611498569957,0.42449523844457376,0.42449523844457376,0,0
0.0,1,0.43291240163183703,0.44184849263960646,0.44184849263960646,0,0
0.0,2,0.44062760244083066,0.45242561312790264,0.4524256131279025,0,0
0.0,3,0.38128858339093374,0.38891548241684676,0.38891548241684676,0,0
0.0,4,0.47592860151223165,0.48276232140944425,0.48276232140944425,0,0
0.0,5,0.4602176490309312,0.4653018266204019,0.4653018266204019,0,0
0.0,6,0.3809174936643268,0.3920572228544363,0.3920572228544363,0,0
0.0,7,0.3955072135483237,0.40322234169065957,0.40322234169065957,0,0
0.0,8,0.52538486864524,0.5387012505363666,0.5387012505363666,0,0
0.0,9,0.4834207177554086,0.4972521447349227,0.4972521447349227,0,0
0.0,10,0.4466457843634416,0.45266299126596676,0.4526629912659667,0,0
0.0,11,0.3252335245294526,0.334346943078614,0.33434694307861396,0,0
0.0,12,0.5869499410443407,0.5990956177595811,0.5990956177595811,0,0
0.0,13,0.524674323380555,0.5296963577566899,0.5296963577566898,0,0
0.0,14,0.4166719643284474,0.4246621490942028,0.4246621490942029,0,0
0.0,15,0.4930621732510747,0.4992737880762284,0.4992737880762284,0,0
0.0,16,0.4027459861766434,0.40892258838414247,0.4089225883841425,0,0
0.0,17,0.4743307332902702,0.49257579040261207,0.49257579040261207,0,0
0.0,18,0.4061045933133514,0.4165504053566251,0.4165504053566251,0,0
0.0,19,0.34536857579276226,0.35160273539510706,0.3516027353951071,0,0
0.0,20,0.5196848934741898,0.5331970462577362,0.5331970462577362,0,0
0.0,21,0.5676414342257297,0.5743779545333259,0.5743779545333259,0,0
0.0,22,0.3766711069554525,0.38424751416576375,0.38424751416576375,0,0
0.0,23,0.4805555353993903,0.49226777237670244,0.49226777237670244,0,0
0.0,24,0.3696493707563312,0.37747017806551886,0.37747017806551886,0,0
0.0,25,0.3251483685862054,0.3281361134071808,0.3281361134071808,0,0
0.0,26,0.4613576969348061,0.4687659500754085,0.4687659500754085,0,0
0.0,27,0.43924962788865146,0.44783069180285506,0.44783069180285506,0,0
0.0,28,0.4052150870700936,0.41413535467113394,0.41413535467113394,0,0
0.0,29,0.5159328118808965,0.5304968824871211,0.5304968824871211,0,0
0.0,30,0.38251950901327414,0.3869777196428325,0.3869777196428325,0,0
0.0,31,0.3369249902424195,0.34476952293892776,0.34476952293892776,0,0
0.0,32,0.3497624978814953,0.35504218269710486,0.3550421826971048,0,0
0.0,33,0.4736114725673711,0.4840137283731213,0.4840137283731214,0,0
0.0,34,0.3939554880091898,0.40148035780563096,0.40148035780563096,0,0
0.0,35,0.3436365073069675,0.34965114469456754,0.34965114469456754,0,0
0.0,36,0.4996571146518035,0.50670486086919,0.5067048608691899,0,0
0.0,37,0.35427692665945015,0.35872365348503454,0.35872365348503454,0,0
0.0,38,0.35903417239221164,0.3634436626004261,0.3634436626004261,0,0
0.0,39,0.4911447208540815,0.5059559037515271,0.5059559037515271,0,0
0.0,40,0.38561304062797913,0.39385914293104674,0.3938591429310468,0,0
0.0,41,0.4368321197733146,0.4476494183495629,0.4476494183495629,0,0
0.0,42,0.3297583529941963,0.3349582458784313,0.3349582458784313,0,0
0.0,43,0.38948687000648985,0.39754268190473085,0.3975426819047308,0,0
0.0,44,0.44908036595206985,0.4546413828963173,0.4546413828963173,0,0
0.0,45,0.36084703125046025,0.3657398919540209,0.36573989195402085,0,0
0.0,46,0.42308438659072867,0.42748931234190085,0.42748931234190085,0,0
0.0,47,0.4948740116874987,0.5026435225753376,0.5026435225753376,0,0
0.0,48,0.4871982063309907,0.4968830620287034,0.49688306202870347,0,0
0.0,49,0.3251811435882116,0.33333894956129334,0.3333389495612933,0,0
0.0,50,0.39337111139493725,0.40569020521892896,0.40569020521892885,0,0
0.0,51,0.49866461010171276,0.5035024439973699,0.5035024439973699,0,0
0.0,52,0.43912790359828446,0.4428817982832212,0.4428817982832213,0,0
0.0,53,0.47289937830013273,0.4859183405927019,0.4859183405927019,0,0
0.0,54,0.5327917150155408,0.5444329910722017,0.5444329910722016,0,0
0.0,55,0.4340943967666609,0.4404601037894062,0.4404601037894063,0,0
0.0,56,0.28315972252755944,0.2871413863351285,0.2871413863351285,0,0
0.0,57,0.4507926026768956,0.4591581884642448,0.45915818846424483,0,0
0.0,58,0.36852062910238154,0.3784344723610013,0.37843447236100125,0,0
0.0,59,0.42517237553761605,0.43080347453483664,0.43080347453483664,0,0
0.0,60,0.28662346346893885,0.2932425471666975,0.2932425471666975,0,0
0.0,61,0.4713550831525497,0.47824842061457923,0.4782484206145792,0,0
0.0,62,0.4262514829035114,0.4374245732711532,0.4374245732711532,0,0
0.0,63,0.5266731924955388,0.5349922476171907,0.5349922476171907,0,0
0.0,64,0.39138565341690373,0.39797029153805685,0.39797029153805685,0,0
0.0,65,0.514661177151912,0.5241153436386066,0.5241153436386066,0,0
0.0,66,0.5383631706038424,0.5524311276739627,0.5524311276739627,0,0
0.0,67,0.3630620708188775,0.3686383960424341,0.3686383960424341,0,0
0.0,68,0.33648633849702775,0.34499833640275956,0.34499833640275956,0,0
0.0,69,0.31281982165039485,0.31804998049401767,0.31804998049401767,0,0
0.0,70,0.3788465707757596,0.38257164475555455,0.38257164475555466,0,0
0.0,71,0.5079462966563171,0.5139260298726129,0.5139260298726128,0,0
0.0,72,0.5228802625819229,0.5357973622454213,0.5357973622454213,0,0
0.0,73,0.4387705425759399,0.44748306830698087,0.4474830683069809,0,0
0.0,74,0.3783440239846478,0.38154724910867377,0.3815472491086738,0,0
0.0,75,0.43884472929382246,0.44829523493529977,0.4482952349352997,0,0
0.0,76,0.44208288293743325,0.44998761863780584,0.44998761863780584,0,0
0.0,77,0.48416471639490793,0.4928803177963904,0.49288031779639047,0,0
0.0,78,0.3908845123825627,0.39722819578740926,0.39722819578740926,0,0
0.0,79,0.4495586039075363,0.46133369100666255,0.4613336910066625,0,0
0.0,80,0.44354052686076095,0.4516412566811179,0.45164125668111793,0,0
0.0,81,0.39692040569957215,0.4089326474115767,0.4089326474115767,0,0
0.0,82,0.3805064142963276,0.38590973322096295,0.38590973322096295,0,0
0.0,83,0.3542860277001036,0.361441899799143,0.361441899799143,0,0
0.0,84,0.4839287464341483,0.4972865335877102,0.49728653358771013,0,0
0.0,85,0.29409978300928435,0.3012267287763316,0.30122672877633166,0,0
0.0,86,0.44487262950885154,0.45419040519869824,0.45419040519869824,0,0
0.0,87,0.4197484830378413,0.4268249859119191,0.4268249859119191,0,0
0.0,88,0.4254673913960796,0.434393660377086,0.43439366037708604,0,0
0.0,89,0.3506277650173834,0.36117069503697435,0.36117069503697435,0,0
0.0,90,0.39791511934226087,0.40673905817054673,0.40673905817054673,0,0
0.0,91,0.4040811406413941,0.41005268685464585,0.41005268685464585,0,0
0.0,92,0.5139525281486431,0.5301436212428913,0.5301436212428914,0,0
0.0,93,0.5169502784251746,0.5233295231187886,0.5233295231187886,0,0
0.0,94,0.5451028395724502,0.563108094344863,0.563108094344863,0,0
0.0,95,0.5269333859461072,0.5317727058766633,0.5317727058766634,0,0
0.0,96,0.4874891558401727,0.4958548641676601,0.4958548641676601,0,0
0.0,97,0.4568726541013632,0.46672487076124913,0.466724870761249,0,0
0.0,98,0.32015691148088266,0.3252998460704382,0.3252998460704382,0,0
0.0,99,0.2970214204436774,0.30576562182213024,0.30576562182213024,0,0
0.0,100,0.42374511641501567,0.42831114871390724,0.42831114871390724,0,0
0.0,101,0.46588890798331356,0.481527928172947,0.481527928172947,0,0
0.0,102,0.37789151415442657,0.38529366636092094,0.38529366636092094,0,0
0.0,103,0.43774739101110427,0.4551873268044752,0.4551873268044752,0,0
0.0,104,0.4988674314365422,0.5046907240101729,0.5046907240101729,0,0
0.0,105,0.34351271785428017,0.35276139498457004,0.3527613949845701,0,0
0.0,106,0.499300988568391,0.5125008219646817,0.5125008219646817,0,0
0.0,107,0.4415185161224323,0.45246690822516233,0.45246690822516233,0,0
0.0,108,0.3480273702208596,0.3533653730293998,0.3533653730293998,0,0
0.0,109,0.3888246538204227,0.40014365719611056,0.40014365719611056,0,0
0.0,110,0.505216003422172,0.5216047795383267,0.5216047795383267,0,0
0.0,111,0.40525594540987087,0.41545011718653596,0.415450117186536,0,0
0.0,112,0.29939481733227774,0.3050166746886881,0.3050166746886881,0,0
0.0,113,0.35234410535912825,0.35995275639938595,0.359952756399386,0,0
0.0,114,0.39987773812532346,0.40394319899788483,0.40394319899788483,0,0
0.0,115,0.40661413530542995,0.41039691462763145,0.41039691462763145,0,0
0.0,116,0.41104628249916947,0.42211360860718944,0.4221136086071894,0,0
0.0,117,0.5065842069739529,0.5181848551463071,0.5181848551463071,0,0
0.0,118,0.45706324309119317,0.4708725351637339,0.4708725351637339,0,0
0.0,119,0.38045001024983494,0.38480172761768977,0.38480172761768977,0,0
0.0,120,0.4178920669838642,0.42551999703616267,0.42551999703616267,0,0
0.0,121,0.6157492950717046,0.6398574537757032,0.6398574537757032,0,0
0.0,122,0.4523508037779723,0.4616673561672134,0.4616673561672134,0,0
0.0,123,0.43551954524265385,0.44388407079305536,0.44388407079305536,0,0
0.0,124,0.47848822024686455,0.484761687787546,0.4847616877875461,0,0
0.0,125,0.3298936397872755,0.33544770595886153,0.33544770595886164,0,0
0.0,126,0.3841332930578736,0.39101552396873035,0.39101552396873035,0,0
0.0,127,0.45664780391621107,0.4666251706815523,0.4666251706815522,0,0
0.0,128,0.4346317207810148,0.4436459124867995,0.4436459124867995,0,0
0.0,129,0.4944556481992952,0.5074291894323808,0.5074291894323807,0,0
0.0,130,0.4725800149275269,0.4794347097227459,0.4794347097227458,0,0
0.0,131,0.4571153145441315,0.4657432858035855,0.4657432858035855,0,0
0.0,132,0.38896437296344005,0.4033786750414311,0.403378675041431,0,0
0.0,133,0.36473962532911935,0.373691813990996,0.373691813990996,0,0
0.0,134,0.34869602132455035,0.3554088447420125,0.3554088447420125,0,0
0.0,135,0.4903168224972707,0.4968791733212066,0.4968791733212066,0,0
0.0,136,0.2731013154205913,0.2761440266564765,0.2761440266564765,0,0
0.0,137,0.483405845367492,0.4950355348784455,0.4950355348784455,0,0
0.0,138,0.40214016056633795,0.4097154471968708,0.40971544719687075,0,0
0.0,139,0.5291286662439791,0.5428481721157795,0.5428481721157795,0,0
0.0,140,0.4338546458487466,0.4406119411751752,0.4406119411751752,0,0
0.0,141,0.4963379914337944,0.5075572064993147,0.5075572064993147,0,0
0.0,142,0.4312106762551032,0.44164117499216643,0.44164117499216643,0,0
0.0,143,0.37751675126893947,0.3881947940533534,0.3881947940533534,0,0
0.0,144,0.4528315033791654,0.4614610056192959,0.4614610056192959,0,0
0.0,145,0.49793350776234396,0.5078559261537537,0.5078559261537537,0,0
0.0,146,0.4858268763219566,0.48996299442092145,0.4899629944209215,0,0
0.0,147,0.45982296232467074,0.47424221327654664,0.4742422132765467,0,0
0.0,148,0.41441992624845747,0.4245527327394285,0.4245527327394285,0,0
0.0,149,0.5188221166185756,0.5253230092899884,0.5253230092899884,0,0
0.0,150,0.44661676116014337,0.456355527025309,0.456355527025309,0,0
0.0,151,0.4627401012598779,0.47186523250602974,0.47186523250602974,0,0
0.0,152,0.2862640035957933,0.2924785986988437,0.2924785986988437,0,0
0.0,153,0.36736974664578614,0.37804848793218554,0.37804848793218554,0,0
0.0,154,0.4341103392507599,0.4438606655277966,0.4438606655277966,0,0
0.0,155,0.5670465725753078,0.5770882701646831,0.577088270164683,0,0
0.0,156,0.47538188957011107,0.48507019150108116,0.48507019150108116,0,0
0.0,157,0.495191036430083,0.5134927879781267,0.5134927879781266,0,0
0.0,158,0.4244287480472143,0.4344228962923929,0.4344228962923929,0,0
0.0,159,0.4100270918509678,0.4173345244543156,0.4173345244543157,0,0
0.0,160,0.38144075325776555,0.3891242278315437,0.3891242278315437,0,0
0.0,161,0.43075032407332936,0.4446465620310979,0.4446465620310979,0,0
0.0,162,0.3820489297082673,0.38511130600990845,0.38511130600990845,0,0
0.0,163,0.33115597873606867,0.33495884729995923,0.33495884729995923,0,0
0.0,164,0.46951895336205357,0.4743884907924946,0.4743884907924946,0,0
0.0,165,0.4450047237794245,0.4552301514086837,0.45523015140868384,0,0
0.0,166,0.3521891509440205,0.36001370865379784,0.36001370865379784,0,0
0.0,167,0.4378223678693292,0.44310859173067235,0.4431085917306724,0,0
0.0,168,0.36619193147099427,0.3785302321492203,0.37853023214922027,0,0
0.0,169,0.4441241439365683,0.4493567919554529,0.4493567919554529,0,0
0.0,170,0.48608372297028285,0.4978165318887917,0.4978165318887917,0,0
0.0,171,0.40813882110037836,0.41587648032578045,0.41587648032578045,0,0
0.0,172,0.6217745071628111,0.6426616078643782,0.6426616078643782,0,0
0.0,173,0.47425639440888046,0.4910997986095161,0.4910997986095159,0,0
0.0,174,0.3698777067358785,0.3747690181404064,0.3747690181404064,0,0
0.0,175,0.39085145624500833,0.3980673201283188,0.3980673201283188,0,0
0.0,176,0.31094584295246447,0.31482526631178265,0.31482526631178265,0,0
0.0,177,0.5190806383587709,0.526692139527011,0.526692139527011,0,0
0.0,178,0.4449615321597664,0.4526976115184227,0.4526976115184227,0,0
0.0,179,0.6039524664642533,0.6201307395014525,0.6201307395014525,0,0
0.0,180,0.29885534407275904,0.30322929219589867,0.3032292921958987,0,0
0.0,181,0.4437538668386899,0.4538724306065241,0.4538724306065241,0,0
0.0,182,0.5542532183294263,0.5618976865083062,0.5618976865083062,0,0
0.0,183,0.2691101610206256,0.2774218070911203,0.2774218070911203,0,0
0.0,184,0.41762343522103235,0.42484906231805386,0.4248490623180539,0,0
0.0,185,0.4288557530118576,0.43794312913726735,0.43794312913726735,0,0
0.0,186,0.4337046975103235,0.43850837929158004,0.43850837929158004,0,0
0.0,187,0.31988398440766524,0.3237337785023694,0.3237337785023694,0,0
0.0,188,0.33722973269684814,0.3447804191346154,0.3447804191346154,0,0
0.0,189,0.41535978435781834,0.42259252032517625,0.4225925203251762,0,0
0.0,190,0.4271502417087388,0.4362387438072085,0.4362387438072085,0,0
0.0,191,0.3693379130888322,0.37710018788930516,0.37710018788930516,0,0
0.0,192,0.4639480849935099,0.47420306000740087,0.47420306000740087,0,0
0.0,193,0.5035217115593406,0.5138261596848909,0.5138261596848909,0,0
0.0,194,0.4320166490062966,0.43799062036367015,0.43799062036367015,0,0
0.0,195,0.5181896361547419,0.528593256813794,0.528593256813794,0,0
0.0,196,0.2798157147922869,0.28324056089895033,0.28324056089895033,0,0
0.0,197,0.37370918563637895,0.37857821941881326,0.37857821941881326,0,0
0.0,198,0.24426009054799994,0.24916703799746504,0.24916703799746504,0,0
0.0,199,0.4663550124533815,0.4792793177674458,0.47927931776744587,0,0
0.0,200,0.41084216069201346,0.4199120040269998,0.4199120040269998,0,0
0.0,201,0.4327065340933017,0.4397967549815555,0.4397967549815555,0,0
0.0,202,0.429453846543776,0.43612459535738124,0.43612459535738124,0,0
0.0,203,0.3980390769098,0.4079134810001711,0.4079134810001711,0,0
0.0,204,0.29460470374951925,0.30637798147815465,0.3063779814781547,0,0
0.0,205,0.39655584746652944,0.4056171118480014,0.4056171118480014,0,0
0.0,206,0.4529107310448128,0.4586798604980623,0.4586798604980623,0,0
0.0,207,0.535196413870915,0.5461068817948366,0.5461068817948366,0,0
0.0,208,0.45668328959789506,0.4667467116391086,0.4667467116391086,0,0
0.0,209,0.36425876564571985,0.3712542022634243,0.3712542022634243,0,0
0.0,210,0.30230286421083213,0.30917639814210457,0.30917639814210457,0,0
0.0,211,0.3737380826506216,0.384841435885448,0.38484143588544795,0,0
0.0,212,0.28156723761369556,0.28530799163748055,0.28530799163748055,0,0
0.0,213,0.3721233151130306,0.37876799338082423,0.3787679933808242,0,0
0.0,214,0.38775568783980974,0.3955032682434777,0.3955032682434777,0,0
0.0,215,0.44156164668320297,0.45249167486423736,0.45249167486423736,0,0
0.0,216,0.42821212641725176,0.4339238710447773,0.4339238710447773,0,0
0.0,217,0.4205886266650505,0.4409927635830754,0.4409927635830753,0,0
0.0,218,0.3496002799189071,0.3542436942481772,0.3542436942481772,0,0
0.0,219,0.34933372277276037,0.3553253148103866,0.3553253148103866,0,0
0.0,220,0.410588858811034,0.4148709571003168,0.4148709571003168,0,0
0.0,221,0.3865836781916434,0.39585351966521715,0.39585351966521715,0,0
0.0,222,0.515315742815858,0.5235678298943972,0.5235678298943971,0,0
0.0,223,0.4768377171265876,0.4875166711706892,0.48751667117068925,0,0
0.0,224,0.43174613620508967,0.43919114465874176,0.43919114465874176,0,0
0.0,225,0.398976474939167,0.40265625396191135,0.40265625396191135,0,0
0.0,226,0.36692806411004836,0.37452925437603485,0.37452925437603485,0,0
0.0,227,0.4911591631827209,0.5023868041586348,0.5023868041586348,0,0
0.0,228,0.4432341142662153,0.4541517483116076,0.4541517483116076,0,0
0.0,229,0.4998315059931109,0.512074270125366,0.512074270125366,0,0
0.0,230,0.541789587470808,0.5549350340936495,0.5549350340936495,0,0
0.0,231,0.419244578135287,0.4268630628226296,0.4268630628226296,0,0
0.0,232,0.5176674075043011,0.5289935422770581,0.5289935422770581,0,0
0.0,233,0.44712678050685073,0.457176816297914,0.45717681629791396,0,0
0.0,234,0.49172968861515826,0.49777715680923307,0.49777715680923307,0,0
0.0,235,0.3457551711792536,0.35427593944207764,0.35427593944207764,0,0
0.0,236,0.3494404677276779,0.35923368538810396,0.35923368538810396,0,0
0.0,237,0.465807655457729,0.47981170610607654,0.47981170610607654,0,0
0.0,238,0.44897487901791755,0.4569035266516942,0.4569035266516942,0,0
0.0,239,0.4035866137408397,0.4126964318085717,0.4126964318085717,0,0
0.0,240,0.4297525868982121,0.435228110849234,0.435228110849234,0,0
0.0,241,0.41153370070960077,0.4177004711778407,0.4177004711778407,0,0
0.0,242,0.5658510978590078,0.5812952408852421,0.5812952408852421,0,0
0.0,243,0.43443767791978494,0.43979349752155167,0.43979349752155167,0,0
0.0,244,0.41337945700186074,0.4245529663766425,0.4245529663766426,0,0
0.0,245,0.47292702741347303,0.4833269687674148,0.4833269687674148,0,0
0.0,246,0.5782799893078574,0.5921987691200806,0.5921987691200806,0,0
0.0,247,0.46214499178953505,0.4699007795392369,0.4699007795392369,0,0
0.0,248,0.47485640368614485,0.48375100705762797,0.48375100705762797,0,0
0.0,249,0.39620918993438753,0.4035947398666103,0.4035947398666103,0,0
0.0,250,0.3740882265425093,0.3778491197206773,0.37784911972067725,0,0
0.0,251,0.5347586731794141,0.5484566992494276,0.5484566992494276,0,0
0.0,252,0.43560389816722783,0.4421728034992149,0.4421728034992149,0,0
0.0,253,0.3978635011270586,0.4069851771161209,0.4069851771161209,0,0
0.0,254,0.48318608848986283,0.49078224644549284,0.49078224644549284,0,0
0.0,255,0.32435361847397026,0.32911536895358023,0.32911536895358023,0,0
0.0,256,0.301107711689472,0.3088916080435782,0.3088916080435781,0,0
0.0,257,0.4156992487162947,0.4224394366744206,0.42243943667442074,0,0
0.0,258,0.4768801076457504,0.4850170645381993,0.48501706453819937,0,0
0.0,259,0.4665768332858064,0.4757287054757286,0.4757287054757286,0,0
0.0,260,0.31384559132472445,0.3203537620922124,0.3203537620922124,0,0
0.0,261,0.48205306222660516,0.4999520421754728,0.4999520421754728,0,0
0.0,262,0.5258019530552951,0.5341908547741814,0.5341908547741814,0,0
0.0,263,0.4036553530720142,0.41163861558474757,0.4116386155847476,0,0
0.0,264,0.44786254920233715,0.4681177336193246,0.4681177336193246,0,0
0.0,265,0.3564567307919419,0.3608596423102596,0.36085964231025963,0,0
0.0,266,0.25817988695493144,0.2626845906536006,0.2626845906536006,0,0
0.0,267,0.4340103947065007,0.44401887582063715,0.44401887582063715,0,0
0.0,268,0.38310638251539275,0.390445697878913,0.390445697878913,0,0
0.0,269,0.38697937279248296,0.39799132918021657,0.39799132918021657,0,0
0.0,270,0.4054533793406055,0.4115210049836889,0.4115210049836889,0,0
0.0,271,0.4645890858413061,0.48027602802565417,0.48027602802565417,0,0
0.0,272,0.41210426498009844,0.4204473198533872,0.4204473198533872,0,0
0.0,273,0.4325163104649456,0.44202590808229825,0.44202590808229825,0,0
0.0,274,0.4256391503700314,0.43150755751712644,0.43150755751712655,0,0
0.0,275,0.38150241812308433,0.3889599575861507,0.3889599575861507,0,0
0.0,276,0.5426697022982476,0.5521974353341398,0.5521974353341398,0,0
0.0,277,0.49320103226142054,0.5067140480068459,0.5067140480068459,0,0
0.0,278,0.425301101347246,0.4345961672814984,0.4345961672814984,0,0
0.0,279,0.363053322121562,0.3709333427524275,0.3709333427524275,0,0
0.0,280,0.25210813453474273,0.2592310156132501,0.2592310156132502,0,0
0.0,281,0.4271185416442119,0.43415057267190477,0.43415057267190477,0,0
0.0,282,0.4737788680639437,0.48871751299130106,0.48871751299130106,0,0
0.0,283,0.3719187357989432,0.37805053914024733,0.3780505391402473,0,0
0.0,284,0.39857606722869443,0.4088673695783733,0.4088673695783733,0,0
0.0,285,0.4672095496741456,0.4781868274485058,0.4781868274485058,0,0
0.0,286,0.29839874382754167,0.3044192526221296,0.30441925262212965,0,0
0.0,287,0.48092090599885967,0.4925309205600367,0.4925309205600367,0,0
0.0,288,0.31981740937084496,0.3212780815313855,0.3212780815313855,0,0
0.0,289,0.541450982458543,0.5523672552893338,0.5523672552893338,0,0
0.0,290,0.3782771936986166,0.38785391035848393,0.3878539103584839,0,0
0.0,291,0.4349219125663714,0.44233760522516985,0.44233760522516985,0,0
0.0,292,0.552893686838968,0.5608064529948069,0.5608064529948069,0,0
0.0,293,0.5291100982822163,0.5380837720009873,0.5380837720009873,0,0
0.0,294,0.45839258281589657,0.46233538505838195,0.46233538505838195,0,0
0.0,295,0.47519197233620303,0.4922358969938805,0.4922358969938805,0,0
0.0,296,0.4386020719122283,0.4454322728530827,0.4454322728530827,0,0
0.0,297,0.5187447742284426,0.5320658673774071,0.5320658673774072,0,0
0.0,298,0.3965172651583972,0.40381871137205655,0.40381871137205655,0,0
0.0,299,0.34736135950586905,0.35489215737154484,0.35489215737154484,0,0
0.1,0,0.5213258916165814,0.4353890840016412,0.5298223010750135,1,0
0.1,1,0.5244683462533329,0.4432925576368309,0.5331560448106349,1,0
0.1,2,0.4822560844956596,0.43262331762813644,0.4940745513837025,1,0
0.1,3,0.4397707825628828,0.395387251942327,0.4473313410167542,1,0
0.1,4,0.5830378396672257,0.4775613866944729,0.5908173057120842,1,0
0.1,5,0.5572856673031796,0.4354628584821698,0.5627195215468134,1,0
0.1,6,0.47278358214028887,0.40301677231859806,0.4837440596482646,1,0
0.1,7,0.5040966073619014,0.39342980406874795,0.5117063618827492,1,0
0.1,8,0.580342946147302,0.48719036441492086,0.5946268795700723,1,0
0.1,9,0.4979856077047409,0.4524439109886423,0.5119404145285176,1,0
0.1,10,0.5308914627297815,0.4165377168804391,0.5362508036435608,1,0
0.1,11,0.4016401131392812,0.33022954577740726,0.41240106216751987,1,0
0.1,12,0.703678643082834,0.5543068758829075,0.7166997476385173,1,0
0.1,13,0.6618073635271722,0.4822654464444537,0.6678192441636458,1,0
0.1,14,0.5103150226391518,0.4454931770106796,0.5184567682876677,1,0
0.1,15,0.5585916851608119,0.4783923986163919,0.5648460094254184,1,0
0.1,16,0.4846266920270019,0.44400190294275554,0.49100819555790326,1,0
0.1,17,0.5352069768533657,0.464154310294773,0.553709358195265,1,0
0.1,18,0.46190228054724425,0.42115831631190526,0.47417529973314265,1,0
0.1,19,0.466555146259823,0.3725391794161763,0.4728726204117685,1,0
0.1,20,0.6089467267729181,0.4539823239616181,0.6242747335635449,1,0
0.1,21,0.6494167524152274,0.5576405725565707,0.6563961280143031,1,0
0.1,22,0.4277578491012372,0.3857253255945514,0.4355250706277977,1,0
0.1,23,0.5076908268828311,0.4672950472382608,0.519810575392952,1,0
0.1,24,0.44651501208459815,0.3673292953368617,0.45421972453374365,1,0
0.1,25,0.4145022739963539,0.29604844067737635,0.41782419381556934,1,0
0.1,26,0.5773222157509532,0.4700310757956862,0.5853126441501115,1,0
0.1,27,0.49583549563227525,0.44309841710111775,0.5042538401076525,1,0
0.1,28,0.4585044946252562,0.32875198410759887,0.46915646375345366,1,0
0.1,29,0.5330119913657074,0.5057533425230553,0.5477984417496837,1,0
0.1,30,0.5075287789813907,0.40810861408552634,0.5138711826959264,1,0
0.1,31,0.5467852820568876,0.37388894971817227,0.5546408287532826,1,0
0.1,32,0.44143253701539725,0.3470533150082895,0.4465594679263133,1,0
0.1,33,0.6723530976568697,0.5511251394118578,0.6812460341146773,1,0
0.1,34,0.559261364210787,0.4600949723390154,0.5677374699506688,1,0
0.1,35,0.5249128467490277,0.3282703127124655,0.5302733517987326,1,0
0.1,36,0.5283822727902892,0.44542839852204064,0.5352017900146597,1,0
0.1,37,0.5324870018879475,0.40036844572065455,0.5370931214228173,1,0
0.1,38,0.4022324642631754,0.3638370567207735,0.40648910988305337,1,0
0.1,39,0.5150369268269669,0.44014539298512934,0.5260450842657673,1,0
0.1,40,0.45079060522962,0.39175860355671527,0.45829219151276385,1,0
0.1,41,0.49154031296777545,0.38332690938566544,0.5030325421959196,1,0
0.1,42,0.474762092304697,0.3288594742200719,0.48109360157661113,1,0
0.1,43,0.4562734444511335,0.39452775483054553,0.46506880573663867,1,0
0.1,44,0.4851024401139309,0.4419404441171729,0.4906188187629781,1,0
0.1,45,0.47761343679824514,0.3778506358590613,0.482725821895967,1,0
0.1,46,0.5627637890411433,0.4819528022159788,0.5676817626882444,1,0
0.1,47,0.5795540308139596,0.4945544962516754,0.588987763937686,1,0
0.1,48,0.5169336020093844,0.4655519952213465,0.5264642972903193,1,0
0.1,49,0.4764419323701186,0.38927922708406454,0.4843982081812584,1,0
0.1,50,0.5423832753840808,0.42815375218474633,0.5559163787908934,1,0
0.1,51,0.58476583671317,0.43591381680817576,0.588714557587583,1,0
0.1,52,0.4763977378389481,0.40669166420447755,0.482158666745584,1,0
0.1,53,0.5766435144718054,0.4388697439560122,0.587590171549519,1,0
0.1,54,0.5773420107971957,0.5062520543697642,0.5890424292664246,1,0
0.1,55,0.427873898933078,0.4196490420989787,0.4341081348285321,1,0
0.1,56,0.38241602190029367,0.28249491534878773,0.38662560976369104,1,0
0.1,57,0.48030195740693765,0.41275786844111956,0.48831665118181694,1,0
0.1,58,0.515545039396836,0.4469965541769736,0.5266250216335739,1,0
0.1,59,0.5490471167556076,0.4501638961902158,0.5546970720864829,1,0
0.1,60,0.41307383655859814,0.28424629627693626,0.4197283724095463,1,0
0.1,61,0.5400007819274558,0.4535587881445024,0.5461198693284652,1,0
0.1,62,0.5343037832085231,0.43844159577472386,0.5471449477917709,1,0
0.1,63,0.482631790481602,0.3851860291689226,0.4916258204957101,1,0
0.1,64,0.44607225582662524,0.351116476886291,0.45289026769245083,1,0
0.1,65,0.5677775376747848,0.4876116025554675,0.5771858015209061,1,0
0.1,66,0.6083533909516685,0.5795579501825144,0.6231735540246478,1,0
0.1,67,0.40654030516274736,0.3826498224515638,0.4119129986953675,1,0
0.1,68,0.5312990501305711,0.4386214987261858,0.5408823000306464,1,0
0.1,69,0.4690583759418381,0.352908664873019,0.47412472532892463,1,0
0.1,70,0.4030831410351443,0.3261872701982033,0.4070262044812738,1,0
0.1,71,0.5410208008943476,0.5022323715103342,0.5471607221313698,1,0
0.1,72,0.6599034582452208,0.5658711103432784,0.6729284325393575,1,0
0.1,73,0.5140218005555556,0.4251147272752066,0.5222054812021051,1,0
0.1,74,0.41866253365883244,0.35450571370072126,0.4219984471605558,1,0
0.1,75,0.5814227747571737,0.4878858139999272,0.5919837164202041,1,0
0.1,76,0.5325396888577377,0.47223118464659297,0.5393965948955576,1,0
0.1,77,0.5543777642219047,0.4969076383522498,0.5632481928215981,1,0
0.1,78,0.5555879781899336,0.3512757773489057,0.5614785282019861,1,0
0.1,79,0.549530235825421,0.42650995981050743,0.5620640197972693,1,0
0.1,80,0.5195669881043341,0.4383365458812612,0.5281406847724034,1,0
0.1,81,0.5255401142129966,0.4395530776171459,0.5386218337026718,1,0
0.1,82,0.4797722640914491,0.334173386155676,0.48544189670617777,1,0
0.1,83,0.4376462166889918,0.36856104313079485,0.4445349909117579,1,0
0.1,84,0.6060816310259165,0.5212589198534433,0.6195080457574004,1,0
0.1,85,0.42895520791245223,0.35210328978665684,0.43571468157672866,1,0
0.1,86,0.4828285234132741,0.4089173895863535,0.4919203800298337,1,0
0.1,87,0.5104151464833548,0.4226372953371332,0.5180065257367239,1,0
0.1,88,0.5417333079179546,0.4286059511763271,0.5505466954671452,1,0
0.1,89,0.3811087694792198,0.3391260019039993,0.39209533294042753,1,0
0.1,90,0.4750077074304918,0.4244981977561501,0.48408702292508166,1,0
0.1,91,0.5464649814585044,0.4478242247663523,0.5525474528721868,1,0
0.1,92,0.6496650711655273,0.5323471115214613,0.6655640045972374,1,0
0.1,93,0.5384289208024392,0.4473482392953052,0.5443752680147471,1,0
0.1,94,0.590898876887666,0.5432700639938041,0.6100119837542431,1,0
0.1,95,0.598092922563439,0.5466387439516305,0.6028204478957676,1,0
0.1,96,0.5899511091297247,0.47527154638957453,0.599839264013878,1,0
0.1,97,0.577921807508702,0.47044375079270406,0.5876877995323114,1,0
0.1,98,0.4218812907680059,0.27799498774201764,0.4279813777284368,1,0
0.1,99,0.33844918886059766,0.2931759156662991,0.34781271182221696,1,0
0.1,100,0.5148835306328724,0.4083209322139693,0.519963236570813,1,0
0.1,101,0.6385070081674368,0.5147816511739793,0.656184881098989,1,0
0.1,102,0.48131407684779365,0.40712101170656656,0.48952047455376824,1,0
0.1,103,0.4503245260113831,0.390932605716294,0.4619309939123601,1,0
0.1,104,0.5932037452377394,0.5096890754791736,0.5988093510010811,1,0
0.1,105,0.566641729282057,0.3851457709991964,0.5753688404728525,1,0
0.1,106,0.5692630695532448,0.5047783804519655,0.5825600240849994,1,0
0.1,107,0.4694483164010899,0.40713470288712256,0.4793417907159247,1,0
0.1,108,0.40028194472517103,0.3343541733766507,0.40603908607711625,1,0
0.1,109,0.4928127027777548,0.41349818904773666,0.5038579964625993,1,0
0.1,110,0.52999078439957,0.4695331365934426,0.5449334984246164,1,0
0.1,111,0.47743419823035155,0.3602559388533262,0.4869591553041959,1,0
0.1,112,0.4569892650362071,0.36653150634536424,0.46330068552874387,1,0
0.1,113,0.4381990836924089,0.3757036982872554,0.4462221543058962,1,0
0.1,114,0.4884304749210269,0.4159997622242589,0.4924454194571403,1,0
0.1,115,0.5671037677111499,0.5004443817471722,0.5709025046854297,1,0
0.1,116,0.49618615488691636,0.412804080800831,0.5064926966595701,1,0
0.1,117,0.6248343573397522,0.4967096014216674,0.6372983544113219,1,0
0.1,118,0.49068600654548655,0.4464700532427328,0.5041081335864853,1,0
0.1,119,0.48331867185895894,0.41699623981411127,0.48730698969745867,1,0
0.1,120,0.47598698352249597,0.3791353890066754,0.4830837269195829,1,0
0.1,121,0.7001707499636178,0.6597990505491529,0.7245300289093386,1,0
0.1,122,0.5345345934926019,0.43902865605398356,0.5446593464860561,1,0
0.1,123,0.5293502846266389,0.41731842399695634,0.537330998607709,1,0
0.1,124,0.5004661404032036,0.4830402131507677,0.5067836841254914,1,0
0.1,125,0.4402722423396774,0.33573874620110666,0.446087929219004,1,0
0.1,126,0.42785624458561766,0.37299656219468263,0.4355356012522749,1,0
0.1,127,0.5579648972131093,0.4338894361637394,0.5682271237975844,1,0
0.1,128,0.6412232470983877,0.5072763086031644,0.6496884190436804,1,0
0.1,129,0.6147034307820256,0.534006986927664,0.6290188583012543,1,0
0.1,130,0.5782799714131099,0.48978320881935195,0.5854551676096208,1,0
0.1,131,0.4843509257269712,0.43905596306898115,0.4927418676297557,1,0
0.1,132,0.49599339563046013,0.4573561184926884,0.5099724075293228,1,0
0.1,133,0.4942958348343667,0.3849078424539639,0.5046084632651778,1,0
0.1,134,0.47106417469158995,0.35869453954206765,0.47761900820171116,1,0
0.1,135,0.6229645346439316,0.5033768634909479,0.6305169597226673,1,0
0.1,136,0.34551005352726555,0.2645969241663694,0.3484220103779365,1,0
0.1,137,0.5692679390864849,0.4657614466563839,0.5813572322492956,1,0
0.1,138,0.44712765023584716,0.383011031060842,0.4542798609181159,1,0
0.1,139,0.6073476654264179,0.5056031596618631,0.6205876888480997,1,0
0.1,140,0.47573319145446324,0.4248735794720536,0.4828084507455146,1,0
0.1,141,0.5395714433949411,0.4895158533884363,0.5511634490007119,1,0
0.1,142,0.5347256080285389,0.4692754966521604,0.5451066758239411,1,0
0.1,143,0.5755454290084682,0.4238060434678477,0.5866397756947291,1,0
0.1,144,0.5045319892496904,0.41957284929734656,0.5147136145106985,1,0
0.1,145,0.5053789662952795,0.4636979438977574,0.5151146099479595,1,0
0.1,146,0.5402285797078342,0.4969139123633039,0.544799320865983,1,0
0.1,147,0.5496670776302209,0.48215180587330225,0.5645710617438422,1,0
0.1,148,0.4768537614682045,0.3650140450446095,0.4869036515113084,1,0
0.1,149,0.5946812960080264,0.48222394545134145,0.6011695556252615,1,0
0.1,150,0.5505460769866,0.4726980028273981,0.5649580356208634,1,0
0.1,151,0.5103348036875648,0.4418728259649248,0.5193299309945085,1,0
0.1,152,0.3662181246153448,0.28418100360498744,0.37213979210888853,1,0
0.1,153,0.5243566254948342,0.4091167064481302,0.5366663729655458,1,0
0.1,154,0.5130473390228015,0.4431229506502882,0.5234928013790979,1,0
0.1,155,0.6431738522879514,0.56687153445615,0.6529388908821835,1,0
0.1,156,0.4936164063532457,0.44141144874703936,0.5029587627892269,1,0
0.1,157,0.5410978943551784,0.4865124949506377,0.5589592292874949,1,0
0.1,158,0.4959190118711653,0.43082681303034687,0.5053639533424059,1,0
0.1,159,0.4362477574946525,0.3881566333047932,0.44314314552654477,1,0
0.1,160,0.4979509784354289,0.35634859463397006,0.505608136976452,1,0
0.1,161,0.5554818983941127,0.48694632721998504,0.5705845751973693,1,0
0.1,162,0.498357523102604,0.3865070187853236,0.50155988669221,1,0
0.1,163,0.5170010251365235,0.3796193421590407,0.522182579983812,1,0
0.1,164,0.6394823021741777,0.48601563922299135,0.6452802647311131,1,0
0.1,165,0.5797585525950648,0.43956001817413837,0.5886385415299513,1,0
0.1,166,0.5411273767264178,0.4063067493364426,0.5500419416820242,1,0
0.1,167,0.5801052056118557,0.47962748543525513,0.5857377272189613,1,0
0.1,168,0.5213133196205714,0.37122051252230903,0.5313136270917128,1,0
0.1,169,0.5492348096382013,0.49466802476796246,0.5554322448421817,1,0
0.1,170,0.5138698204259324,0.4752310047831344,0.524834950727723,1,0
0.1,171,0.5010700048511431,0.40142087970417334,0.5088485566937201,1,0
0.1,172,0.6745875863667895,0.6521758846319571,0.6951127057752461,1,0
0.1,173,0.5728280328482068,0.5058274306643133,0.5895902702479838,1,0
0.1,174,0.3703953897607869,0.29800294802541155,0.3740088764656016,1,0
0.1,175,0.48450484844850894,0.39003434807739273,0.49047035664852967,1,0
0.1,176,0.4389988406928654,0.3030788551581647,0.44363210096856487,1,0
0.1,177,0.5390716681006014,0.4543027237432629,0.5461562289379713,1,0
0.1,178,0.5252052932397405,0.44280793483925496,0.53390545624859,1,0
0.1,179,0.6664520413775361,0.5542590871940464,0.6822820723529738,1,0
0.1,180,0.4782683412828998,0.34079880035767424,0.4820599828682982,1,0
0.1,181,0.5666658534368363,0.4601329424175743,0.5777925999915894,1,0
0.1,182,0.6915579149152394,0.543085689859364,0.6996483092215289,1,0
0.1,183,0.3775077655787731,0.27460553960796963,0.3874433420698324,1,0
0.1,184,0.4577416306975208,0.38931463649805004,0.4650386280159471,1,0
0.1,185,0.568760094134304,0.40553427447086937,0.5798798370790558,1,0
0.1,186,0.5512379133536942,0.38057513747551897,0.5564739073701056,1,0
0.1,187,0.5050373885698478,0.37113187682818827,0.508823009781886,1,0
0.1,188,0.38590205183705584,0.377727271118786,0.3932950425210032,1,0
0.1,189,0.5634548400761439,0.4902748435790876,0.5716678912010275,1,0
0.1,190,0.5662933779893425,0.4515915704672059,0.575684824316285,1,0
0.1,191,0.50236729549731,0.3754948664493128,0.5123209584700855,1,0
0.1,192,0.5558195173414165,0.46590475915024304,0.5662862396763463,1,0
0.1,193,0.5531507139195155,0.47129532784115014,0.5626812588070434,1,0
0.1,194,0.5611237139740168,0.41676065016790587,0.5679927964503176,1,0
0.1,195,0.5657830630781154,0.5213025437599034,0.5761022818536703,1,0
0.1,196,0.4616408021837265,0.318091048216769,0.46642256692071066,1,0
0.1,197,0.43035092902283306,0.33931250835855875,0.43529676168290454,1,0
0.1,198,0.4878292241624989,0.24786710811196205,0.49431830315467484,1,0
0.1,199,0.48459931502657777,0.3626527570034622,0.4945484222901553,1,0
0.1,200,0.506364228841391,0.42836726716194656,0.5158136268854756,1,0
0.1,201,0.5151946755465505,0.46105031307680855,0.5224284081085946,1,0
0.1,202,0.48369440540336445,0.42278650781200794,0.4902840503100218,1,0
0.1,203,0.5703878070200511,0.4449416275738399,0.5807944598572569,1,0
0.1,204,0.33045763101654135,0.30319306642217775,0.3415004677040194,1,0
0.1,205,0.452982911299266,0.40509870761827443,0.4615994094241896,1,0
0.1,206,0.5365322902239897,0.4823796241141203,0.5428472401123642,1,0
0.1,207,0.5660477606531436,0.49327993781617446,0.5776351956930937,1,0
0.1,208,0.5156708361476161,0.4242495128826695,0.5256143898889092,1,0
0.1,209,0.4652310714504755,0.3717485709897645,0.473786959419729,1,0
0.1,210,0.39558959276027694,0.3204401993663278,0.40148035023077183,1,0
0.1,211,0.445900058758974,0.3766964189292084,0.45834878223994835,1,0
0.1,212,0.27887090008197607,0.24051689483323138,0.28291537621922147,1,0
0.1,213,0.44984778548894516,0.3390676701560228,0.45586320575591355,1,0
0.1,214,0.5555445386899827,0.35731863768213185,0.5625633662839258,1,0
0.1,215,0.48202359258481414,0.4490537451204705,0.49310690747553176,1,0
0.1,216,0.5650599963287468,0.4672345566719523,0.571140410602858,1,0
0.1,217,0.5591137462651913,0.4608905116656882,0.575913380074797,1,0
0.1,218,0.4440573092112903,0.38610101187580936,0.44819791634616296,1,0
0.1,219,0.5236474553314802,0.39489859799953686,0.533362696924926,1,0
0.1,220,0.4968909647252553,0.4108262098018015,0.5011155309981442,1,0
0.1,221,0.5754529235752556,0.36788944884874036,0.5848447959847436,1,0
0.1,222,0.5352566075841949,0.43429619616773946,0.5430450957120192,1,0
0.1,223,0.5506062470632885,0.4512918245546338,0.5624591683715836,1,0
0.1,224,0.4683735391220182,0.3822946612338621,0.4757637470604251,1,0
0.1,225,0.428725710736659,0.29695938764419005,0.4324003696081198,1,0
0.1,226,0.40207529036056483,0.30894924311023375,0.4082073262876172,1,0
0.1,227,0.5022438119881578,0.4429319649901999,0.5120888658555302,1,0
0.1,228,0.6147688886491681,0.5203732959729092,0.6259695490778199,1,0
0.1,229,0.5630697663239073,0.48408255166566744,0.5751239188428277,1,0
0.1,230,0.6177362197721745,0.5345198349940807,0.6308046814716697,1,0
0.1,231,0.5382691833038795,0.41360924371415186,0.5459684192662532,1,0
0.1,232,0.5700775251010767,0.5303177331375484,0.5810410493450893,1,0
0.1,233,0.620151098181555,0.5156727848562,0.630591708936852,1,0
0.1,234,0.5425253999914206,0.48887588897197887,0.5487419920445242,1,0
0.1,235,0.4829541263153753,0.3753662415881653,0.49213195503182117,1,0
0.1,236,0.46231291641039995,0.365046535414755,0.47115904589474,1,0
0.1,237,0.5426762734535431,0.4612118509313829,0.5567958641231096,1,0
0.1,238,0.5138502100306801,0.4104068421478472,0.5219757168073169,1,0
0.1,239,0.5110880577691387,0.4157948913428217,0.520705622108283,1,0
0.1,240,0.4998868757418716,0.4157282089410487,0.5054669399339056,1,0
0.1,241,0.49258454446184236,0.4066813908149635,0.49845014442954966,1,0
0.1,242,0.641353021867893,0.5493487158081204,0.6606694308792439,1,0
0.1,243,0.4305472301153518,0.3424590251872067,0.4352745739125461,1,0
0.1,244,0.5401939907178581,0.4496024543558926,0.5531514433738969,1,0
0.1,245,0.5403737743139907,0.44134679868023013,0.549877907020072,1,0
0.1,246,0.6873459088014628,0.6308288930801702,0.7026750677868515,1,0
0.1,247,0.5167648747942284,0.39086670144138114,0.5230935702985196,1,0
0.1,248,0.5353888403130341,0.42960672081359974,0.5439678052930412,1,0
0.1,249,0.5925658934070397,0.45023090900867796,0.6000897588785628,1,0
0.1,250,0.5368935031565857,0.40510850248654484,0.5419583348994365,1,0
0.1,251,0.6840203916818965,0.5830960725470964,0.6970373052487193,1,0
0.1,252,0.5483071852530685,0.4710275661221581,0.5550551490726581,1,0
0.1,253,0.4792542728465489,0.363781013843819,0.48907104160997034,1,0
0.1,254,0.6513449089936019,0.5079784174920658,0.6588990507324333,1,0
0.1,255,0.38351499549837326,0.30747001295458865,0.38788924031334526,1,0
0.1,256,0.4501690477965859,0.340626619413042,0.45702773229341986,1,0
0.1,257,0.4557037618017065,0.4059299893929953,0.46281619354502923,1,0
0.1,258,0.5212315085310946,0.4899694084015777,0.5292441756666469,1,0
0.1,259,0.5373170597723439,0.4581016727549851,0.5469772922471376,1,0
0.1,260,0.4221606079862997,0.29269029875408464,0.428774513033043,1,0
0.1,261,0.5336683466458001,0.4629943070898254,0.5502308189779883,1,0
0.1,262,0.6081050843054455,0.5288047813864682,0.6166176750830498,1,0
0.1,263,0.4910870540893592,0.3738388260009502,0.49770872029921837,1,0
0.1,264,0.5846055103680311,0.49956619772599814,0.6058370656187717,1,0
0.1,265,0.48600184933531876,0.3777291108959159,0.4906363336048325,1,0
0.1,266,0.5415277171751802,0.34226579564208703,0.546908639638819,1,0
0.1,267,0.5074651905226354,0.44887970642580677,0.5174550073540172,1,0
0.1,268,0.4259378473639105,0.34039060141780353,0.43316478555565496,1,0
0.1,269,0.4634537410610858,0.3947563312105734,0.47565515766167543,1,0
0.1,270,0.4418808535568692,0.3571496927680405,0.4480454621626387,1,0
0.1,271,0.548218309391863,0.461072423447429,0.5630020745422641,1,0
0.1,272,0.49837197277489254,0.41883929338449644,0.5068489735707682,1,0
0.1,273,0.5040377191194042,0.43518695365338667,0.5148233340269667,1,0
0.1,274,0.5548840379900194,0.34240710343556063,0.5604123282135911,1,0
0.1,275,0.6015759986734037,0.4320567487536949,0.6127650134955427,1,0
0.1,276,0.610098028847248,0.5117662232733903,0.6195035964554798,1,0
0.1,277,0.49029601998191963,0.46026222740601164,0.5005821965184494,1,0
0.1,278,0.5291714473851544,0.4247751016096729,0.5387587762194768,1,0
0.1,279,0.5053379835672404,0.4023051182949274,0.5135289686163691,1,0
0.1,280,0.40341322261042833,0.2998738243326821,0.41192004210764077,1,0
0.1,281,0.5609166329398874,0.42531901342029405,0.5683901054706232,1,0
0.1,282,0.5217711940826172,0.3612116775941978,0.5343080614664458,1,0
0.1,283,0.37953564525185784,0.2629053759487504,0.3856476396958794,1,0
0.1,284,0.4919026175197918,0.3733635310605934,0.5019897117675577,1,0
0.1,285,0.5619057008209825,0.44849710359877415,0.5729157228179319,1,0
0.1,286,0.3656876967191933,0.2439546968560652,0.3715586931033374,1,0
0.1,287,0.5523082235853168,0.5083539155473269,0.5660186824922242,1,0
0.1,288,0.4280432640166035,0.35403970598383655,0.4306638624474206,1,0
0.1,289,0.5825430678926301,0.4985411515473714,0.5934966688794167,1,0
0.1,290,0.4068589539015771,0.34247405478870735,0.41644344639923897,1,0
0.1,291,0.5271743482352914,0.4526730299897015,0.5346495189332451,1,0
0.1,292,0.6152284986486882,0.5752227311059387,0.6229954800318622,1,0
0.1,293,0.60732759736119,0.5228811954788012,0.6159983439285961,1,0
0.1,294,0.4853927462149118,0.41630547681183755,0.48920998620471917,1,0
0.1,295,0.5365537932452473,0.4992579552035279,0.5538099441568956,1,0
0.1,296,0.5397910216121987,0.44934551140532314,0.5469382777513089,1,0
0.1,297,0.602394192139463,0.5388873703389304,0.6144934435202014,1,0
0.1,298,0.4858461000084115,0.38905468180363767,0.4934287297211752,1,0
0.1,299,0.5007202706979297,0.3843719107534427,0.5099403187660003,1,0
0.2,0,0.7218475215482624,0.4040432970970845,0.731545131931556,1,0
0.2,1,0.8172158913863669,0.3934595297522987,0.8312778528262107,1,0
0.2,2,0.6504124619726179,0.4327950008516989,0.6628934032761111,1,0
0.2,3,0.7067847365178642,0.3826995372323297,0.7185926608314799,1,0
0.2,4,0.7228341906489065,0.4286410203898206,0.733741451907791,1,0
0.2,5,0.698041389739097,0.442992430481387,0.7030377399788397,1,0
0.2,6,0.8203116784281669,0.40320452060901457,0.8324422575354669,1,0
0.2,7,0.8285680944676801,0.42052077828608825,0.8404968686947238,1,0
0.2,8,0.7701076969262761,0.4013963378776314,0.785876054591086,1,0
0.2,9,0.7407018511215027,0.4393440777738036,0.7563030709381701,1,0
0.2,10,0.6495906297442133,0.40749061419275995,0.655207414624072,1,0
0.2,11,0.622395598579713,0.3709235942901665,0.633316616093058,1,0
0.2,12,0.8195486326350362,0.5075902805755084,0.8354348152978887,1,0
0.2,13,0.9383837633013122,0.46141286980028934,0.9446611563124783,1,0
0.2,14,0.9670826256317523,0.4531200401686389,0.9756980389059001,1,0
0.2,15,0.8670513412693247,0.487934572547739,0.8738800059803588,1,0
0.2,16,0.8070978461823818,0.3923759177140756,0.8145913442934032,1,0
0.2,17,0.8843503859781054,0.43968779303980804,0.9016729553906142,1,0
0.2,18,0.7900857336090801,0.40073113240880176,0.8037139121130986,1,0
0.2,19,0.6818940540088756,0.32965466991336745,0.6925374121611648,1,0
0.2,20,0.8183562572679206,0.44596853317892016,0.8360652820097627,1,0
0.2,21,0.8062457181674856,0.4575843021996746,0.8126900130977037,1,0
0.2,22,0.7744722454797842,0.4062872249613499,0.7834699965916824,1,0
0.2,23,0.7214155474328757,0.45631311552345605,0.7341253462712433,1,0
0.2,24,0.7124772395755111,0.36116734597738553,0.7207593306173342,1,0
0.2,25,0.6378454107932249,0.2258178493490655,0.640960804480032,1,0
0.2,26,0.8601831044463403,0.41863044869467797,0.8705005818328536,1,0
0.2,27,0.6666078653319831,0.3027710407465266,0.6781696088417352,1,0
0.2,28,0.8437094132598256,0.30737914394691507,0.8558157101407328,1,0
0.2,29,0.8178528919753963,0.5166504564776815,0.8330395241690438,1,0
0.2,30,0.6216388799818423,0.39255419791735385,0.629930376067538,1,0
0.2,31,0.8253880516264734,0.3884209856271928,0.8372023460661953,1,0
0.2,32,0.6379484484406542,0.35249209362619377,0.6431756425838148,1,0
0.2,33,0.9086835696926072,0.47932325873263226,0.9181200949969593,1,0
0.2,34,0.7949021696144669,0.45347547909267377,0.8105189960620661,1,0
0.2,35,0.6199980671366955,0.3057059768366686,0.6252953597107862,1,0
0.2,36,0.698212499988942,0.42486579570787153,0.705052969564534,1,0
0.2,37,0.7185182354455506,0.34349353537045163,0.7241207297458611,1,0
0.2,38,0.7566092111705122,0.3245908751244399,0.761351016475803,1,0
0.2,39,0.6911734894255471,0.38426103057045113,0.7069984403890834,1,0
0.2,40,0.7817168198606618,0.3630101136675278,0.7905213651305003,1,0
0.2,41,0.6552151258302316,0.3544013162230455,0.6680816973483854,1,0
0.2,42,0.7764181382942623,0.41058863375103255,0.7838086422853546,1,0
0.2,43,0.7857001264486528,0.38987519822005706,0.7935154179250171,1,0
0.2,44,0.7587839009137259,0.3140507091172657,0.7665622378917795,1,0
0.2,45,0.7917284374383465,0.3781377115716232,0.7978963427045903,1,0
0.2,46,0.6523450202417638,0.40547438742342,0.6567882346332198,1,0
0.2,47,0.7495675870236144,0.4714180980153804,0.7588116960146097,1,0
0.2,48,0.8499687466439769,0.44325171670659963,0.8630667468055976,1,0
0.2,49,0.6937993198348998,0.39745316376937617,0.7048666419323354,1,0
0.2,50,0.7157359406881687,0.42178808301398457,0.7300585397394186,1,0
0.2,51,0.7904537833995189,0.4988853498974639,0.7970515474706523,1,0
0.2,52,0.6667882109107112,0.32546361853891415,0.6732410514293851,1,0
0.2,53,0.8442382449830745,0.48803787052200365,0.8593837029207292,1,0
0.2,54,0.7389719001601202,0.4992506887434176,0.7506289609405571,1,0
0.2,55,0.8746839850345053,0.3906387141642475,0.8812542456111475,1,0
0.2,56,0.637723297159044,0.2953384841751165,0.6428486605160479,1,0
0.2,57,0.5836320366346833,0.4075664530949575,0.5917831858646077,1,0
0.2,58,0.6581505896960169,0.4049724483230356,0.6695053002042395,1,0
0.2,59,0.6878734622945158,0.4161200689646273,0.6937121072589116,1,0
0.2,60,0.6558786465043495,0.25882007575162375,0.6649573789142584,1,0
0.2,61,0.6666468541127623,0.45411518269040907,0.6726679481571978,1,0
0.2,62,0.8110842733092295,0.4402028270379784,0.8242063576101176,1,0
0.2,63,0.6503998472949029,0.4093748268117959,0.659912884827314,1,0
0.2,64,0.7630020234272447,0.3537677144411505,0.7697594175652486,1,0
0.2,65,0.6457167230551153,0.43899906419604984,0.656254735853932,1,0
0.2,66,0.8495127207531409,0.5439293181427184,0.8637395168804165,1,0
0.2,67,0.815293068282853,0.40613535121518207,0.8231244266554127,1,0
0.2,68,0.7949923127676234,0.42965050658506904,0.8049604827861075,1,0
0.2,69,0.7082419501553537,0.38722323030075256,0.7167121462003996,1,0
0.2,70,0.7623126740790876,0.2999748506279368,0.7697500985323387,1,0
0.2,71,0.812475745390999,0.4278874375111114,0.8211157628457028,1,0
0.2,72,0.9132490223548255,0.520865720246205,0.928206570869764,1,0
0.2,73,0.7077741125461696,0.40571118284741575,0.7160720545185905,1,0
0.2,74,0.634767180142812,0.31347390536787373,0.6450478731944737,1,0
0.2,75,1.0017339944734198,0.4742528173441454,1.0138510996528813,1,0
0.2,76,0.747717263489903,0.4705558395839925,0.7577437491998824,1,0
0.2,77,0.8843172215611027,0.48149486763236726,0.8938698581807298,1,0
0.2,78,0.6295333165923521,0.3781139605884151,0.6362153530432696,1,0
0.2,79,0.7112202221408561,0.4096069032338165,0.7252848281085286,1,0
0.2,80,0.6879755985119254,0.4167017913274877,0.6998896249171713,1,0
0.2,81,0.7352745392414303,0.42884939162529706,0.7486592001505953,1,0
0.2,82,0.9162719054389402,0.37906439279934334,0.9235156891078018,1,0
0.2,83,0.6345120356627907,0.33354662577400057,0.6436592202531886,1,0
0.2,84,0.7418509161766167,0.465703617865133,0.7558971125921605,1,0
0.2,85,0.814102854090362,0.2743308952330561,0.8214704946648876,1,0
0.2,86,0.7452971877478566,0.41397973598078525,0.7553629204827776,1,0
0.2,87,0.8436429122320765,0.3886663383700983,0.8511821335273371,1,0
0.2,88,0.8182907364217139,0.427036220065775,0.8274387838482266,1,0
0.2,89,0.6035335624816862,0.3535554107537555,0.6148508874036284,1,0
0.2,90,0.6493664596262715,0.367801290948467,0.657161768572672,1,0
0.2,91,0.786664202198458,0.42209061616322807,0.793505000922728,1,0
0.2,92,0.8732171332061716,0.5039938745900687,0.8934419573178655,1,0
0.2,93,0.7960629779205214,0.44573741326315014,0.804323091615938,1,0
0.2,94,0.8489199896068322,0.4214000516129647,0.8691654679132065,1,0
0.2,95,0.7514540929618333,0.483322722078627,0.757144047367333,1,0
0.2,96,0.7360714683899086,0.4794785877429504,0.7477121516493164,1,0
0.2,97,0.9103777824578916,0.3975759526236774,0.9187288722727265,1,0
0.2,98,0.6384942932445551,0.27070424493630163,0.6451542716357312,1,0
0.2,99,0.7657752400710319,0.2931685125644465,0.7778394874587168,1,0
0.2,100,0.9750013423183606,0.3320038496323793,0.9836492768745955,1,0
0.2,101,0.7485174674894726,0.48681643619451015,0.766236094731347,1,0
0.2,102,0.7388204971589689,0.39207932881772517,0.7479323261473918,1,0
0.2,103,0.8233990610150788,0.3902455304765867,0.8379595558420794,1,0
0.2,104,0.9131625145343226,0.4728522259000798,0.9280392060917272,1,0
0.2,105,0.8220384090259364,0.29035190057683274,0.8321962495067322,1,0
0.2,106,0.7682109036139471,0.5037405943427066,0.7839887758529638,1,0
0.2,107,0.581863776385737,0.3961428268690533,0.5913490963095034,1,0
0.2,108,0.5977001014854428,0.32926383568619755,0.6058356188573816,1,0
0.2,109,0.6560102326759224,0.38621429167889665,0.6687967858498322,1,0
0.2,110,0.7108674644778156,0.40946215387090745,0.7280105565869073,1,0
0.2,111,0.7762740350678582,0.30717831444925636,0.7844859142281754,1,0
0.2,112,0.7156842198716021,0.3332112318870416,0.7237078869980436,1,0
0.2,113,0.89082198024857,0.3721038347458994,0.8985305925056316,1,0
0.2,114,0.8572617203810616,0.3715580877018109,0.8641515954449515,1,0
0.2,115,0.9960212052469751,0.4136200680011432,1.0022473985050584,1,0
0.2,116,0.9362532405500191,0.41487179501417776,0.9476364752295593,1,0
0.2,117,0.8196087816897856,0.4796993557989825,0.8351950837288143,1,0
0.2,118,0.7604686232016187,0.44506165973056744,0.7750496264969288,1,0
0.2,119,0.7251789018340311,0.3792475458006909,0.7318727505227791,1,0
0.2,120,0.8018405845861789,0.4174710663516712,0.8119893111075346,1,0
0.2,121,0.7872246998158755,0.6458544431499869,0.8118767905150345,1,0
0.2,122,0.8126116887569059,0.5116477900948674,0.8231577342864832,1,0
0.2,123,0.7924498659663544,0.4201359261495312,0.8020800777936958,1,0
0.2,124,0.8410610923756515,0.45045924683766286,0.8501805061591157,1,0
0.2,125,0.821528345717531,0.32783438018661404,0.8274711178015628,1,0
0.2,126,0.7398984931693667,0.30109945928973597,0.7461555008622544,1,0
0.2,127,0.7767533658536272,0.4025856634385329,0.7885857682796719,1,0
0.2,128,0.875704402789245,0.4666699091932807,0.8888753956026414,1,0
0.2,129,0.8232451082832414,0.5066038884116562,0.8383789744037082,1,0
0.2,130,0.6916198743598407,0.4713802759664436,0.6987405768436834,1,0
0.2,131,0.9670568815131242,0.3745290575499476,0.9741090979845279,1,0
0.2,132,0.778847035586491,0.458556157186471,0.7932600907045703,1,0
0.2,133,0.7760149801017776,0.3743017201839984,0.7896599665464742,1,0
0.2,134,0.7502920095868569,0.34186686960052964,0.7597390489182202,1,0
0.2,135,0.6951416156448587,0.41182812597684904,0.7033345696279736,1,0
0.2,136,0.5858756101593872,0.2662982667781084,0.5894545510489961,1,0
0.2,137,0.8206950220607937,0.48680982628620667,0.8340825972779398,1,0
0.2,138,0.887371930676638,0.32510325975100185,0.894106124282972,1,0
0.2,139,0.8876725809537271,0.5127592551529403,0.901715749275459,1,0
0.2,140,0.8704991634846213,0.3852876635018089,0.8777757496444907,1,0
0.2,141,0.7896771815577287,0.44103505436749374,0.8007565110056134,1,0
0.2,142,0.7160176703221408,0.4624793833870389,0.7266104976784419,1,0
0.2,143,0.8171277761215383,0.46198685343813145,0.8291712013772458,1,0
0.2,144,0.8373488949527002,0.3579531901635383,0.8459854516756767,1,0
0.2,145,0.9177732149397355,0.46172951267746265,0.9296221934343811,1,0
0.2,146,0.89290523972018,0.46128880651239457,0.8977095926748321,1,0
0.2,147,0.7668369957670841,0.5272658418313585,0.7836116238972152,1,0
0.2,148,0.8230540058717289,0.2868434315376473,0.8331984474515228,1,0
0.2,149,0.8596956361403943,0.5147143149446533,0.8656228859449181,1,0
0.2,150,0.8749681270980183,0.4968975462799847,0.8905998920359104,1,0
0.2,151,0.8564791184581992,0.438242907354447,0.868798851307453,1,0
0.2,152,0.6959326442192167,0.29494434434951206,0.7022224542726007,1,0
0.2,153,0.7256631630249814,0.37822872917639855,0.739113222740938,1,0
0.2,154,0.8108477264737154,0.4450151571732909,0.8230944007965052,1,0
0.2,155,0.8080906175425127,0.46040100946918866,0.8173510412527794,1,0
0.2,156,0.6948933904826343,0.42203982296652137,0.7046832239382748,1,0
0.2,157,0.6849247341005491,0.4364054939989642,0.7045201888008734,1,0
0.2,158,0.7209417864779408,0.35830203265027905,0.7297249588084126,1,0
0.2,159,0.8037073110410058,0.4121616410419085,0.8116455021718195,1,0
0.2,160,0.7219103599737582,0.3704951353402543,0.7285274782786364,1,0
0.2,161,0.7653188475954887,0.41208856936317456,0.779369793777052,1,0
0.2,162,0.7552399334940533,0.33152122410167656,0.7610479042556798,1,0
0.2,163,0.9154250675900729,0.3833412689836878,0.926983352518417,1,0
0.2,164,0.8325652988662382,0.4740598789134568,0.8383373617710925,1,0
0.2,165,0.7636011660972785,0.4357521107365746,0.773697919863761,1,0
0.2,166,0.6464468272636238,0.4054795643830163,0.655345969672133,1,0
0.2,167,0.7307821685800566,0.40107063258707804,0.739563674615005,1,0
0.2,168,0.7851521922875825,0.34405033199573176,0.7961428757765318,1,0
0.2,169,0.9632636692595727,0.4092403044476613,0.9704647791632584,1,0
0.2,170,0.7543730989297153,0.4899539008966854,0.7656553716403879,1,0
0.2,171,0.7336404460924745,0.3825163563884281,0.7414972289304904,1,0
0.2,172,0.9214775439780226,0.5707071490620356,0.9378519994416027,1,0
0.2,173,0.7111828320926886,0.47503852507024996,0.7326693559318943,1,0
0.2,174,0.745525078613375,0.3716114426712476,0.7504645218743571,1,0
0.2,175,0.751166657083616,0.3025074922026196,0.7600701378792273,1,0
0.2,176,0.7591920444809324,0.3840258289827326,0.7681242237478098,1,0
0.2,177,0.8250401036629317,0.4459989909677696,0.8332725820103862,1,0
0.2,178,0.8258895313871414,0.44821792310358727,0.8345988461390418,1,0
0.2,179,0.7619186768579415,0.533154473096604,0.7784698001213236,1,0
0.2,180,0.8328630491893704,0.4278187117119828,0.8386580427442869,1,0
0.2,181,0.6716896372338046,0.4445284168744643,0.6828583485319618,1,0
0.2,182,0.9141966942449669,0.5242279108649837,0.9227096985273581,1,0
0.2,183,0.5338664875091754,0.27289130569560355,0.5459978176047847,1,0
0.2,184,0.6546457722880396,0.36685394682607897,0.6622223977252687,1,0
0.2,185,0.7148826060602858,0.40497649781041295,0.7253116613595013,1,0
0.2,186,0.7630406060456613,0.3917580519070609,0.7687815495795772,1,0
0.2,187,0.8890464189245965,0.37919926376267,0.8942069388457056,1,0
0.2,188,0.5282773591257905,0.3418931593071826,0.5348093338638253,1,0
0.2,189,0.7148123314018263,0.494206796150957,0.7235901039397324,1,0
0.2,190,0.7018940058976818,0.4127972711371727,0.7131391513157359,1,0
0.2,191,0.8707155941877418,0.3772891677181164,0.8839220055624007,1,0
0.2,192,0.7566334597281534,0.4434363307761736,0.7677184975896576,1,0
0.2,193,0.7790322748960774,0.4489606704110058,0.7918722502443427,1,0
0.2,194,0.7665580949028048,0.39670091502617894,0.7735299221931422,1,0
0.2,195,0.9655756872684255,0.5673593474731756,0.9828869177497415,1,0
0.2,196,0.6156812585582764,0.2953126088800302,0.6219045227728283,1,0
0.2,197,0.7314711531321476,0.299077816867115,0.7378399555290308,1,0
0.2,198,0.7495120448974489,0.3039072342060512,0.7545540873391752,1,0
0.2,199,0.6487319777472442,0.3637939277996292,0.6600169238258061,1,0
0.2,200,0.7740445771405186,0.4338889309380914,0.7836498547940822,1,0
0.2,201,0.6995214025936268,0.4525500144371192,0.7070894576708597,1,0
0.2,202,0.7774684455615699,0.40031735001851776,0.7852688273902652,1,0
0.2,203,0.8146921632448689,0.4387435491807228,0.8250325075394536,1,0
0.2,204,0.6778951485359689,0.3265522122476342,0.6896406842111958,1,0
0.2,205,0.7363184006014469,0.37654931924760443,0.7456138193121179,1,0
0.2,206,0.8114354501865912,0.43729545660996944,0.8190660766726899,1,0
0.2,207,0.8949185734817244,0.5092102139273484,0.9075322752019905,1,0
0.2,208,0.7885563011745914,0.38803116033813356,0.7998768951934364,1,0
0.2,209,0.7043871736368138,0.34087630801455093,0.7132373771865808,1,0
0.2,210,0.722432185508501,0.32853357338297884,0.7303324055374951,1,0
0.2,211,0.7207210148246949,0.4660253971422698,0.7325508609951153,1,0
0.2,212,0.48895054905610275,0.22679283565074845,0.49298153841718734,1,0
0.2,213,0.6053693956717584,0.31188354853431854,0.618108345432864,1,0
0.2,214,0.8656132620254824,0.33108416280610575,0.871963325253631,1,0
0.2,215,0.7781040991236601,0.41462848891873394,0.7983565669895678,1,0
0.2,216,0.7872559130140095,0.4651147231417825,0.7940938422703377,1,0
0.2,217,0.7483653708747455,0.4439405996981188,0.7703270856908168,1,0
0.2,218,0.6958988735118828,0.38063568677136383,0.701006841379179,1,0
0.2,219,0.8641925927569858,0.4073714053174271,0.8763157458850295,1,0
0.2,220,0.7320409896601346,0.42284938670891237,0.736101147402937,1,0
0.2,221,0.7416362663441629,0.31595839655415,0.7499280428140926,1,0
0.2,222,0.7033472291610549,0.428203043546604,0.7112412884300084,1,0
0.2,223,0.7892906995139657,0.489673402429275,0.8018230750519684,1,0
0.2,224,0.777320141007996,0.45481233734879706,0.7864699437327393,1,0
0.2,225,0.6467783375199302,0.3026630998481633,0.654617122842442,1,0
0.2,226,0.7584567749732847,0.31694125226625314,0.7693199939838867,1,0
0.2,227,0.7765657315548783,0.47553445522647947,0.7889765639331681,1,0
0.2,228,0.8346613434151984,0.5315950613097208,0.8473705358018272,1,0
0.2,229,0.8305125203992244,0.5130754605761497,0.843820596370593,1,0
0.2,230,0.7865205158411738,0.5275573137134558,0.8017091909147397,1,0
0.2,231,0.8951451082196831,0.39813976827682757,0.9023792568429747,1,0
0.2,232,0.847439186615669,0.46584804317708434,0.8618492265441131,1,0
0.2,233,0.7209568277218892,0.49490540707650843,0.7314567746496116,1,0
0.2,234,0.8323791491893019,0.49672748410131057,0.8409808938970204,1,0
0.2,235,0.7344894685786298,0.4116179320153364,0.7461826452825858,1,0
0.2,236,0.7754435346147387,0.3802702519617221,0.8013268206931649,1,0
0.2,237,0.7825994991280832,0.5117615599008376,0.797354702648375,1,0
0.2,238,0.8058463314358261,0.40892969120558015,0.8163344714527043,1,0
0.2,239,0.7037950103129488,0.4184437863307733,0.7135489479640156,1,0
0.2,240,0.7835896023323,0.3735752628524809,0.7905795229047778,1,0
0.2,241,0.6739660390458204,0.4229849924124006,0.6797103926860429,1,0
0.2,242,0.828892618998446,0.5301022839357483,0.8467604227171547,1,0
0.2,243,0.5532459608838272,0.3263787962947883,0.5595736539942555,1,0
0.2,244,0.816912402857818,0.46518019384210524,0.8321785278834393,1,0
0.2,245,0.9122896099972464,0.4907257979102352,0.9212782333836032,1,0
0.2,246,0.8596107405701237,0.5192501406391626,0.8740178429715977,1,0
0.2,247,0.8427384441162117,0.3964699067723413,0.8508331455479978,1,0
0.2,248,0.7474040680609781,0.39670671665981866,0.7586021675729007,1,0
0.2,249,0.8791629966387497,0.4184092996667045,0.8893868227477001,1,0
0.2,250,0.882675161561983,0.3868122390755923,0.888341831793315,1,0
0.2,251,1.0236877306703325,0.6405985458357276,1.0412298249299519,1,0
0.2,252,0.789134596340727,0.5065727106088345,0.7960377977715682,1,0
0.2,253,0.778364069290013,0.4022087393919728,0.7886454472551103,1,0
0.2,254,0.8804052179400671,0.5430223622657292,0.888654581510095,1,0
0.2,255,0.6462219850402336,0.31307272302219225,0.6504136253269449,1,0
0.2,256,0.8026395776518626,0.36248462211859805,0.8105995103665498,1,0
0.2,257,0.6872473787955738,0.41615531940458345,0.7008679310593492,1,0
0.2,258,0.6918408143288045,0.3834158340551366,0.7001260208957496,1,0
0.2,259,0.7748697445405147,0.409837124030859,0.7838590310415086,1,0
0.2,260,0.6674269385682045,0.33774552565395344,0.67519263241855,1,0
0.2,261,0.8683063402269232,0.4454319782400568,0.888202258888758,1,0
0.2,262,0.802581731190693,0.49962606323590425,0.8111514693202266,1,0
0.2,263,0.7162387477245348,0.3110714193159092,0.7253770725943945,1,0
0.2,264,0.7190911655954159,0.5002629585727638,0.7402770877134901,1,0
0.2,265,0.5940786647795658,0.3063386840891837,0.5994420135927604,1,0
0.2,266,0.7071334100917649,0.32722935080227844,0.7142870419563276,1,0
0.2,267,0.7078998227043224,0.4179539692805804,0.7181532584834939,1,0
0.2,268,0.7809832251287084,0.3617265048207405,0.7963829250041775,1,0
0.2,269,0.8335681741351965,0.4390941161778568,0.8463241300277861,1,0
0.2,270,0.556175279638284,0.34906591602156695,0.5624386145603729,1,0
0.2,271,0.8244643347330322,0.4259812987163547,0.8408200262524418,1,0
0.2,272,0.7505194133696581,0.40663298296079275,0.7593905769888799,1,0
0.2,273,0.8772655068862989,0.44719267666721063,0.8913139335569525,1,0
0.2,274,0.9652597289223733,0.36457947383736095,0.9714809860703627,1,0
0.2,275,0.790466613962021,0.37189476930506166,0.8036060312369611,1,0
0.2,276,0.803993534127546,0.5090570004841353,0.8130105125724846,1,0
0.2,277,0.6317638588430616,0.4470800828924644,0.6429811368858498,1,0
0.2,278,0.8447797717694437,0.3883293650638323,0.8604671123048344,1,0
0.2,279,0.8259193650880119,0.399805623564527,0.8337258105712662,1,0
0.2,280,0.7955145652429793,0.3081261428965288,0.8044886547278596,1,0
0.2,281,0.8403321969968197,0.41876669877122313,0.8490364880123868,1,0
0.2,282,0.7314986948640677,0.3625158519676296,0.7439861502117657,1,0
0.2,283,0.771242128903354,0.23809813743762642,0.779863627041661,1,0
0.2,284,0.7020381196446692,0.306221905846584,0.7124212939816034,1,0
0.2,285,0.807508260364394,0.3839821150178763,0.8179354837206305,1,0
0.2,286,0.722543002955882,0.3092806413386958,0.729611698320306,1,0
0.2,287,0.8741704242955858,0.49661526850919135,0.88838076944041,1,0
0.2,288,0.6938544386805073,0.272173438410799,0.695964363102908,1,0
0.2,289,0.8945653860879451,0.49171433881071097,0.9082019747953693,1,0
0.2,290,0.6863572650392304,0.29581171835241926,0.6984846152549093,1,0
0.2,291,0.750287123243638,0.4110277309589241,0.759229175198353,1,0
0.2,292,0.8835275567340024,0.5655988811205896,0.8920335397888149,1,0
0.2,293,0.8908460116143219,0.4711212950058545,0.9004716173165782,1,0
0.2,294,0.7418887117910589,0.33681763133268644,0.7463110368303185,1,0
0.2,295,0.6546649854307528,0.46992031380334637,0.673094460753509,1,0
0.2,296,0.7129008020161999,0.4188493695141521,0.7204529770387916,1,0
0.2,297,0.8556543756575498,0.5098338750140435,0.8681130278544188,1,0
0.2,298,0.7164469909139678,0.3970002835074768,0.7238567225572751,1,0
0.2,299,0.7470084812339968,0.3733108447826829,0.7553298524729856,1,0
0.3,0,1.038447472173454,0.3919105550584672,1.0484938515686282,1,0
0.3,1,1.189167081420397,0.37922126965974623,1.2101856919860428,1,0
0.3,2,1.190538769836587,0.40715479916185654,1.2008592489759784,1,0
0.3,3,1.1268211501662166,0.29043052121991475,1.1407757299984997,1,0
0.3,4,1.230588297846061,0.3315377565981138,1.2495779874764874,1,0
0.3,5,0.9429654095519321,0.37487334036182435,0.9504619755263363,1,0
0.3,6,1.0791089154273623,0.39296335757489037,1.0976849966154294,1,0
0.3,7,1.2766140915580002,0.4036981254805045,1.2883944074863667,1,0
0.3,8,1.3403724895457425,0.42509568236374573,1.3577937623464946,1,0
0.3,9,1.3780337840512968,0.3964500507955707,1.4011189953697838,1,0
0.3,10,1.0093660537419087,0.4029455017564523,1.0189178477314007,1,0
0.3,11,1.2282901893186458,0.42997485630042137,1.246596390119857,1,0
0.3,12,0.9172908982347375,0.48439332532260065,0.933817390672173,1,0
0.3,13,1.259136977812124,0.4182841943163598,1.2676878467067076,1,0
0.3,14,1.2230181773398732,0.4255406106138443,1.231882820549306,1,0
0.3,15,1.214730436885078,0.5030171633986334,1.2321646824622092,1,0
0.3,16,1.1880789678491863,0.3861408227597566,1.197690795030167,1,0
0.3,17,1.1525839193310385,0.40255767183928065,1.1777679012185873,1,0
0.3,18,0.9819096864615579,0.4442944231399799,0.9975132699466487,1,0
0.3,19,1.0675737713413274,0.2988561021526064,1.0817954144639166,1,0
0.3,20,1.2038326252789646,0.43311051068852136,1.2217386758546709,1,0
0.3,21,1.2180745241174173,0.4480153550434231,1.2262945069015831,1,0
0.3,22,1.114712240490096,0.3763112860490708,1.12480345512226,1,0
0.3,23,1.1736477733957813,0.4465447784808756,1.1889501716632989,1,0
0.3,24,1.1443761102309002,0.34256484597388964,1.1608111205550842,1,0
0.3,25,1.20656002125847,0.24525836299075954,1.2175875187370373,1,0
0.3,26,1.1163741402786487,0.4074435748913406,1.128161275725544,1,0
0.3,27,1.3867625685785017,0.257360127332746,1.4121173170358532,1,0
0.3,28,1.3739198373298747,0.3362325906554465,1.3941751413267751,1,0
0.3,29,1.086713740094778,0.5212361664594408,1.103534791455523,1,0
0.3,30,0.8757547498745821,0.33943494937603463,0.890004403244163,1,0
0.3,31,1.358933298120934,0.3864280976177719,1.3729036754213646,1,0
0.3,32,1.0842592760028917,0.41967902680116687,1.0904781353188744,1,0
0.3,33,1.174713064417901,0.4695144682301867,1.1847296028639926,1,0
0.3,34,1.0668260815592132,0.39821998339228143,1.0816097116274823,1,0
0.3,35,1.0879587201253307,0.3840079670069909,1.0964043998052198,1,0
0.3,36,0.9139098182254036,0.37030641944037407,0.9215380370135943,1,0
0.3,37,1.0663020835407908,0.2871075844887863,1.0757949938496003,1,0
0.3,38,1.2533053554328661,0.3348155474975665,1.2586039549101435,1,0
0.3,39,1.2706138185118125,0.38597881828062053,1.2898155641174953,1,0
0.3,40,1.1618102310682494,0.3026442964973025,1.1777633640622032,1,0
0.3,41,0.9793915137899147,0.3682525018554848,1.0007878339110499,1,0
0.3,42,1.163051520282906,0.29795803314435565,1.1736412554580706,1,0
0.3,43,1.2285424177605375,0.30566017501364584,1.2441146375112355,1,0
0.3,44,1.2078564643586454,0.4052371180448168,1.2188129155039014,1,0
0.3,45,1.2676716711723124,0.37863160620336006,1.2772082062205512,1,0
0.3,46,0.8991593009008892,0.3152240230779997,0.9091306384108123,1,0
0.3,47,1.1133705605273814,0.41467612755099537,1.1234184928269841,1,0
0.3,48,1.2041996329881453,0.4267517335282198,1.2170564989915353,1,0
0.3,49,1.1585596231465367,0.3192594962989463,1.1692153125686549,1,0
0.3,50,1.0279923294761222,0.4491338523497625,1.0429770530485358,1,0
0.3,51,1.100023867746217,0.47901204360068633,1.1056273711101146,1,0
0.3,52,1.2248284082666574,0.3184510243406166,1.2353470482974733,1,0
0.3,53,1.1344738713069442,0.5160646967552195,1.1531598964855025,1,0
0.3,54,1.2558318374033288,0.41239855445235474,1.2723197996970563,1,0
0.3,55,1.2561991072752112,0.4331104163495823,1.2669683742548852,1,0
0.3,56,0.9295722339819251,0.26845599005124837,0.9481463082713039,1,0
0.3,57,1.1214801871344235,0.38050300796486275,1.136151480133571,1,0
0.3,58,1.0336382485231146,0.38103476656806834,1.0448742601475536,1,0
0.3,59,1.1370958301431198,0.38380358060548103,1.144536751404044,1,0
0.3,60,1.0321441500325699,0.29677535879535866,1.045208929972338,1,0
0.3,61,0.930783121631866,0.4421699183018647,0.9386797225773935,1,0
0.3,62,1.1098878510893484,0.4314080869744785,1.128375617367735,1,0
0.3,63,0.8651353657152633,0.3941133262247414,0.8758486395817517,1,0
0.3,64,1.2229721289609874,0.3247801471849403,1.230620042305068,1,0
0.3,65,1.18727235479165,0.4129928229649171,1.2024455512214969,1,0
0.3,66,1.2793751149724946,0.5134493273140177,1.2944886653211665,1,0
0.3,67,1.323709377912335,0.3770752060183139,1.3325434912888374,1,0
0.3,68,1.1598549138680454,0.4562777223930533,1.1791824711418664,1,0
0.3,69,1.012895573835347,0.3391731722685436,1.0231979676680696,1,0
0.3,70,1.088272784625654,0.30430281430969636,1.0980146546829452,1,0
0.3,71,1.1096759594772394,0.42568377030479715,1.1183822363494536,1,0
0.3,72,1.058517614905495,0.47540668219668136,1.0735729865389387,1,0
0.3,73,1.2408204790040571,0.3700355243017905,1.2562141721262021,1,0
0.3,74,1.2300446658524868,0.33088080241298673,1.2413845707872373,1,0
0.3,75,1.1966160513640038,0.45386990170770003,1.2113192275855704,1,0
0.3,76,1.0601455333524743,0.48411533715360977,1.0779593178371236,1,0
0.3,77,1.190295763493455,0.46753567843639915,1.2035644772111633,1,0
0.3,78,1.1049993862925358,0.3261854374494639,1.1132472703632743,1,0
0.3,79,1.0159811536503598,0.3966284697227375,1.031819289632922,1,0
0.3,80,1.1094020430864917,0.43689692589853907,1.128217579331508,1,0
0.3,81,1.1841292275255466,0.4351019953003651,1.2037744561263193,1,0
0.3,82,1.186535842227799,0.3547903159864266,1.1945323322624928,1,0
0.3,83,1.0105217958296504,0.30710815755551557,1.0255854912002411,1,0
0.3,84,0.9655584113725802,0.4467436129025257,0.9827986075495972,1,0
0.3,85,1.1526420761290974,0.2704649892216864,1.1645444513491952,1,0
0.3,86,1.0365542696987293,0.40420889250400155,1.0490820397686125,1,0
0.3,87,1.1229047905994152,0.41631044949173407,1.1314690970018169,1,0
0.3,88,1.236190149073087,0.39496388110117403,1.2554068563428202,1,0
0.3,89,1.2782722417411514,0.364414562066989,1.3174286063480978,1,0
0.3,90,1.1115171791183456,0.3582730715505061,1.1228587558979966,1,0
0.3,91,1.2016797899959097,0.43217375732660385,1.2140640176119504,1,0
0.3,92,1.1167397186703558,0.4967214342022885,1.1487159023012918,1,0
0.3,93,1.1009398346322543,0.4268627256049996,1.1110924294792623,1,0
0.3,94,1.071689230166482,0.3976011535518662,1.0906894977817538,1,0
0.3,95,1.0044665927774845,0.48433445450809687,1.01211390006497,1,0
0.3,96,1.0867487738374417,0.46952462367568504,1.096389372376248,1,0
0.3,97,1.3967536041514612,0.43171847723329526,1.4144091649811548,1,0
0.3,98,0.9933980358531053,0.28916776462288546,1.0014397959514791,1,0
0.3,99,1.1750667963277912,0.3092398725420765,1.1943482313431384,1,0
0.3,100,1.0179003021554822,0.2874152755819745,1.0364311267891304,1,0
0.3,101,1.1025740553661945,0.4592823459839545,1.117733072761534,1,0
0.3,102,1.1930227506493762,0.35785533575117323,1.2033183180905473,1,0
0.3,103,1.15437363354812,0.38921528018267676,1.1731516271638176,1,0
0.3,104,1.2724595638654153,0.40525287271103855,1.2803275527359015,1,0
0.3,105,1.049126565448697,0.2934980292832675,1.0603156743609286,1,0
0.3,106,1.176775146821618,0.4173463017367681,1.2172636311803346,1,0
0.3,107,1.1867341433149843,0.35111785358602615,1.197272127994229,1,0
0.3,108,0.8680985567408835,0.28905675286458754,0.8761260734804409,1,0
0.3,109,0.9567401079212802,0.38412852427127553,0.9735674307840808,1,0
0.3,110,1.1323708581085723,0.43323180465222916,1.15132872804653,1,0
0.3,111,1.1363085397089685,0.33660944581219265,1.1459519887559688,1,0
0.3,112,1.2632659988754649,0.32690555832735413,1.277684087160839,1,0
0.3,113,1.2419908494185183,0.4199904051112477,1.2550833299564181,1,0
0.3,114,1.1823238900077664,0.3645595346387224,1.1979579353948406,1,0
0.3,115,1.260187305383191,0.3464411965538498,1.2711964517591128,1,0
0.3,116,1.1881638305264546,0.429620206164411,1.2029814828516625,1,0
0.3,117,1.1765610567732605,0.4061234033453871,1.1968066952776326,1,0
0.3,118,1.2869678894090457,0.4177358283496497,1.3056553573197303,1,0
0.3,119,0.9553738089213853,0.3695088685567817,0.9678539851348064,1,0
0.3,120,0.9987286831135679,0.41365504555486493,1.0082162823814342,1,0
0.3,121,0.9862692733546821,0.6412338043785348,1.0106040211875376,1,0
0.3,122,1.214553433041254,0.456188986656136,1.2263377465101142,1,0
0.3,123,1.0622245348782848,0.4269999523063445,1.0787957478603347,1,0
0.3,124,1.104774909767128,0.4583269374633785,1.1217090156933234,1,0
0.3,125,1.2373588410102283,0.3366812915348071,1.2492150722701147,1,0
0.3,126,1.0158641166390756,0.30119022620341207,1.0254946003626884,1,0
0.3,127,1.27523033036215,0.38022685830333824,1.288964596309769,1,0
0.3,128,1.2803536940667646,0.4645640497018813,1.2977997250014224,1,0
0.3,129,1.1102047515136246,0.5128978526692017,1.1252892806009425,1,0
0.3,130,0.8986250216192243,0.45469161324778956,0.90841612919062,1,0
0.3,131,1.2276728053862331,0.331857705381294,1.235521643712224,1,0
0.3,132,1.1625020017253633,0.4314256633017042,1.183675932746392,1,0
0.3,133,1.1959103243611808,0.3687519493099193,1.211432329326807,1,0
0.3,134,1.3256246283587787,0.38845419168163087,1.3411286265534104,1,0
0.3,135,1.0162332107176044,0.429325278259753,1.0248542204034963,1,0
0.3,136,1.1397540585813013,0.29964480795032356,1.1456586841382337,1,0
0.3,137,1.2598929799770153,0.40285401693233025,1.2755969151047617,1,0
0.3,138,1.3121730359104191,0.3228485738613251,1.327770706022827,1,0
0.3,139,1.0415534932980297,0.3837087612306416,1.0597241461741245,1,0
0.3,140,1.2251364652828314,0.38743253677479905,1.239012827320279,1,0
0.3,141,1.0364066510087995,0.38769714100391955,1.052146235376942,1,0
0.3,142,1.1943097547661492,0.42915018751730055,1.213170174473142,1,0
0.3,143,1.0753573730732118,0.46169543796095697,1.08861747940463,1,0
0.3,144,1.3028224689682877,0.3344838060459938,1.3173104665854807,1,0
0.3,145,1.1827450326710989,0.44723107948589763,1.2013466896161333,1,0
0.3,146,1.281347019704064,0.3935228378565302,1.286432151699308,1,0
0.3,147,1.1273035768117654,0.43854246164715543,1.1419429430037686,1,0
0.3,148,1.1631306595508129,0.2906700052121303,1.173083148437176,1,0
0.3,149,1.224271662237375,0.502353297774135,1.2302933770990647,1,0
0.3,150,1.146773881842752,0.43750849099286887,1.1659422437702582,1,0
0.3,151,1.1576899059402899,0.412960880642981,1.1763447860085678,1,0
0.3,152,1.0934577176818658,0.2876344756018569,1.1034833654441973,1,0
0.3,153,0.9113478154291144,0.386603261405556,0.9263237722369996,1,0
0.3,154,1.0623701606248275,0.41974390178704835,1.0751758430441598,1,0
0.3,155,1.1077033622742551,0.44241440191525383,1.1203020717405041,1,0
0.3,156,1.1754186670867195,0.37810699300148387,1.1866775230731144,1,0
0.3,157,1.2547652464347048,0.4328555148563391,1.2836287400664927,1,0
0.3,158,0.9981596300431665,0.35572260934883154,1.0078857885295132,1,0
0.3,159,1.228263792992974,0.33999126480588376,1.2410344221000142,1,0
0.3,160,1.0062933079952465,0.3641879019411849,1.0140511059610129,1,0
0.3,161,1.1597918546385753,0.4002875875228181,1.1754802561149706,1,0
0.3,162,1.1774028543517439,0.2548270798974399,1.1918585366114636,1,0
0.3,163,1.2241844641081596,0.3794670606264169,1.2364507350100093,1,0
0.3,164,1.1523289024207688,0.4792119869670797,1.1586330276028454,1,0
0.3,165,1.0001615296482091,0.41228108906012517,1.011458824787188,1,0
0.3,166,1.241346390297211,0.4215336485236741,1.2562639607523929,1,0
0.3,167,1.2321612502799375,0.3589551647321919,1.243420123420653,1,0
0.3,168,0.9494828922421066,0.3424504844205217,0.962754204532145,1,0
0.3,169,1.1395673864658051,0.357116111021362,1.1466179651983492,1,0
0.3,170,1.284592428094584,0.43769247162141256,1.304957128543212,1,0
0.3,171,0.9617129289255848,0.34830948771478976,0.9731150517433089,1,0
0.3,172,1.2597841005266945,0.6007197110540485,1.2834277954818658,1,0
0.3,173,1.1346116379393354,0.430059466796083,1.1694984366396806,1,0
0.3,174,1.4089681736824133,0.2968328398771716,1.4156035479754259,1,0
0.3,175,0.9997649718682012,0.31082439433866116,1.008619636122493,1,0
0.3,176,0.9853211349508867,0.36070947458178904,0.9945785432428158,1,0
0.3,177,1.039294424508,0.42343061368849544,1.0501854360143144,1,0
0.3,178,0.9760821405442651,0.4423897210327464,0.9878164022685109,1,0
0.3,179,1.1791908852735127,0.5547773337968347,1.1986351189951792,1,0
0.3,180,1.2006068426681078,0.43314783801666806,1.207250738378267,1,0
0.3,181,1.2056883932238978,0.40281113800047524,1.2248958316618888,1,0
0.3,182,1.4800828658150567,0.4725483294607927,1.4911561581067265,1,0
0.3,183,0.8611081583599248,0.31308321343141327,0.8754857714991843,1,0
0.3,184,1.2040959208414017,0.3358317155891564,1.2171527195552783,1,0
0.3,185,0.8663759411505885,0.40570026058284814,0.8778236129832319,1,0
0.3,186,1.2586995144628756,0.3505641970841275,1.266780542042941,1,0
0.3,187,1.2034248541817638,0.3165083686967646,1.2091674113404622,1,0
0.3,188,1.1217024425338995,0.3229544100281033,1.1309056209670967,1,0
0.3,189,1.1797747584518208,0.4809727173609185,1.1884011849253167,1,0
0.3,190,0.9546300648533251,0.3908675127465521,0.9686757701023286,1,0
0.3,191,1.1876491384531882,0.34222934814196043,1.2043769033722374,1,0
0.3,192,0.8224799104447067,0.44568022318868256,0.8337989870190976,1,0
0.3,193,1.0185999518835203,0.42676437941970385,1.0327960529839355,1,0
0.3,194,1.1829876363101801,0.40066215072674954,1.190111350534788,1,0
0.3,195,1.156450688054431,0.5458487363917213,1.172627246378735,1,0
0.3,196,0.8284104342855955,0.3052365391167234,0.8334875028804076,1,0
0.3,197,1.350641691800739,0.30221512271843837,1.3590117691506958,1,0
0.3,198,1.178099729731991,0.34852315060005273,1.1882424430685965,1,0
0.3,199,1.0731470616241985,0.3647353431575609,1.08381379055769,1,0
0.3,200,1.3909110355026881,0.4010978182628907,1.4019818363010397,1,0
0.3,201,1.1711888783681663,0.4572113153613225,1.1819238457679568,1,0
0.3,202,1.1919009506622091,0.3218868921834425,1.2004795348120123,1,0
0.3,203,1.056664510463144,0.42622271544780843,1.0851075089399003,1,0
0.3,204,1.1648267412686302,0.31309514247278036,1.1748946418873456,1,0
0.3,205,0.9331677132608454,0.36653088964434666,0.9462919370708573,1,0
0.3,206,1.0654809235589453,0.4191851753058149,1.0800550600468577,1,0
0.3,207,1.0634118871497138,0.5029519370301684,1.0758606703429374,1,0
0.3,208,1.1598044266694376,0.341004465821354,1.1713050568280337,1,0
0.3,209,1.3774553561167646,0.3059641076844702,1.3964913057816797,1,0
0.3,210,1.102067456291395,0.3048857061947838,1.1112923688492364,1,0
0.3,211,1.1190511175835185,0.4523712845159359,1.139949983792038,1,0
0.3,212,0.8723542696356188,0.23451881537565147,0.8761675297294744,1,0
0.3,213,0.9294689570376021,0.2569460156292542,0.9545212199861159,1,0
0.3,214,1.1610793912877775,0.30291293208938036,1.1677480138458662,1,0
0.3,215,1.0561814144640338,0.3668094971316769,1.0748165973910404,1,0
0.3,216,1.1186240984646654,0.41758391972302533,1.1279522589863507,1,0
0.3,217,1.025483560123351,0.44291053880654835,1.044063038914168,1,0
0.3,218,1.3119522262599785,0.3341548332561758,1.3210851090849622,1,0
0.3,219,1.0832751966281877,0.43717751018521017,1.0947275511648495,1,0
0.3,220,1.2589501175061732,0.3582189656615167,1.2658613490931228,1,0
0.3,221,0.9377119478977567,0.2862015596146142,0.9480958302125787,1,0
0.3,222,1.127011662670449,0.345317480314446,1.1369189135531566,1,0
0.3,223,1.3002887016316207,0.38150788123858737,1.3154525954789276,1,0
0.3,224,1.059483995574025,0.39483523320247577,1.069326147684462,1,0
0.3,225,1.2445931583232246,0.33283294126024215,1.2581097140986883,1,0
0.3,226,1.3339206610513923,0.2767914705349798,1.35835743066097,1,0
0.3,227,1.117090063629005,0.4491069782125538,1.1399735321532725,1,0
0.3,228,1.1720562126118914,0.4816587663397101,1.1833360971164966,1,0
0.3,229,1.0360379879103372,0.5315589464907383,1.0499237389316043,1,0
0.3,230,1.1433301300309766,0.5357634384667401,1.1615990604435107,1,0
0.3,231,1.2168503117850242,0.3829310358592956,1.2273199189685968,1,0
0.3,232,1.2057723460475258,0.4379694383247366,1.2275457639629523,1,0
0.3,233,1.2114179434358339,0.4111550794224607,1.2237297711550374,1,0
0.3,234,1.2352047716784855,0.5042608108230765,1.2478992396121473,1,0
0.3,235,1.2366834077375892,0.4091948238834687,1.2481610328420618,1,0
0.3,236,1.1107882048584936,0.36568611365376247,1.1396219116420843,1,0
0.3,237,1.2691504844720214,0.5319144886280464,1.288072938649412,1,0
0.3,238,1.118260512422912,0.37828928365604314,1.1334666844744516,1,0
0.3,239,1.056258928770907,0.4312608422851497,1.066131322380534,1,0
0.3,240,1.0461922839022777,0.3595213201909989,1.0586282840500385,1,0
0.3,241,0.9774268416461602,0.40655901115286663,0.9846882043520027,1,0
0.3,242,1.1277137390981824,0.48726677955531006,1.1488797441913188,1,0
0.3,243,1.4130807739730686,0.3485138130755206,1.430159165056143,1,0
0.3,244,1.006331399025313,0.4521707987913169,1.0274337406755767,1,0
0.3,245,1.2702430048295317,0.4599711978009494,1.2837987750948672,1,0
0.3,246,1.2469242363365671,0.5004514781554009,1.26330544829438,1,0
0.3,247,1.2282450343577216,0.3997132360060669,1.2358726865404535,1,0
0.3,248,1.03177199406287,0.39396041118642805,1.0414612357760407,1,0
0.3,249,1.2323182570384552,0.3115436729471279,1.2470597130845138,1,0
0.3,250,0.9882611886214029,0.34228882544787026,1.0034668303791399,1,0
0.3,251,1.1318465916036136,0.6396839718197881,1.150376050180235,1,0
0.3,252,1.2780770661567997,0.32689891686878736,1.3015080507267407,1,0
0.3,253,1.213127385470361,0.4050291121532859,1.2293399861350744,1,0
0.3,254,1.2519588350232727,0.5015313658931847,1.264410241933689,1,0
0.3,255,1.2127929884689221,0.31922460108341755,1.2202001638191196,1,0
0.3,256,0.9387632637346166,0.3363127913739114,0.951714187288423,1,0
0.3,257,1.3693051463120556,0.3572985464220044,1.3945615444124813,1,0
0.3,258,1.0521082917447404,0.3659218843787868,1.0659624322228383,1,0
0.3,259,1.0490488111002008,0.4210916744315599,1.0583508499930883,1,0
0.3,260,1.0794965903577418,0.3627657409818829,1.0876982740487653,1,0
0.3,261,1.2603076947918155,0.4113002841787286,1.2898101699858695,1,0
0.3,262,1.2654042082820807,0.46503947713249805,1.2762490047175685,1,0
0.3,263,1.1583636852714458,0.3096703130481436,1.1708288212620648,1,0
0.3,264,1.2041039233682604,0.4516586152365199,1.2293227407545593,1,0
0.3,265,1.104833421264311,0.3243214500193561,1.1137866765326785,1,0
0.3,266,1.1816803851053228,0.3080055681137571,1.1905522814716147,1,0
0.3,267,1.1561224411673454,0.3411269165432365,1.165682699081248,1,0
0.3,268,1.0282703388230487,0.3620219099862431,1.043479237849489,1,0
0.3,269,1.3754902245507852,0.40964746418320497,1.3987057700264567,1,0
0.3,270,1.171363050089784,0.4006030914706164,1.1865917575777862,1,0
0.3,271,1.2408340870649028,0.4371504420890617,1.257157134118952,1,0
0.3,272,0.8966170720053142,0.40765893784783525,0.9088784773656389,1,0
0.3,273,1.213206783568229,0.42671539000925296,1.2304578060226268,1,0
0.3,274,1.3329730042266021,0.3821390966334862,1.3396518008259113,1,0
0.3,275,1.06406380705471,0.34491093320548105,1.0856402188704213,1,0
0.3,276,1.3185351743898948,0.49760461621575536,1.3297479984645857,1,0
0.3,277,1.0355571595164625,0.5333301131275356,1.0597306201391874,1,0
0.3,278,1.1613272079551993,0.3302023608098706,1.181624569067146,1,0
0.3,279,1.07546631357473,0.38042801230976825,1.0880268950851308,1,0
0.3,280,1.1746336444059555,0.3554144737878549,1.184080954991443,1,0
0.3,281,1.2544383275610647,0.31129008066907304,1.2682266000226388,1,0
0.3,282,1.0203406241085264,0.35202584058873754,1.0362558213398958,1,0
0.3,283,1.1601777262791997,0.2801873952520807,1.1723114234568506,1,0
0.3,284,1.067635913176703,0.2533287565993747,1.0804299837485845,1,0
0.3,285,1.0661125664938067,0.4305808390669818,1.0799522186572879,1,0
0.3,286,1.2720952691302825,0.308695572865512,1.280567686614685,1,0
0.3,287,1.1020546895530767,0.48631387160594086,1.1210935573030942,1,0
0.3,288,1.1684738816611693,0.22293754330285556,1.1720049650618647,1,0
0.3,289,1.0092079794300595,0.4597365205571441,1.024633514675677,1,0
0.3,290,0.8175166521840261,0.2940981920428953,0.8310607763858499,1,0
0.3,291,1.1417002616976422,0.3776811221882604,1.1630907068598066,1,0
0.3,292,1.1789619516780516,0.4364831374948521,1.189321943387768,1,0
0.3,293,1.1300441447216536,0.447251150318281,1.1431142203854756,1,0
0.3,294,1.170456545580224,0.3338087365177279,1.178375735602862,1,0
0.3,295,0.9194545383013843,0.4549237744760808,0.9387190436767876,1,0
0.3,296,1.1247633066964244,0.36240625385520525,1.138765901192519,1,0
0.3,297,1.216549825176646,0.46043437840570456,1.235187063726469,1,0
0.3,298,1.068225947717734,0.38311002948901246,1.0753770127619657,1,0
0.3,299,1.0958893462892525,0.3228687217548737,1.109518542073,1,0
