game,eta,V_naive,V_wrapper,rel_gap
0,0.0,3.3247771783650837,3.3247771783650837,0.0
0,0.1,3.3247771783650837,3.286648015604209,0.011468185897545162
0,0.2,3.3247771783650837,3.1183467445504123,0.062088501778664276
0,0.3,3.3247771783650837,2.8255801247137065,0.1501445139691155
1,0.0,3.2200255843065846,3.2200255843065846,0.0
1,0.1,3.2200255843065846,3.1717336637529145,0.014997371689850122
1,0.2,3.2200255843065846,2.992536781600433,0.07064813514035846
1,0.3,3.2200255843065846,2.5149241531125015,0.2189738598387407
2,0.0,3.337730283065968,3.337730283065968,0.0
2,0.1,3.337730283065968,3.288106509815469,0.014867520448670974
2,0.2,3.337730283065968,3.1043804278419267,0.06991273571086111
2,0.3,3.337730283065968,2.832688798723078,0.15131285075786796
3,0.0,3.1930175909961003,3.1930175909961003,0.0
3,0.1,3.1930175909961003,3.1248168317277303,0.021359343412115248
3,0.2,3.1930175909961003,2.9070203598840787,0.08956957576085
3,0.3,3.1930175909961003,2.780940726763802,0.12905561975770077
4,0.0,3.284550336792157,3.284550336792157,0.0
4,0.1,3.284550336792157,3.1924385969331164,0.028043942210049175
4,0.2,3.284550336792157,3.054283002296095,0.07010619744401464
4,0.3,3.284550336792157,2.8008302004999575,0.14727134205449616
5,0.0,3.2932764312472678,3.2932764312472678,0.0
5,0.1,3.2932764312472678,3.2341438302354684,0.017955553452112874
5,0.2,3.2932764312472678,3.129730822551509,0.049660455798470095
5,0.3,3.2932764312472678,2.844276895039588,0.13633824716660398
6,0.0,3.4513066586336008,3.4513066586336008,0.0
6,0.1,3.4513066586336008,3.409609611254227,0.012081524909699132
6,0.2,3.4513066586336008,3.1971672292695765,0.0736357137823865
6,0.3,3.4513066586336008,2.9586197884104823,0.14275372165144642
7,0.0,3.332484364340816,3.332484364340816,0.0
7,0.1,3.332484364340816,3.3014841955108696,0.009302419886004833
7,0.2,3.332484364340816,3.1677084331373897,0.04944537262264836
7,0.3,3.332484364340816,2.916600892671812,0.12479682605396755
8,0.0,3.2154071267072486,3.2154071267072486,0.0
8,0.1,3.2154071267072486,3.2140078505120107,0.00043517854494391756
8,0.2,3.2154071267072486,2.857683560666941,0.11125296170360327
8,0.3,3.2154071267072486,2.627129451795875,0.18295589066845355
9,0.0,3.0599470597578664,3.0599470597578664,0.0
9,0.1,3.0599470597578664,2.990976966868416,0.022539635987156102
9,0.2,3.0599470597578664,2.7690615779998775,0.09506225956926993
9,0.3,3.0599470597578664,2.508292456659722,0.18028240101693602
10,0.0,3.180431412673811,3.180431412673811,0.0
10,0.1,3.180431412673811,3.0935735520872716,0.027310087623052197
10,0.2,3.180431412673811,2.836844430662983,0.1080315646907601
10,0.3,3.180431412673811,2.4682731998636087,0.22391874566084957
11,0.0,3.2752553011306396,3.2752553011306396,0.0
11,0.1,3.2752553011306396,3.1748876560576904,0.030644220317010817
11,0.2,3.2752553011306396,2.94059531010776,0.10217829150758857
11,0.3,3.2752553011306396,2.8399566022472804,0.13290527263636087
12,0.0,3.2620423103948433,3.2620423103948433,0.0
12,0.1,3.2620423103948433,3.1945160046343593,0.020700622283347972
12,0.2,3.2620423103948433,3.0537495855692773,0.06385347121279379
12,0.3,3.2620423103948433,2.8111017720079143,0.13823871530167478
13,0.0,3.4265552063910403,3.4265552063910403,0.0
13,0.1,3.4265552063910403,3.4002613947075213,0.007673540944795961
13,0.2,3.4265552063910403,3.150290509588517,0.08062461570927656
13,0.3,3.4265552063910403,2.715541593741195,0.2075009943269547
14,0.0,3.1351571957410824,3.1351571957410824,0.0
14,0.1,3.1351571957410824,3.055785106814595,0.025316781247521684
14,0.2,3.1351571957410824,2.9138545955616384,0.0705874016172084
14,0.3,3.1351571957410824,2.709100792387462,0.13589634478184864
15,0.0,3.4574053078021816,3.4574053078021816,0.0
15,0.1,3.4574053078021816,3.4413604364372206,0.004640726189698531
15,0.2,3.4574053078021816,3.115546360127816,0.09887731322793696
15,0.3,3.4574053078021816,2.8555840220038737,0.17406732275968215
16,0.0,3.3589188963608,3.3589188963608,0.0
16,0.1,3.3589188963608,3.295366303942935,0.018920549843522615
16,0.2,3.3589188963608,3.065843300698929,0.08725295388708221
16,0.3,3.3589188963608,2.498666195837185,0.25610999455793354
17,0.0,2.973018305579121,2.973018305579121,0.0
17,0.1,2.973018305579121,2.9496794164447984,0.007850233913015212
17,0.2,2.973018305579121,2.777756775822506,0.06567787669672677
17,0.3,2.973018305579121,2.3734757271760927,0.20166124677950165
18,0.0,3.210558145001519,3.210558145001519,0.0
18,0.1,3.210558145001519,3.202719928328596,0.002441387545864887
18,0.2,3.210558145001519,3.146544057873754,0.019938616345413152
18,0.3,3.210558145001519,2.7085565760392125,0.15635959423052573
19,0.0,3.362008065135933,3.362008065135933,0.0
19,0.1,3.362008065135933,3.2865542406221677,0.022443082535636753
19,0.2,3.362008065135933,3.0759168580271803,0.08509533632308228
19,0.3,3.362008065135933,2.654839236288237,0.21034120529653236
20,0.0,3.25891315825111,3.25891315825111,0.0
20,0.1,3.25891315825111,3.2220386451813012,0.011314972589905587
20,0.2,3.25891315825111,3.082366157100468,0.054173582579049785
20,0.3,3.25891315825111,2.7840322302173885,0.145717576636147
21,0.0,3.3687248095377496,3.3687248095377496,0.0
21,0.1,3.3687248095377496,3.260734393373702,0.03205676397972359
21,0.2,3.3687248095377496,3.1309999825567623,0.07056819430229425
21,0.3,3.3687248095377496,2.682609014730727,0.20367225980014014
22,0.0,3.433264591556259,3.433264591556259,0.0
22,0.1,3.433264591556259,3.376414813668457,0.016558519262121308
22,0.2,3.433264591556259,3.309533407113191,0.03603893061762039
22,0.3,3.433264591556259,2.9582367411356096,0.1383603965306281
23,0.0,3.1089517797659565,3.1089517797659565,0.0
23,0.1,3.1089517797659565,3.0918882718105984,0.005488508397243167
23,0.2,3.1089517797659565,2.8502814116284876,0.0832017948099986
23,0.3,3.1089517797659565,2.591641962447571,0.16639364448133548
24,0.0,3.1075177043590116,3.1075177043590116,0.0
24,0.1,3.1075177043590116,3.0715587220365754,0.011571609796598688
24,0.2,3.1075177043590116,2.7593153430008175,0.11205160979701202
24,0.3,3.1075177043590116,2.6501405274475,0.14718409363291818
25,0.0,3.1021000754589263,3.1021000754589263,0.0
25,0.1,3.1021000754589263,3.057445046666789,0.014395096125690222
25,0.2,3.1021000754589263,2.779279157025063,0.10406528173725656
25,0.3,3.1021000754589263,2.564350876370909,0.17335004862314524
26,0.0,3.3585757404026464,3.3585757404026464,0.0
26,0.1,3.3585757404026464,3.2988682039368333,0.017777635838242947
26,0.2,3.3585757404026464,3.2000013108354235,0.04721478441364471
26,0.3,3.3585757404026464,2.9412349372706075,0.1242612450233873
27,0.0,3.2574313756706603,3.2574313756706603,0.0
27,0.1,3.2574313756706603,3.189743227799683,0.02077960823848869
27,0.2,3.2574313756706603,2.9438079162499093,0.09627937572741677
27,0.3,3.2574313756706603,2.6011649586653243,0.20146745736700358
28,0.0,3.2207786810471966,3.2207786810471966,0.0
28,0.1,3.2207786810471966,3.1817675546990802,0.012112327545374836
28,0.2,3.2207786810471966,2.9802127480123373,0.07469185460515727
28,0.3,3.2207786810471966,2.867099250552816,0.1098117770295146
29,0.0,3.3098461244430064,3.3098461244430064,0.0
29,0.1,3.3098461244430064,3.235034120800954,0.022602864546169596
29,0.2,3.3098461244430064,3.1600374320390343,0.04526152779501825
29,0.3,3.3098461244430064,2.7100444197937192,0.1812173986091292
30,0.0,3.2949836921010176,3.2949836921010176,0.0
30,0.1,3.2949836921010176,3.1988943029182395,0.029162326169919588
30,0.2,3.2949836921010176,3.181507913601773,0.03443894995196428
30,0.3,3.2949836921010176,2.9851952439678566,0.09401820372640718
31,0.0,3.3196454068650314,3.3196454068650314,0.0
31,0.1,3.3196454068650314,3.2315382216654065,0.026541143518183593
31,0.2,3.3196454068650314,3.041558639388858,0.08377002158643795
31,0.3,3.3196454068650314,2.7516393293160277,0.17110444272248532
32,0.0,3.2614707312456415,3.2614707312456415,0.0
32,0.1,3.2614707312456415,3.192321344716426,0.021201903130862614
32,0.2,3.2614707312456415,3.0742124850399875,0.05741527721045035
32,0.3,3.2614707312456415,2.8170679107326513,0.13625841131096172
33,0.0,3.2249301137584188,3.2249301137584188,0.0
33,0.1,3.2249301137584188,3.154692083122235,0.021779706268594653
33,0.2,3.2249301137584188,3.075677237502007,0.046280964531100297
33,0.3,3.2249301137584188,2.582599699243777,0.1991765376790991
34,0.0,3.211283682983504,3.211283682983504,0.0
34,0.1,3.211283682983504,3.1584373086608686,0.016456463994822437
34,0.2,3.211283682983504,2.9728256191502376,0.07425630598211927
34,0.3,3.211283682983504,2.811548484424367,0.12447832016612029
35,0.0,3.2086480489386546,3.2086480489386546,0.0
35,0.1,3.2086480489386546,3.1444866279830355,0.019996403456230064
35,0.2,3.2086480489386546,3.086240268465274,0.038149332232221854
35,0.3,3.2086480489386546,2.8151942413819873,0.12262292449438003
36,0.0,3.238478553931508,3.238478553931508,0.0
36,0.1,3.238478553931508,3.204316457624228,0.010548810414464111
36,0.2,3.238478553931508,3.1149875199968062,0.038132422938744304
36,0.3,3.238478553931508,2.9479797423234597,0.08970224958435524
37,0.0,3.2031840879047864,3.2031840879047864,0.0
37,0.1,3.2031840879047864,3.149861363746342,0.016646787283673165
37,0.2,3.2031840879047864,2.7884562666589976,0.129473614295952
37,0.3,3.2031840879047864,2.415381616489842,0.24594355165029097
38,0.0,3.13875285019088,3.13875285019088,0.0
38,0.1,3.13875285019088,3.0230106337800087,0.03687522461889839
38,0.2,3.13875285019088,2.8392851701208635,0.09540976759492073
38,0.3,3.13875285019088,2.686538662912591,0.14407448076286528
39,0.0,3.3015008941646333,3.3015008941646333,0.0
39,0.1,3.3015008941646333,3.2093361640482954,0.02791600942811256
39,0.2,3.3015008941646333,3.1257306091612693,0.05323950850984064
39,0.3,3.3015008941646333,2.730304315768122,0.17301118386279515
40,0.0,3.1461885700605343,3.1461885700605343,0.0
40,0.1,3.1461885700605343,3.1003522990017562,0.01456882511124479
40,0.2,3.1461885700605343,2.8349666365988613,0.09892030513503666
40,0.3,3.1461885700605343,2.3996545700744023,0.23728202652979768
41,0.0,3.331900765292105,3.331900765292105,0.0
41,0.1,3.331900765292105,3.185328349076556,0.04399063072297369
41,0.2,3.331900765292105,2.9203746100934755,0.12351092786493606
41,0.3,3.331900765292105,2.7817932356600474,0.16510321531701644
42,0.0,3.252823334170556,3.252823334170556,0.0
42,0.1,3.252823334170556,3.126360680703226,0.03887781180735389
42,0.2,3.252823334170556,2.9470586487919213,0.09399978230376364
42,0.3,3.252823334170556,2.7416903704652227,0.1571351749044597
43,0.0,3.200878189559516,3.200878189559516,0.0
43,0.1,3.200878189559516,3.095431460459329,0.03294306212938233
43,0.2,3.200878189559516,2.9197351944117904,0.08783308155146682
43,0.3,3.200878189559516,2.5498255573743727,0.20339812808413643
44,0.0,3.355521019544893,3.355521019544893,0.0
44,0.1,3.355521019544893,3.2566336165187364,0.02947005917134692
44,0.2,3.355521019544893,2.996473966371606,0.10700187868737668
44,0.3,3.355521019544893,2.790667740636461,0.16833549110555324
45,0.0,3.1005192088280227,3.1005192088280227,0.0
45,0.1,3.1005192088280227,3.04530346012414,0.01780854913875703
45,0.2,3.1005192088280227,2.951212599557829,0.04815535694696605
45,0.3,3.1005192088280227,2.530521828963279,0.18383933183125148
46,0.0,3.0749936550995036,3.0749936550995036,0.0
46,0.1,3.0749936550995036,3.0290575704697953,0.01493859492639613
46,0.2,3.0749936550995036,2.700668554503409,0.12173199117129561
46,0.3,3.0749936550995036,2.3767407958596203,0.22707456903361123
47,0.0,3.3375554111412336,3.3375554111412336,0.0
47,0.1,3.3375554111412336,3.1919315759544995,0.043631885378438706
47,0.2,3.3375554111412336,3.011443388601133,0.09770984516205561
47,0.3,3.3375554111412336,2.7804009116154265,0.16693490615886447
48,0.0,3.2669667752704243,3.2669667752704243,0.0
48,0.1,3.2669667752704243,3.2229485068080326,0.0134737423049778
48,0.2,3.2669667752704243,2.9871220250800556,0.08565889075549155
48,0.3,3.2669667752704243,2.715093255473063,0.16892535418660765
49,0.0,3.2129227315951705,3.2129227315951705,0.0
49,0.1,3.2129227315951705,3.1833435117083626,0.009206327804502134
49,0.2,3.2129227315951705,2.982785616890466,0.07162858675994864
49,0.3,3.2129227315951705,2.675084248418375,0.16739851155473248
50,0.0,3.1794568284797275,3.1794568284797275,0.0
50,0.1,3.1794568284797275,3.150163076991607,0.00921344527043449
50,0.2,3.1794568284797275,2.944971330365036,0.07375017516846163
50,0.3,3.1794568284797275,2.5489636476929776,0.1983021675088827
51,0.0,3.175459698273455,3.175459698273455,0.0
51,0.1,3.175459698273455,3.116925408381879,0.01843332790681254
51,0.2,3.175459698273455,3.0178619153832202,0.04962991119877642
51,0.3,3.175459698273455,2.838288160953104,0.10618038622801473
52,0.0,3.3698288105990857,3.3698288105990857,0.0
52,0.1,3.3698288105990857,3.35680921983611,0.0038635763093252127
52,0.2,3.3698288105990857,3.202325138935063,0.049706878606850365
52,0.3,3.3698288105990857,3.0061151679720792,0.1079323796434672
53,0.0,3.359069648645302,3.359069648645302,0.0
53,0.1,3.359069648645302,3.316574276163848,0.012650935203425018
53,0.2,3.359069648645302,2.998163910188549,0.10744217182125498
53,0.3,3.359069648645302,2.7223351838871914,0.18955679136493825
54,0.0,3.131867130823997,3.131867130823997,0.0
54,0.1,3.131867130823997,3.057035557867216,0.02389359759115942
54,0.2,3.131867130823997,2.795158145475046,0.10751062263387018
54,0.3,3.131867130823997,2.4859498832785807,0.20624030980817334
55,0.0,3.2359025481486787,3.2359025481486787,0.0
55,0.1,3.2359025481486787,3.2406930556103255,0.0014804238968528555
55,0.2,3.2359025481486787,2.9211369464865387,0.09727289276525047
55,0.3,3.2359025481486787,2.8976355311444175,0.10453560076871121
56,0.0,3.250624445236597,3.250624445236597,0.0
56,0.1,3.250624445236597,3.2045952576372136,0.014160106269019678
56,0.2,3.250624445236597,3.0983249530777757,0.04685238011273367
56,0.3,3.250624445236597,2.62255199820756,0.19321593663524764
57,0.0,3.22755592153178,3.22755592153178,0.0
57,0.1,3.22755592153178,3.2172731525452853,0.003185930541035686
57,0.2,3.22755592153178,2.9422900978453472,0.08838447126352583
57,0.3,3.22755592153178,2.7800321514930517,0.13865716993919003
58,0.0,3.3540769260237138,3.3540769260237138,0.0
58,0.1,3.3540769260237138,3.3066970242860445,0.014126062928351637
58,0.2,3.3540769260237138,3.0540408568400403,0.08945414065082716
58,0.3,3.3540769260237138,2.730627829598991,0.18587799564214197
59,0.0,3.2826511750759275,3.2826511750759275,0.0
59,0.1,3.2826511750759275,3.234796120710376,0.014578172275604737
59,0.2,3.2826511750759275,3.111536784217772,0.05212688820098914
59,0.3,3.2826511750759275,2.9543900071248985,0.09999879680893524
