m_F,Bhat,Bhat_capped,true_loss,Rmax,C2_exact,covered,Xbar,ratio_L,ratio_Rmax,ratio_XC2,jensen_pop_bound,game,m,repeat
80,1.015166779844965,1.015166779844965,0.3108689351488424,3.9926079853413303,0.3190400829391581,1,0.3125153815727082,3.265578078294985,0.2542615712767448,0.9795489604116792,1.1292800724217658,0,500,0
73,1.100697584275394,1.100697584275394,0.3108689351488424,3.9926079853413303,0.3190400829391581,1,0.386465836096527,3.540712692145923,0.2756838608539964,1.211339442167294,1.1292800724217658,0,500,1
82,1.084685990135886,1.084685990135886,0.3108689351488424,3.9926079853413303,0.3190400829391581,1,0.3829592034174961,3.4892067604520993,0.27167355125227893,1.2003482443004743,1.1292800724217658,0,500,2
69,0.9999070451524346,0.9999070451524346,0.3108689351488424,3.9926079853413303,0.3190400829391581,1,0.30541508118633326,3.216490720353529,0.2504395745396356,0.9572937618768638,1.1292800724217658,0,500,3
72,1.0430932521660619,1.0430932521660619,0.3108689351488424,3.9926079853413303,0.3190400829391581,1,0.32999823038490617,3.3554116678356247,0.26125611530000664,1.0343472435964662,1.1292800724217658,0,500,4
85,1.0528136765173157,1.0528136765173157,0.3108689351488424,3.9926079853413303,0.3190400829391581,1,0.3489284588793983,3.3866802291236793,0.263690720547239,1.0936821971236135,1.1292800724217658,0,500,5
65,0.9995155295871544,0.9995155295871544,0.3108689351488424,3.9926079853413303,0.3190400829391581,1,0.300824648839435,3.2152312971014347,0.25034151443287894,0.9429054997356027,1.1292800724217658,0,500,6
68,0.9437974083184697,0.9437974083184697,0.3108689351488424,3.9926079853413303,0.3190400829391581,1,0.264723363701965,3.035997816464307,0.23638619463357707,0.82974954514555,1.1292800724217658,0,500,7
77,1.1263942353195118,1.1263942353195118,0.3108689351488424,3.9926079853413303,0.3190400829391581,1,0.40276539873377126,3.623373415488428,0.2821199174712405,1.262428830331579,1.1292800724217658,0,500,8
59,0.9964302371546027,0.9964302371546027,0.3108689351488424,3.9926079853413303,0.3190400829391581,1,0.29697981026761067,3.2053065600701376,0.2495687632777745,0.9308542285084774,1.1292800724217658,0,500,9
65,1.0182589093187389,1.0182589093187389,0.3108689351488424,3.9926079853413303,0.3190400829391581,1,0.31339477173814095,3.275524808650314,0.25503603485672216,0.9823053230521704,1.1292800724217658,0,500,10
58,0.9959407909625486,0.9959407909625486,0.3108689351488424,3.9926079853413303,0.3190400829391581,1,0.2977305802185541,3.203732114582943,0.24944617518651913,0.9332074436406544,1.1292800724217658,0,500,11
65,0.9980574038828982,0.9980574038828982,0.3108689351488424,3.9926079853413303,0.3190400829391581,1,0.3010384726482214,3.2105408133013795,0.24997630810418112,0.943575709593927,1.1292800724217658,0,500,12
91,1.0787017764155349,1.0787017764155349,0.3108689351488424,3.9926079853413303,0.3190400829391581,1,0.3776537721927473,3.469956803175133,0.2701747279913122,1.183718887964203,1.1292800724217658,0,500,13
73,1.0768176096525721,1.0768176096525721,0.3108689351488424,3.9926079853413303,0.3190400829391581,1,0.3616159820327999,3.4638958348700797,0.26970281420215975,1.1334500000796488,1.1292800724217658,0,500,14
63,0.9574107516824364,0.9574107516824364,0.3108689351488424,3.9926079853413303,0.3190400829391581,1,0.26991575759213554,3.079789079677689,0.23979583149598566,0.8460245969896181,1.1292800724217658,0,500,15
67,1.062516110546762,1.062516110546762,0.3108689351488424,3.9926079853413303,0.3190400829391581,1,0.34990074526541093,3.417890919329186,0.26612081988708614,1.0967297339003579,1.1292800724217658,0,500,16
61,0.9539378663240531,0.9539378663240531,0.3108689351488424,3.9926079853413303,0.3190400829391581,1,0.2627798476428711,3.0686175377006157,0.23892600270960496,0.8236577837556042,1.1292800724217658,0,500,17
67,0.9291137812008019,0.9291137812008019,0.3108689351488424,3.9926079853413303,0.3190400829391581,1,0.24668009458027323,2.9887636754568194,0.2327084914451904,0.773194679200594,1.1292800724217658,0,500,18
73,0.9588935320999027,0.9588935320999027,0.3108689351488424,3.9926079853413303,0.3190400829391581,1,0.27763905816914164,3.084558872506156,0.24016721291457477,0.8702325288139053,1.1292800724217658,0,500,19
67,1.022566598383075,1.022566598383075,0.3410240913946273,3.973529060433214,0.3472065217248905,1,0.32650584792121873,2.9985171845228322,0.2573446885201815,0.9403793635533321,1.1238837375496546,1,500,0
74,0.9783440425512375,0.9783440425512375,0.3410240913946273,3.973529060433214,0.3472065217248905,1,0.2940593117390488,2.8688414315548,0.24621539887380955,0.8469291137683382,1.1238837375496546,1,500,1
71,1.0116550159151805,1.0116550159151805,0.3410240913946273,3.973529060433214,0.3472065217248905,1,0.3206229602568905,2.9665206694869846,0.25459862015074447,0.9234358809392885,1.1238837375496546,1,500,2
66,0.998610350311117,0.998610350311117,0.3410240913946273,3.973529060433214,0.3472065217248905,1,0.30997021287535526,2.9282692205916385,0.2513157284427268,0.8927545811508705,1.1238837375496546,1,500,3
85,1.0814325527655213,1.0814325527655213,0.3410240913946273,3.973529060433214,0.3472065217248905,1,0.37752524051019376,3.1711324215921914,0.2721592157294096,1.0873218585719029,1.1238837375496546,1,500,4
82,1.0455603083268827,1.0455603083268827,0.3410240913946273,3.973529060433214,0.3472065217248905,1,0.34873656221521854,3.0659426554031284,0.263131411001406,1.0044067158725214,1.1238837375496546,1,500,5
68,0.969975205696309,0.969975205696309,0.3410240913946273,3.973529060433214,0.3472065217248905,1,0.28414472809537056,2.8443011217464695,0.24410925173668102,0.8183738216775575,1.1238837375496546,1,500,6
82,1.0268969241188666,1.0268969241188666,0.3410240913946273,3.973529060433214,0.3472065217248905,1,0.33210879598380255,3.011215189869266,0.2584344819179224,0.9565165836572314,1.1238837375496546,1,500,7
67,0.9320693491696868,0.9320693491696868,0.3410240913946273,3.973529060433214,0.3472065217248905,1,0.2548299452968583,2.7331481050443203,0.23456965709672395,0.7339434294922983,1.1238837375496546,1,500,8
66,0.9928101328956159,0.9928101328956159,0.3410240913946273,3.973529060433214,0.3472065217248905,1,0.304551047437386,2.9112609869745327,0.24985601408622257,0.8771466789402572,1.1238837375496546,1,500,9
70,0.9755540422223759,0.9755540422223759,0.3410240913946273,3.973529060433214,0.3472065217248905,1,0.2907696543873786,2.8606601904071383,0.24551325217085893,0.8374544721765632,1.1238837375496546,1,500,10
71,1.027377636186229,1.027377636186229,0.3410240913946273,3.973529060433214,0.3472065217248905,1,0.3346547914393486,3.012624803088662,0.2585554605392062,0.9638493821395231,1.1238837375496546,1,500,11
79,1.0464824031260784,1.0464824031260784,0.3410240913946273,3.973529060433214,0.3472065217248905,1,0.3484947660522346,3.0686465546948902,0.2633634704088425,1.003710311433507,1.1238837375496546,1,500,12
79,1.0522182908519766,1.0522182908519766,0.3410240913946273,3.973529060433214,0.3472065217248905,1,0.3555245281866394,3.0854661515229065,0.2648069952047258,1.0239569418812347,1.1238837375496546,1,500,13
80,1.1118370994600535,1.1118370994600535,0.3410240913946273,3.973529060433214,0.3472065217248905,1,0.40059965637900213,3.2602890162778984,0.2798109898153948,1.1537791813035636,1.1238837375496546,1,500,14
78,1.0514253941463365,1.0514253941463365,0.3410240913946273,3.973529060433214,0.3472065217248905,1,0.35769376483000165,3.083141105505197,0.26460745049432327,1.0302046259183482,1.1238837375496546,1,500,15
76,1.059285336654325,1.059285336654325,0.3410240913946273,3.973529060433214,0.3472065217248905,1,0.3580639877727142,3.106189161951429,0.2665855265039477,1.0312709162082692,1.1238837375496546,1,500,16
83,1.1220715996915689,1.1220715996915689,0.3410240913946273,3.973529060433214,0.3472065217248905,1,0.4130117366426508,3.2903000931776596,0.2823866599755621,1.189527588914073,1.1238837375496546,1,500,17
76,1.1449858679257399,1.1449858679257399,0.3410240913946273,3.973529060433214,0.3472065217248905,1,0.42787434388053,3.3574926136252983,0.28815338972276394,1.2323338333476255,1.1238837375496546,1,500,18
84,1.0841188258370602,1.0841188258370602,0.3410240913946273,3.973529060433214,0.3472065217248905,1,0.37677958732760636,3.1790094987234676,0.27283525786492274,1.085174280298076,1.1238837375496546,1,500,19
95,1.0931120609267726,1.0931120609267726,0.4300726413907547,3.9205817301993684,0.4356568489271439,1,0.3944278537887251,2.54169169513295,0.2788137414676944,0.9053636015594612,1.1089079710480243,2,500,0
98,1.212257851791571,1.212257851791571,0.4300726413907547,3.9205817301993684,0.4356568489271439,1,0.4927296098854597,2.8187281289770296,0.30920356600496773,1.1310039337126552,1.1089079710480243,2,500,1
101,1.2241054720116613,1.2241054720116613,0.4300726413907547,3.9205817301993684,0.4356568489271439,1,0.5041991735541007,2.8462760803690967,0.3122254696497332,1.1573309929494975,1.1089079710480243,2,500,2
100,1.0946928746029663,1.0946928746029663,0.4300726413907547,3.9205817301993684,0.4356568489271439,1,0.3965819497166552,2.5453673850607763,0.2792169504262061,0.9103080800710118,1.1089079710480243,2,500,3
82,1.1639606016219672,1.1639606016219672,0.4300726413907547,3.9205817301993684,0.4356568489271439,1,0.4507289876281697,2.7064279138007707,0.2968846670524014,1.0345963543053271,1.1089079710480243,2,500,4
100,1.172378480325064,1.172378480325064,0.4300726413907547,3.9205817301993684,0.4356568489271439,1,0.4547884387236878,2.726001069339973,0.2990317664581492,1.0439143556302573,1.1089079710480243,2,500,5
93,1.0757527006417194,1.0757527006417194,0.4300726413907547,3.9205817301993684,0.4356568489271439,1,0.38324305568433,2.5013279086132654,0.2743859903124671,0.8796901887990766,1.1089079710480243,2,500,6
92,1.1530606557726237,1.1530606557726237,0.4300726413907547,3.9205817301993684,0.4356568489271439,1,0.4446805338114619,2.681083484045612,0.29410448120258637,1.020712826864859,1.1089079710480243,2,500,7
101,1.206285791843221,1.206285791843221,0.4300726413907547,3.9205817301993684,0.4356568489271439,1,0.48692541684670954,2.8048419633073474,0.30768030737670127,1.1176810786880098,1.1089079710480243,2,500,8
104,1.23856926722866,1.23856926722866,0.4300726413907547,3.9205817301993684,0.4356568489271439,1,0.5105477760679862,2.8799071320217338,0.31591466584875316,1.1719034770720809,1.1089079710480243,2,500,9
81,1.1563462056130769,1.1563462056130769,0.4300726413907547,3.9205817301993684,0.4356568489271439,1,0.4430017287376668,2.6887230070569537,0.29494250730854543,1.0168593236365056,1.1089079710480243,2,500,10
98,1.1162978422195788,1.1162978422195788,0.4300726413907547,3.9205817301993684,0.4356568489271439,1,0.4095876161613841,2.595603009318918,0.2847276039728964,0.9401610858868434,1.1089079710480243,2,500,11
104,1.0654533780230317,1.0654533780230317,0.4300726413907547,3.9205817301993684,0.4356568489271439,1,0.37124432391226686,2.477380041142826,0.2717590019399625,0.852148485273443,1.1089079710480243,2,500,12
97,1.0997254438439015,1.0997254438439015,0.4300726413907547,3.9205817301993684,0.4356568489271439,1,0.41050627626145625,2.557069057654181,0.2805005786189741,0.9422697640869784,1.1089079710480243,2,500,13
97,1.195654975506847,1.195654975506847,0.4300726413907547,3.9205817301993684,0.4356568489271439,1,0.47605889380230726,2.780123310425833,0.30496876682788754,1.0927382295828887,1.1089079710480243,2,500,14
91,1.1239959299776758,1.1239959299776758,0.4300726413907547,3.9205817301993684,0.4356568489271439,1,0.4206828428255005,2.6135025151633338,0.28669111048490215,0.9656288977471176,1.1089079710480243,2,500,15
75,1.0193733715312867,1.0193733715312867,0.4300726413907547,3.9205817301993684,0.4356568489271439,1,0.33034709935024364,2.370235335674622,0.2600056424482317,0.7582736278880089,1.1089079710480243,2,500,16
101,1.192587529652949,1.192587529652949,0.4300726413907547,3.9205817301993684,0.4356568489271439,1,0.4788134408555611,2.772990920316156,0.30418637123840897,1.0990609743303597,1.1089079710480243,2,500,17
106,1.1866328903039363,1.1866328903039363,0.4300726413907547,3.9205817301993684,0.4356568489271439,1,0.47221730032805853,2.759145260825339,0.302667555981187,1.0839202952758553,1.1089079710480243,2,500,18
91,1.155267353483348,1.155267353483348,0.4300726413907547,3.9205817301993684,0.4356568489271439,1,0.4401568673625867,2.686214472391182,0.294667330764866,1.0103292727900977,1.1089079710480243,2,500,19
78,1.0488855201341376,1.0488855201341376,0.31942237263432055,3.994253428199673,0.3215248103013936,1,0.3583510513825294,3.2836945999863234,0.2625986405191373,1.1145362345338614,1.1297454739430415,3,500,0
69,0.9768797790794429,0.9768797790794429,0.31942237263432055,3.994253428199673,0.3215248103013936,1,0.2926757267491136,3.0582697480548404,0.24457130641301125,0.9102741604131972,1.1297454739430415,3,500,1
56,0.9512490860191299,0.9512490860191299,0.31942237263432055,3.994253428199673,0.3215248103013936,1,0.26695809934385206,2.9780289908125313,0.23815441436521112,0.8302877127696884,1.1297454739430415,3,500,2
69,0.9676233265098177,0.9676233265098177,0.31942237263432055,3.994253428199673,0.3215248103013936,1,0.2834099599844052,3.029291024700913,0.24225386393320414,0.8814559589312564,1.1297454739430415,3,500,3
68,0.9319660926156242,0.9319660926156242,0.31942237263432055,3.994253428199673,0.3215248103013936,1,0.2574729628562011,2.917660666438518,0.23332673035613782,0.8007872319863867,1.1297454739430415,3,500,4
77,1.045803952298042,1.045803952298042,0.31942237263432055,3.994253428199673,0.3215248103013936,1,0.3414407064691561,3.2740472862722543,0.26182714018960396,1.0619420198058542,1.1297454739430415,3,500,5
68,0.9114439479656429,0.9114439479656429,0.31942237263432055,3.994253428199673,0.3215248103013936,1,0.24116444405342152,2.853412991860396,0.22818881284066578,0.7500648047264432,1.1297454739430415,3,500,6
62,0.9894391941079099,0.9894391941079099,0.31942237263432055,3.994253428199673,0.3215248103013936,1,0.2996002569789954,3.097588894440511,0.24771567750869505,0.9318106951004919,1.1297454739430415,3,500,7
66,1.0681102539416811,1.0681102539416811,0.31942237263432055,3.994253428199673,0.3215248103013936,1,0.353698322990839,3.3438805338925635,0.2674117386745562,1.1000654122438833,1.1297454739430415,3,500,8
52,0.808591748665103,0.808591748665103,0.31942237263432055,3.994253428199673,0.3215248103013936,1,0.1619674161194489,2.5314186417079516,0.20243876939715338,0.5037478008854823,1.1297454739430415,3,500,9
74,1.0925701528767413,1.0925701528767413,0.31942237263432055,3.994253428199673,0.3215248103013936,1,0.38099913771612753,3.4204559432270316,0.2735355110827794,1.1849758572565003,1.1297454739430415,3,500,10
67,1.150540835949901,1.150540835949901,0.31942237263432055,3.994253428199673,0.3215248103013936,1,0.4260561283923388,3.6019419255490193,0.2880490325994371,1.3251112036827228,1.1297454739430415,3,500,11
70,1.0421460606140882,1.0421460606140882,0.31942237263432055,3.994253428199673,0.3215248103013936,1,0.33699198589308516,3.262595703673995,0.26091135160740514,1.0481056985219672,1.1297454739430415,3,500,12
68,1.0509667233857394,1.0509667233857394,0.31942237263432055,3.994253428199673,0.3215248103013936,1,0.3503715476207235,3.2902101212206,0.2631196898939487,1.0897185423802576,1.1297454739430415,3,500,13
64,0.935838771538666,0.935838771538666,0.31942237263432055,3.994253428199673,0.3215248103013936,1,0.26013789878533233,2.929784672941579,0.23429629300223845,0.8090756621284749,1.1297454739430415,3,500,14
80,1.0746479381310534,1.0746479381310534,0.31942237263432055,3.994253428199673,0.3215248103013936,1,0.3699195955335774,3.364347742045377,0.2690485111795795,1.1505164879401346,1.1297454739430415,3,500,15
62,0.9554601565142913,0.9554601565142913,0.31942237263432055,3.994253428199673,0.3215248103013936,1,0.2754892192717887,2.9912123832606934,0.23920869661616467,0.8568210304316743,1.1297454739430415,3,500,16
63,1.0441401860437804,1.0441401860437804,0.31942237263432055,3.994253428199673,0.3215248103013936,1,0.3420546118812367,3.2688386146299386,0.26141060020680884,1.0638513760745203,1.1297454739430415,3,500,17
69,1.0601948304809037,1.0601948304809037,0.31942237263432055,3.994253428199673,0.3215248103013936,1,0.35545685641960684,3.319100104783926,0.26543003580991215,1.1055347675546583,1.1297454739430415,3,500,18
51,0.9742735607427067,0.9742735607427067,0.31942237263432055,3.994253428199673,0.3215248103013936,1,0.2839912297780205,3.0501105877704733,0.243918814430821,0.8832638125555861,1.1297454739430415,3,500,19
66,1.0070507902781791,1.0070507902781791,0.32268450717962804,3.9268844404569703,0.3290808259070563,1,0.31409868198121194,3.1208526219003954,0.25645032481806085,0.9544727533591525,1.110690646713226,4,500,0
70,0.9933827998785698,0.9933827998785698,0.32268450717962804,3.9268844404569703,0.3290808259070563,1,0.31475218632686774,3.0784954894831245,0.2529697053583197,0.9564586008902402,1.110690646713226,4,500,1
79,1.182325576620049,1.182325576620049,0.32268450717962804,3.9268844404569703,0.3290808259070563,1,0.4592006344509291,3.6640295716518128,0.3010848917373443,1.395403798398826,1.110690646713226,4,500,2
74,1.0860317695649553,1.0860317695649553,0.32268450717962804,3.9268844404569703,0.3290808259070563,1,0.3808592722809385,3.365614851042094,0.27656321086916785,1.1573426413743906,1.110690646713226,4,500,3
83,1.0091416846768109,1.0091416846768109,0.32268450717962804,3.9268844404569703,0.3290808259070563,1,0.32299143688818927,3.1273323082569138,0.25698278112797673,0.9814957647499436,1.110690646713226,4,500,4
70,0.9534665119317998,0.9534665119317998,0.32268450717962804,3.9268844404569703,0.3290808259070563,1,0.2776572080056522,2.9547948250302447,0.24280483074792117,0.8437355997279286,1.110690646713226,4,500,5
76,1.0449404811519756,1.0449404811519756,0.32268450717962804,3.9268844404569703,0.3290808259070563,1,0.35295311305812277,3.2382728575508923,0.26609911674161113,1.072542321738942,1.110690646713226,4,500,6
58,0.9311433904534016,0.9311433904534016,0.32268450717962804,3.9268844404569703,0.3290808259070563,1,0.2592401951051029,2.885615422295636,0.23712014055219938,0.787770586118321,1.110690646713226,4,500,7
82,1.0702997539653518,1.0702997539653518,0.32268450717962804,3.9268844404569703,0.3290808259070563,1,0.3694645667374924,3.3168612999741898,0.27255697747010893,1.1227167846048918,1.110690646713226,4,500,8
75,0.9665064012427045,0.9665064012427045,0.32268450717962804,3.9268844404569703,0.3290808259070563,1,0.2942770105112032,2.9952054707872344,0.24612550124602914,0.8942393094464797,1.110690646713226,4,500,9
74,0.9476806476720759,0.9476806476720759,0.32268450717962804,3.9268844404569703,0.3290808259070563,1,0.27340761521503465,2.936864418918423,0.24133143260049553,0.8308220767996198,1.110690646713226,4,500,10
80,1.0923226376722,1.0923226376722,0.32268450717962804,3.9268844404569703,0.3290808259070563,1,0.39007373689772984,3.3851102651920604,0.27816521067400873,1.1853432536598167,1.110690646713226,4,500,11
67,1.0424746800500095,1.0424746800500095,0.32268450717962804,3.9268844404569703,0.3290808259070563,1,0.3413211649285689,3.2306313344932223,0.26547118863744745,1.0371955399946933,1.110690646713226,4,500,12
81,0.9966781840085316,0.9966781840085316,0.32268450717962804,3.9268844404569703,0.3290808259070563,1,0.31356400446034527,3.088707892175663,0.25380889076851687,0.9528479928785231,1.110690646713226,4,500,13
72,0.9679526139304633,0.9679526139304633,0.32268450717962804,3.9268844404569703,0.3290808259070563,1,0.2883821150794009,2.999687287098774,0.24649378625917062,0.8763260949176356,1.110690646713226,4,500,14
74,0.9911695957237889,0.9911695957237889,0.32268450717962804,3.9268844404569703,0.3290808259070563,1,0.31284558123261214,3.0716367649223297,0.2524061022810355,0.950664871981847,1.110690646713226,4,500,15
57,0.9520553789379947,0.9520553789379947,0.32268450717962804,3.9268844404569703,0.3290808259070563,1,0.27659522173177004,2.950421720767698,0.2424454789474794,0.8405084707362744,1.110690646713226,4,500,16
75,0.9824161618601095,0.9824161618601095,0.32268450717962804,3.9268844404569703,0.3290808259070563,1,0.3031393313467212,3.044509854057636,0.2501769982683234,0.9211698387809996,1.110690646713226,4,500,17
70,1.0604562366238697,1.0604562366238697,0.32268450717962804,3.9268844404569703,0.3290808259070563,1,0.3593150053657061,3.2863562180056816,0.2700502784595476,1.0918746310281504,1.110690646713226,4,500,18
73,0.9768933016152304,0.9768933016152304,0.32268450717962804,3.9268844404569703,0.3290808259070563,1,0.2986374697382057,3.0273944979683374,0.24877057535758543,0.9074897296585465,1.110690646713226,4,500,19
64,0.9711402132811923,0.9711402132811923,0.25663538767738164,3.9864601991172934,0.26166222255788196,1,0.2901709046969147,3.784124325449693,0.2436096598923095,1.1089522280302666,1.127541215890445,5,500,0
56,0.9288274038046037,0.9288274038046037,0.25663538767738164,3.9864601991172934,0.26166222255788196,1,0.24875790244252863,3.6192491308807337,0.2329955292191981,0.9506832893598204,1.127541215890445,5,500,1
62,0.9884878218822505,0.9884878218822505,0.25663538767738164,3.9864601991172934,0.26166222255788196,1,0.30078798184609357,3.85172064861486,0.24796129210097909,1.1495277342894106,1.127541215890445,5,500,2
50,0.8362656222803512,0.8362656222803512,0.25663538767738164,3.9864601991172934,0.26166222255788196,1,0.18461202892646958,3.2585748592537334,0.20977648854126832,0.7055356601415086,1.127541215890445,5,500,3
58,0.8990054974337871,0.8990054974337871,0.25663538767738164,3.9864601991172934,0.26166222255788196,1,0.2345697623036075,3.503045724013455,0.22551473049520235,0.8964601768286158,1.127541215890445,5,500,4
62,0.9478855413327838,0.9478855413327838,0.25663538767738164,3.9864601991172934,0.26166222255788196,1,0.27155893607886655,3.6935106647271034,0.23777624608986953,1.037822477483525,1.127541215890445,5,500,5
65,0.9245634538418074,0.9245634538418074,0.25663538767738164,3.9864601991172934,0.26166222255788196,1,0.25128484256862643,3.602634314033431,0.2319259211584578,0.9603405494006305,1.127541215890445,5,500,6
60,0.9198136640150884,0.9198136640150884,0.25663538767738164,3.9864601991172934,0.26166222255788196,1,0.24958969736284506,3.5841263838929076,0.2307344405993967,0.9538621774399766,1.127541215890445,5,500,7
50,0.8658283300076859,0.8658283300076859,0.25663538767738164,3.9864601991172934,0.26166222255788196,1,0.20406143158480572,3.3737682781928946,0.21719226751577828,0.7798658499113893,1.127541215890445,5,500,8
61,0.9802268743458671,0.9802268743458671,0.25663538767738164,3.9864601991172934,0.26166222255788196,1,0.29100298311866035,3.819531215929262,0.24588904074921278,1.1121321995737767,1.127541215890445,5,500,9
70,0.9862874530248547,0.9862874530248547,0.25663538767738164,3.9864601991172934,0.26166222255788196,1,0.29707565644221756,3.8431467380668654,0.24740933152756536,1.1353402624886053,1.127541215890445,5,500,10
77,1.0774928900725373,1.0774928900725373,0.25663538767738164,3.9864601991172934,0.26166222255788196,1,0.37166261067360495,4.198535906618857,0.2702881343983122,1.4203907887061915,1.127541215890445,5,500,11
62,0.9807645729039876,0.9807645729039876,0.25663538767738164,3.9864601991172934,0.26166222255788196,1,0.2911006775540357,3.8216264007086753,0.24602392195490988,1.1125055604449805,1.127541215890445,5,500,12
61,0.9304385247428502,0.9304385247428502,0.25663538767738164,3.9864601991172934,0.26166222255788196,1,0.25577573981038104,3.6255269905041767,0.23339967747548906,0.977503505511963,1.127541215890445,5,500,13
69,1.0051349868424437,1.0051349868424437,0.25663538767738164,3.9864601991172934,0.26166222255788196,1,0.31487474473930155,3.9165876379683335,0.25213721864450245,1.2033634112759573,1.127541215890445,5,500,14
44,0.8602357508905862,0.8602357508905862,0.25663538767738164,3.9864601991172934,0.26166222255788196,1,0.2001735795409674,3.3519763532065787,0.21578937401182757,0.765007564271863,1.127541215890445,5,500,15
60,0.8767106870335408,0.8767106870335408,0.25663538767738164,3.9864601991172934,0.26166222255788196,1,0.20977341858867676,3.4161722394094016,0.21992209710952776,0.8016954703588252,1.127541215890445,5,500,16
52,0.9793552171267197,0.9793552171267197,0.25663538767738164,3.9864601991172934,0.26166222255788196,1,0.2885206554567435,3.816134734925469,0.2456703863100338,1.1026454359223377,1.127541215890445,5,500,17
59,0.9156644269315417,0.9156644269315417,0.25663538767738164,3.9864601991172934,0.26166222255788196,1,0.2473223975079065,3.56795855481408,0.22969360816252318,0.9451971900651291,1.127541215890445,5,500,18
66,1.047043353334874,1.047043353334874,0.25663538767738164,3.9864601991172934,0.26166222255788196,1,0.3441397795364379,4.079886888596675,0.26264989515428167,1.3152062081117237,1.127541215890445,5,500,19
88,1.2643280104576753,1.2643280104576753,0.49084860665116825,3.9860184578529045,0.4996797906626031,1,0.5237052504725309,2.5758003452094878,0.3171907064220455,1.048081712046166,1.1274162725930132,6,500,0
91,1.228179818372671,1.228179818372671,0.49084860665116825,3.9860184578529045,0.4996797906626031,1,0.49394407063789414,2.5021560654963877,0.3081219596344364,0.9885212087182812,1.1274162725930132,6,500,1
94,1.1587699063308428,1.1587699063308428,0.49084860665116825,3.9860184578529045,0.4996797906626031,1,0.44404197516130467,2.360748081239531,0.2907086152719478,0.8886530603378624,1.1274162725930132,6,500,2
79,1.1767725149312733,1.1767725149312733,0.49084860665116825,3.9860184578529045,0.4996797906626031,1,0.44794728049445987,2.3974245805847243,0.29522505411707245,0.8964686762705711,1.1274162725930132,6,500,3
93,1.2936293458324626,1.2936293458324626,0.49084860665116825,3.9860184578529045,0.4996797906626031,1,0.5502081310409819,2.63549560557642,0.3245417349445202,1.101121440815878,1.1274162725930132,6,500,4
104,1.3015215390925308,1.3015215390925308,0.49084860665116825,3.9860184578529045,0.4996797906626031,1,0.5520899947840555,2.65157427658236,0.32652170401478875,1.104887580208024,1.1274162725930132,6,500,5
101,1.2034959013843867,1.2034959013843867,0.49084860665116825,3.9860184578529045,0.4996797906626031,1,0.46706227634519154,2.451867816423641,0.3019293347760005,0.934723166862204,1.1274162725930132,6,500,6
111,1.3424014196278262,1.3424014196278262,0.49084860665116825,3.9860184578529045,0.4996797906626031,1,0.5914300601739524,2.734858368624914,0.3367775221871199,1.183618131503144,1.1274162725930132,6,500,7
87,1.1548350576814588,1.1548350576814588,0.49084860665116825,3.9860184578529045,0.4996797906626031,1,0.4302809001912466,2.3527316611131104,0.28972145259546,0.8611132734038939,1.1274162725930132,6,500,8
92,1.3032778644771201,1.3032778644771201,0.49084860665116825,3.9860184578529045,0.4996797906626031,1,0.55754127619935,2.655152417297828,0.3269623255029129,1.1157971297178526,1.1274162725930132,6,500,9
84,1.200787653398109,1.200787653398109,0.49084860665116825,3.9860184578529045,0.4996797906626031,1,0.4713230377693437,2.446350335168566,0.301249897885551,0.9432501505501018,1.1274162725930132,6,500,10
77,1.2382275310500543,1.2382275310500543,0.49084860665116825,3.9860184578529045,0.4996797906626031,1,0.4938951327519699,2.5226261504497383,0.3106426987588597,0.9884232702247925,1.1274162725930132,6,500,11
90,1.1310896408792022,1.1310896408792022,0.49084860665116825,3.9860184578529045,0.4996797906626031,1,0.41714954091727685,2.3043554072529626,0.2837642757651632,0.8348337249423544,1.1274162725930132,6,500,12
70,1.0512054710180339,1.0512054710180339,0.49084860665116825,3.9860184578529045,0.4996797906626031,1,0.3459250161356521,2.141608342722861,0.2637231819504099,0.6922933898866238,1.1274162725930132,6,500,13
84,1.1947632947428775,1.1947632947428775,0.49084860665116825,3.9860184578529045,0.4996797906626031,1,0.4639923770984026,2.434076981279812,0.29973852539218915,0.9285794338072447,1.1274162725930132,6,500,14
90,1.13544411919127,1.13544411919127,0.49084860665116825,3.9860184578529045,0.4996797906626031,1,0.4169357701136077,2.3132267338760055,0.2848567138354107,0.834405909353924,1.1274162725930132,6,500,15
101,1.2462845631325088,1.2462845631325088,0.49084860665116825,3.9860184578529045,0.4996797906626031,1,0.5113964466838371,2.53904064561847,0.3126640220837884,1.023448328790118,1.1274162725930132,6,500,16
103,1.2681245074381438,1.2681245074381438,0.49084860665116825,3.9860184578529045,0.4996797906626031,1,0.5326651985094477,2.5835349031343235,0.3181431598591311,1.0660130917104014,1.1274162725930132,6,500,17
76,1.1293945522350315,1.1293945522350315,0.49084860665116825,3.9860184578529045,0.4996797906626031,1,0.4068117077402661,2.3009020234168847,0.28333901716134735,0.8141448090202151,1.1274162725930132,6,500,18
79,1.1359155648846202,1.1359155648846202,0.49084860665116825,3.9860184578529045,0.4996797906626031,1,0.41477109347046864,2.3141872045526295,0.2849749886749116,0.8300737816921897,1.1274162725930132,6,500,19
73,0.8797220295616712,0.8797220295616712,0.24176227748841164,3.918617757142203,0.2438219671394643,1,0.22829979329715822,3.6387894699736143,0.22449804601590972,0.936338082969253,1.1083524755813086,7,500,0
65,0.8967816581804382,0.8967816581804382,0.24176227748841164,3.918617757142203,0.2438219671394643,1,0.23740917179777937,3.709353119505683,0.22885152718606813,0.9736988614400898,1.1083524755813086,7,500,1
84,1.0317581314494666,1.0317581314494666,0.24176227748841164,3.918617757142203,0.2438219671394643,1,0.3478656374282042,4.267655575419212,0.2632964467046958,1.4267198378775596,1.1083524755813086,7,500,2
87,0.956847024045918,0.956847024045918,0.24176227748841164,3.918617757142203,0.2438219671394643,1,0.2892197750388332,3.9578011672717737,0.24417972952374262,1.1861924437407303,1.1083524755813086,7,500,3
76,0.9323828665712593,0.9323828665712593,0.24176227748841164,3.918617757142203,0.2438219671394643,1,0.26749201477907114,3.8566102051051003,0.23793667164189908,1.0970792251301449,1.1083524755813086,7,500,4
69,0.8885655303063561,0.8885655303063561,0.24176227748841164,3.918617757142203,0.2438219671394643,1,0.23188723145807966,3.675368794244369,0.2267548368775768,0.9510514338744627,1.1083524755813086,7,500,5
70,0.8440800073815088,0.8440800073815088,0.24176227748841164,3.918617757142203,0.2438219671394643,1,0.20540642618850746,3.4913635665182214,0.2154024862065356,0.842444299003693,1.1083524755813086,7,500,6
66,0.8854049760775715,0.8854049760775715,0.24176227748841164,3.918617757142203,0.2438219671394643,1,0.23149824083288917,3.6622958108922163,0.22594828864433203,0.9494560459372963,1.1083524755813086,7,500,7
74,0.8721114005398707,0.8721114005398707,0.24176227748841164,3.918617757142203,0.2438219671394643,1,0.22119950162352459,3.6073096663381388,0.22255587418556746,0.9072172791428599,1.1083524755813086,7,500,8
68,0.855963573884816,0.855963573884816,0.24176227748841164,3.918617757142203,0.2438219671394643,1,0.21030710187928753,3.54051749833406,0.21843507760477746,0.8625437008265686,1.1083524755813086,7,500,9
73,0.9694206631023905,0.9694206631023905,0.24176227748841164,3.918617757142203,0.2438219671394643,1,0.29952165578504814,4.009809442454717,0.24738842193410984,1.2284440950873143,1.1083524755813086,7,500,10
74,0.9351450935766565,0.9351450935766565,0.24176227748841164,3.918617757142203,0.2438219671394643,1,0.270826818382113,3.868035589718833,0.23864156994446065,1.1107564324883086,1.1083524755813086,7,500,11
80,0.8831964088378033,0.8831964088378033,0.24176227748841164,3.918617757142203,0.2438219671394643,1,0.2357179053138801,3.653160526170744,0.22538467989843106,0.9667623802700732,1.1083524755813086,7,500,12
74,0.8917088393738711,0.8917088393738711,0.24176227748841164,3.918617757142203,0.2438219671394643,1,0.2342747772458705,3.688370446529291,0.22755698428319857,0.9608436023808599,1.1083524755813086,7,500,13
91,1.0328181488697699,1.0328181488697699,0.24176227748841164,3.918617757142203,0.2438219671394643,1,0.35340413633243045,4.2720401197381825,0.2635669546965435,1.4494351779644448,1.1083524755813086,7,500,14
82,0.9209258975080771,0.9209258975080771,0.24176227748841164,3.918617757142203,0.2438219671394643,1,0.26417024984548504,3.8092208059721795,0.23501294450819218,1.0834554939604013,1.1083524755813086,7,500,15
83,0.9404546454670724,0.9404546454670724,0.24176227748841164,3.918617757142203,0.2438219671394643,1,0.2799720251852589,3.889997460468791,0.23999652524234302,1.1482641554815978,1.1083524755813086,7,500,16
68,0.9207922544182576,0.9207922544182576,0.24176227748841164,3.918617757142203,0.2438219671394643,1,0.2594545400660662,3.8086680187830124,0.23497883985749593,1.0641147026660653,1.1083524755813086,7,500,17
68,0.8984634097666868,0.8984634097666868,0.24176227748841164,3.918617757142203,0.2438219671394643,1,0.24532074987575325,3.7163093394905364,0.2292806967786326,1.0061470373398786,1.1083524755813086,7,500,18
71,0.9393703848253234,0.9393703848253234,0.24176227748841164,3.918617757142203,0.2438219671394643,1,0.27122283035952605,3.8855126390441543,0.2397198305737261,1.112380617470733,1.1083524755813086,7,500,19
189,0.5865573463407273,0.5865573463407273,0.3108689351488424,3.9926079853413303,0.3190400829391581,1,0.3158033948525082,1.8868316516086974,0.14691082833432298,0.9898549171100011,1.1292800724217658,0,1500,0
226,0.606930681795956,0.606930681795956,0.3108689351488424,3.9926079853413303,0.3190400829391581,1,0.33515620292892434,1.9523683880004312,0.15201359212431398,1.0505144050907222,1.1292800724217658,0,1500,1
215,0.6209467036333369,0.6209467036333369,0.3108689351488424,3.9926079853413303,0.3190400829391581,1,0.3465058136732191,1.9974549831942228,0.1555240849873349,1.0860886521876274,1.1292800724217658,0,1500,2
212,0.6670612082804621,0.6670612082804621,0.3108689351488424,3.9926079853413303,0.3190400829391581,1,0.3856953203500542,2.1457956484493272,0.1670740555370188,1.2089243357663229,1.1292800724217658,0,1500,3
213,0.5637402259546279,0.5637402259546279,0.3108689351488424,3.9926079853413303,0.3190400829391581,1,0.2972078018084339,1.8134337729329952,0.1411959871904212,0.9315688457400269,1.1292800724217658,0,1500,4
220,0.659222467651664,0.659222467651664,0.3108689351488424,3.9926079853413303,0.3190400829391581,1,0.37937080125006195,2.1205800680471074,0.16511074216952124,1.1891007479533822,1.1292800724217658,0,1500,5
217,0.6577046553377754,0.6577046553377754,0.3108689351488424,3.9926079853413303,0.3190400829391581,1,0.3797826707903214,2.1156975849737765,0.1647305865620934,1.1903917128267143,1.1292800724217658,0,1500,6
215,0.6489249229449194,0.6489249229449194,0.3108689351488424,3.9926079853413303,0.3190400829391581,1,0.37201329790265664,2.0874550319227545,0.1625315897096375,1.166039371841565,1.1292800724217658,0,1500,7
213,0.5556348783323878,0.5556348783323878,0.3108689351488424,3.9926079853413303,0.3190400829391581,1,0.28945448225165377,1.7873605738905778,0.13916589867384294,0.9072668223536464,1.1292800724217658,0,1500,8
193,0.5584472326202387,0.5584472326202387,0.3108689351488424,3.9926079853413303,0.3190400829391581,1,0.29334658821195414,1.7964073262992877,0.13987028896163886,0.9194662485964067,1.1292800724217658,0,1500,9
217,0.5375891284245345,0.5375891284245345,0.3108689351488424,3.9926079853413303,0.3190400829391581,1,0.27674696401576965,1.7293111907985907,0.13464610860827494,0.8674363467631938,1.1292800724217658,0,1500,10
199,0.5587499335234892,0.5587499335234892,0.3108689351488424,3.9926079853413303,0.3190400829391581,1,0.2925480936508888,1.7973810514581097,0.1399461042944644,0.9169634453319729,1.1292800724217658,0,1500,11
221,0.6440105553275103,0.6440105553275103,0.3108689351488424,3.9926079853413303,0.3190400829391581,1,0.3656814626221879,2.071646544609423,0.16130072315938962,1.146192852175018,1.1292800724217658,0,1500,12
228,0.6249417055620486,0.6249417055620486,0.3108689351488424,3.9926079853413303,0.3190400829391581,1,0.3531045497310499,2.0103060643960124,0.15652468458122917,1.1067717462899105,1.1292800724217658,0,1500,13
196,0.5418145678679613,0.5418145678679613,0.3108689351488424,3.9926079853413303,0.3190400829391581,1,0.27998289590050285,1.742903541032633,0.135704424240298,0.8775790594120941,1.1292800724217658,0,1500,14
204,0.5979416585222297,0.5979416585222297,0.3108689351488424,3.9926079853413303,0.3190400829391581,1,0.3261708205127612,1.923452590191871,0.14976217568004271,1.0223506009273542,1.1292800724217658,0,1500,15
220,0.648278134728347,0.648278134728347,0.3108689351488424,3.9926079853413303,0.3190400829391581,1,0.370851315314116,2.085374450225961,0.16236959328550896,1.1623972508333333,1.1292800724217658,0,1500,16
235,0.5855228396734947,0.5855228396734947,0.3108689351488424,3.9926079853413303,0.3190400829391581,1,0.3190442046283055,1.8835038611791477,0.14665172283961106,1.0000129190323344,1.1292800724217658,0,1500,17
222,0.5600670413284704,0.5600670413284704,0.3108689351488424,3.9926079853413303,0.3190400829391581,1,0.29579524643221944,1.801617910327107,0.14027599087732376,0.92714132878604,1.1292800724217658,0,1500,18
184,0.5866388104830407,0.5866388104830407,0.3108689351488424,3.9926079853413303,0.3190400829391581,1,0.31735689835317643,1.887093704625588,0.14693123207609088,0.9947242222028175,1.1292800724217658,0,1500,19
217,0.5749776234636071,0.5749776234636071,0.3410240913946273,3.973529060433214,0.3472065217248905,1,0.3106587402353616,1.6860322715390004,0.14470200537577552,0.8947376296160485,1.1238837375496546,1,1500,0
229,0.629529458892273,0.629529458892273,0.3410240913946273,3.973529060433214,0.3472065217248905,1,0.3596228909814228,1.8459970271243744,0.15843081787443591,1.035760760468579,1.1238837375496546,1,1500,1
233,0.6190098117096547,0.6190098117096547,0.3410240913946273,3.973529060433214,0.3472065217248905,1,0.34809415879275246,1.8151498012301632,0.1557833860770021,1.0025565103542762,1.1238837375496546,1,1500,2
248,0.6315664797570898,0.6315664797570898,0.3410240913946273,3.973529060433214,0.3472065217248905,1,0.36178302643872456,1.8519702733442716,0.158943465657763,1.0419822319045715,1.1238837375496546,1,1500,3
230,0.6302135300055327,0.6302135300055327,0.3410240913946273,3.973529060433214,0.3472065217248905,1,0.3580221823737262,1.848002959052709,0.1586029749425876,1.0311505112147792,1.1238837375496546,1,1500,4
223,0.5798384852662429,0.5798384852662429,0.3410240913946273,3.973529060433214,0.3472065217248905,1,0.31370389059419396,1.7002859912183261,0.14592531637431286,0.9035080592257929,1.1238837375496546,1,1500,5
240,0.5709845974219583,0.5709845974219583,0.3410240913946273,3.973529060433214,0.3472065217248905,1,0.30785490905701535,1.6743233449780666,0.14369709865912159,0.8866622306736062,1.1238837375496546,1,1500,6
253,0.6511002656443149,0.6511002656443149,0.3410240913946273,3.973529060433214,0.3472065217248905,1,0.3790786717372526,1.909250056151818,0.1638594447761076,1.0917959428124338,1.1238837375496546,1,1500,7
209,0.5939631797298321,0.5939631797298321,0.3410240913946273,3.973529060433214,0.3472065217248905,1,0.32687041497452046,1.7417044564236022,0.1494800140369617,0.9414293641451718,1.1238837375496546,1,1500,8
225,0.6258403974608814,0.6258403974608814,0.3410240913946273,3.973529060433214,0.3472065217248905,1,0.3541400650360382,1.8351794294106614,0.15750240854980663,1.0199695077059683,1.1238837375496546,1,1500,9
244,0.6044392248968447,0.6044392248968447,0.3410240913946273,3.973529060433214,0.3472065217248905,1,0.3384061360960151,1.7724238262023484,0.15211647271328768,0.9746537432961918,1.1238837375496546,1,1500,10
235,0.6564387603297531,0.6564387603297531,0.3410240913946273,3.973529060433214,0.3472065217248905,1,0.3815464795515217,1.9249043598217033,0.16520295947154465,1.0989035507053075,1.1238837375496546,1,1500,11
232,0.5954659905032756,0.5954659905032756,0.3410240913946273,3.973529060433214,0.3472065217248905,1,0.3286381873440002,1.7461112148062656,0.14985821959443651,0.9465207787899705,1.1238837375496546,1,1500,12
236,0.634530548646987,0.634530548646987,0.3410240913946273,3.973529060433214,0.3472065217248905,1,0.3641007661105633,1.8606619434188858,0.15968941940437384,1.0486576240035577,1.1238837375496546,1,1500,13
239,0.7067453730116549,0.7067453730116549,0.3410240913946273,3.973529060433214,0.3472065217248905,1,0.4251499442126372,2.0724206613128136,0.17786339605494214,1.2244872074998212,1.1238837375496546,1,1500,14
212,0.604227955498397,0.604227955498397,0.3410240913946273,3.973529060433214,0.3472065217248905,1,0.33691085180970587,1.771804311617371,0.15206330350394393,0.9703471298176177,1.1238837375496546,1,1500,15
247,0.6100955898395493,0.6100955898395493,0.3410240913946273,3.973529060433214,0.3472065217248905,1,0.34328706812569937,1.7890102348621375,0.1535399843717347,0.9887114631956806,1.1238837375496546,1,1500,16
246,0.6229388269560456,0.6229388269560456,0.3410240913946273,3.973529060433214,0.3472065217248905,1,0.35369736515093375,1.8266710261099746,0.15677218348772556,1.0186944743831345,1.1238837375496546,1,1500,17
252,0.617062910391537,0.617062910391537,0.3410240913946273,3.973529060433214,0.3472065217248905,1,0.35056375320940186,1.8094408165359857,0.15529341827042326,1.0096692638946783,1.1238837375496546,1,1500,18
236,0.6034430044620365,0.6034430044620365,0.3410240913946273,3.973529060433214,0.3472065217248905,1,0.33559893986587047,1.7695025650365048,0.15186575844401803,0.9665686525663324,1.1238837375496546,1,1500,19
276,0.7204344822362476,0.7204344822362476,0.4300726413907547,3.9205817301993684,0.4356568489271439,1,0.4435724773505752,1.6751460402282983,0.1837570370455234,1.0181694111843402,1.1089079710480243,2,1500,0
276,0.6637737710799927,0.6637737710799927,0.4300726413907547,3.9205817301993684,0.4356568489271439,1,0.3913708412426437,1.5433992009663833,0.1693049186979297,0.8983465821929354,1.1089079710480243,2,1500,1
288,0.7398204247127935,0.7398204247127935,0.4300726413907547,3.9205817301993684,0.4356568489271439,1,0.4583353021567585,1.7202220125427805,0.18870169674416465,1.0520557711544372,1.1089079710480243,2,1500,2
263,0.701618608797757,0.701618608797757,0.4300726413907547,3.9205817301993684,0.4356568489271439,1,0.42348903236796953,1.6313955859384264,0.17895778154383188,0.9720701818664413,1.1089079710480243,2,1500,3
284,0.71391161106956,0.71391161106956,0.4300726413907547,3.9205817301993684,0.4356568489271439,1,0.43673060217597565,1.6599791345967423,0.18209328620047832,1.0024646766175627,1.1089079710480243,2,1500,4
278,0.7432012181661214,0.7432012181661214,0.4300726413907547,3.9205817301993684,0.4356568489271439,1,0.4605049345934244,1.7280829949163514,0.18956401608501305,1.0570359119280963,1.1089079710480243,2,1500,5
260,0.6630623759551497,0.6630623759551497,0.4300726413907547,3.9205817301993684,0.4356568489271439,1,0.39058034384382456,1.5417450731368556,0.1691234672772481,0.8965320866771048,1.1089079710480243,2,1500,6
291,0.6790873522270742,0.6790873522270742,0.4300726413907547,3.9205817301993684,0.4356568489271439,1,0.4072719284359128,1.579006165170293,0.17321086485615525,0.9348456920598579,1.1089079710480243,2,1500,7
292,0.6999535676543223,0.6999535676543223,0.4300726413907547,3.9205817301993684,0.4356568489271439,1,0.42363720931919085,1.6275240512645388,0.17853308917468438,0.972410304950897,1.1089079710480243,2,1500,8
266,0.6953455348860076,0.6953455348860076,0.4300726413907547,3.9205817301993684,0.4356568489271439,1,0.4180449016823621,1.6168095060346601,0.17735774503306886,0.9595738084041298,1.1089079710480243,2,1500,9
269,0.656092804883391,0.656092804883391,0.4300726413907547,3.9205817301993684,0.4356568489271439,1,0.3854009890098672,1.525539505981454,0.16734577928312375,0.8846434756138055,1.1089079710480243,2,1500,10
270,0.6920539913043116,0.6920539913043116,0.4300726413907547,3.9205817301993684,0.4356568489271439,1,0.4183665646427407,1.60915604644455,0.17651819013835976,0.9603121485935948,1.1089079710480243,2,1500,11
274,0.7263266000589206,0.7263266000589206,0.4300726413907547,3.9205817301993684,0.4356568489271439,1,0.4443057625423659,1.688846325379242,0.18525990530032532,1.0198525826841034,1.1089079710480243,2,1500,12
278,0.6791572024147019,0.6791572024147019,0.4300726413907547,3.9205817301993684,0.4356568489271439,1,0.4068787886418757,1.5791685800297963,0.17322868113762432,0.9339432850507514,1.1089079710480243,2,1500,13
265,0.675135497591347,0.675135497591347,0.4300726413907547,3.9205817301993684,0.4356568489271439,1,0.4020058059422742,1.5698173578494,0.1722028882578645,0.9227579158511123,1.1089079710480243,2,1500,14
284,0.7445485692068139,0.7445485692068139,0.4300726413907547,3.9205817301993684,0.4356568489271439,1,0.4631294377941513,1.7312158401871771,0.18990767708570438,1.0630601560256927,1.1089079710480243,2,1500,15
302,0.7739621261820391,0.7739621261820391,0.4300726413907547,3.9205817301993684,0.4356568489271439,1,0.48988022596114905,1.7996079073507814,0.19741002214553546,1.1244635018766183,1.1089079710480243,2,1500,16
311,0.7572475736904165,0.7572475736904165,0.4300726413907547,3.9205817301993684,0.4356568489271439,1,0.47489432170249346,1.7607434205571746,0.1931467383672956,1.0900650887779602,1.1089079710480243,2,1500,17
286,0.6885720898933154,0.6885720898933154,0.4300726413907547,3.9205817301993684,0.4356568489271439,1,0.41254964411577033,1.6010599690011291,0.1756300817782723,0.9469600790891323,1.1089079710480243,2,1500,18
294,0.6936780278087205,0.6936780278087205,0.4300726413907547,3.9205817301993684,0.4356568489271439,1,0.4196843533766355,1.6129322375995074,0.17693242369250284,0.9633369804931506,1.1089079710480243,2,1500,19
208,0.5874762722401754,0.5874762722401754,0.31942237263432055,3.994253428199673,0.3215248103013936,1,0.31944763579483687,1.8391832337703125,0.14708037003675256,0.9935396136161012,1.1297454739430415,3,1500,0
218,0.6671199462245736,0.6671199462245736,0.31942237263432055,3.994253428199673,0.3215248103013936,1,0.39005797860283414,2.088519788776043,0.16701993456766315,1.213150482033403,1.1297454739430415,3,1500,1
206,0.5733018249359882,0.5733018249359882,0.31942237263432055,3.994253428199673,0.3215248103013936,1,0.3066447704555438,1.7948079848255107,0.1435316599814229,0.9537203992690285,1.1297454739430415,3,1500,2
182,0.5420960457843227,0.5420960457843227,0.31942237263432055,3.994253428199673,0.3215248103013936,1,0.27906090586530363,1.6971135782180238,0.13571899117794867,0.8679296182578109,1.1297454739430415,3,1500,3
196,0.579829542261771,0.579829542261771,0.31942237263432055,3.994253428199673,0.3215248103013936,1,0.3112025222468367,1.8152439902059345,0.14516593718569257,0.9678958272461745,1.1297454739430415,3,1500,4
203,0.599279850777324,0.599279850777324,0.31942237263432055,3.994253428199673,0.3215248103013936,1,0.331664376913493,1.8761361198183462,0.15003551015225317,1.0315358761975308,1.1297454739430415,3,1500,5
200,0.6032846153170623,0.6032846153170623,0.31942237263432055,3.994253428199673,0.3215248103013936,1,0.3325020043339563,1.8886736403016813,0.15103814171074778,1.034141048158221,1.1297454739430415,3,1500,6
204,0.6462245722794822,0.6462245722794822,0.31942237263432055,3.994253428199673,0.3215248103013936,1,0.37099624617819565,2.023103663497264,0.16178857548624662,1.1538650651264768,1.1297454739430415,3,1500,7
204,0.5958418509472849,0.5958418509472849,0.31942237263432055,3.994253428199673,0.3215248103013936,1,0.3266272079276356,1.8653729418928757,0.14917477362367773,1.0158693745016412,1.1297454739430415,3,1500,8
190,0.5615184384563139,0.5615184384563139,0.31942237263432055,3.994253428199673,0.3215248103013936,1,0.2950672469314844,1.7579183130642777,0.14058157514291894,0.9177122183973665,1.1297454739430415,3,1500,9
195,0.5763495428855963,0.5763495428855963,0.31942237263432055,3.994253428199673,0.3215248103013936,1,0.3109136771490141,1.8043493263554513,0.14429468566429293,0.9669974670308248,1.1297454739430415,3,1500,10
238,0.6142819096760574,0.6142819096760574,0.31942237263432055,3.994253428199673,0.3215248103013936,1,0.34546128998362746,1.9231023319061513,0.15379142077946023,1.0744467578094394,1.1297454739430415,3,1500,11
196,0.6154620945153588,0.6154620945153588,0.31942237263432055,3.994253428199673,0.3215248103013936,1,0.3444771651336423,1.926797078863192,0.15408689147517754,1.0713859524891203,1.1297454739430415,3,1500,12
190,0.6288456300910782,0.6288456300910782,0.31942237263432055,3.994253428199673,0.3215248103013936,1,0.35469869483227423,1.9686962591408397,0.15743758912526423,1.1031767486303274,1.1297454739430415,3,1500,13
209,0.627507147287624,0.627507147287624,0.31942237263432055,3.994253428199673,0.3215248103013936,1,0.3548537477399674,1.9645059364893125,0.15710248700229817,1.1036589910661376,1.1297454739430415,3,1500,14
200,0.5871358633662932,0.5871358633662932,0.31942237263432055,3.994253428199673,0.3215248103013936,1,0.32115800872927275,1.8381175323572434,0.146995145380881,0.998859181125783,1.1297454739430415,3,1500,15
207,0.6045104696555428,0.6045104696555428,0.31942237263432055,3.994253428199673,0.3215248103013936,1,0.3379768260437626,1.8925113625262413,0.15134504620754957,1.0511687285561169,1.1297454739430415,3,1500,16
207,0.6029670586900839,0.6029670586900839,0.31942237263432055,3.994253428199673,0.3215248103013936,1,0.33375309924823254,1.8876794813003581,0.1509586383360404,1.038032178404448,1.1297454739430415,3,1500,17
193,0.5582513896378919,0.5582513896378919,0.31942237263432055,3.994253428199673,0.3215248103013936,1,0.29538246416644826,1.747690323110167,0.13976363785447438,0.9186926007033801,1.1297454739430415,3,1500,18
210,0.6248332914588945,0.6248332914588945,0.31942237263432055,3.994253428199673,0.3215248103013936,1,0.35327919056181845,1.9561350268167124,0.15643306131942789,1.09876183499077,1.1297454739430415,3,1500,19
202,0.5258150676430562,0.5258150676430562,0.32268450717962804,3.9268844404569703,0.3290808259070563,1,0.2703004207423857,1.629502055239212,0.133901334662618,0.8213800363401538,1.110690646713226,4,1500,0
225,0.6168715614724893,0.6168715614724893,0.32268450717962804,3.9268844404569703,0.3290808259070563,1,0.3484432265221885,1.9116863306024694,0.15708930854117628,1.0588378267307523,1.110690646713226,4,1500,1
216,0.5753463767146042,0.5753463767146042,0.32268450717962804,3.9268844404569703,0.3290808259070563,1,0.31244286573682956,1.7829996913806818,0.14651472062357182,0.9494411133667027,1.110690646713226,4,1500,2
249,0.6335444479971764,0.6335444479971764,0.32268450717962804,3.9268844404569703,0.3290808259070563,1,0.3669351344260933,1.9633556427439594,0.16133513924424295,1.115030428815468,1.110690646713226,4,1500,3
201,0.575994803862779,0.575994803862779,0.32268450717962804,3.9268844404569703,0.3290808259070563,1,0.3110562793930019,1.7850091685441263,0.14667984571396012,0.9452276003490245,1.110690646713226,4,1500,4
216,0.5931627574346514,0.5931627574346514,0.32268450717962804,3.9268844404569703,0.3290808259070563,1,0.32733136058101847,1.838212694557588,0.1510517476204686,0.994683782255573,1.110690646713226,4,1500,5
231,0.5975937989751355,0.5975937989751355,0.32268450717962804,3.9268844404569703,0.3290808259070563,1,0.3320935778325872,1.8519445020720327,0.15218013364956412,1.0091550515507148,1.110690646713226,4,1500,6
230,0.6076355972341803,0.6076355972341803,0.32268450717962804,3.9268844404569703,0.3290808259070563,1,0.3379648829948489,1.8830640570417256,0.15473732584895467,1.0269965807436674,1.110690646713226,4,1500,7
207,0.5370660206174227,0.5370660206174227,0.32268450717962804,3.9268844404569703,0.3290808259070563,1,0.2789442777037523,1.6643687833406127,0.13676644392288878,0.8476467048327384,1.110690646713226,4,1500,8
218,0.5763415331676435,0.5763415331676435,0.32268450717962804,3.9268844404569703,0.3290808259070563,1,0.3131979761069949,1.786083683425225,0.1467681419982338,0.9517357179462432,1.110690646713226,4,1500,9
213,0.6032371760737979,0.6032371760737979,0.32268450717962804,3.9268844404569703,0.3290808259070563,1,0.33479371257686724,1.869433340157218,0.1536172467564641,1.017360132283807,1.110690646713226,4,1500,10
195,0.560361111266563,0.560361111266563,0.32268450717962804,3.9268844404569703,0.3290808259070563,1,0.29840935868699603,1.7365603206807447,0.14269865074037014,0.9067965532919778,1.110690646713226,4,1500,11
229,0.632645415766906,0.632645415766906,0.32268450717962804,3.9268844404569703,0.3290808259070563,1,0.3626971932826082,1.9605695398779488,0.16110619636499549,1.102152312529586,1.110690646713226,4,1500,12
234,0.6534816998696679,0.6534816998696679,0.32268450717962804,3.9268844404569703,0.3290808259070563,1,0.38000184621401856,2.025141230303616,0.1664122562755176,1.1547371232176988,1.110690646713226,4,1500,13
233,0.6231753435408028,0.6231753435408028,0.32268450717962804,3.9268844404569703,0.3290808259070563,1,0.35321335396362824,1.9312217651462926,0.15869459694828303,1.0733331332509413,1.110690646713226,4,1500,14
202,0.5655970657344609,0.5655970657344609,0.32268450717962804,3.9268844404569703,0.3290808259070563,1,0.3039784798494274,1.7527865551339012,0.1440320117157923,0.9237198156761687,1.110690646713226,4,1500,15
222,0.5968105812530531,0.5968105812530531,0.32268450717962804,3.9268844404569703,0.3290808259070563,1,0.3298036907032247,1.8495173086225298,0.1519806834915678,1.002196617788885,1.110690646713226,4,1500,16
221,0.5483288913434053,0.5483288913434053,0.32268450717962804,3.9268844404569703,0.3290808259070563,1,0.2900113170503549,1.6992724445805771,0.13963458809589938,0.88127686033055,1.110690646713226,4,1500,17
220,0.5628994727531231,0.5628994727531231,0.32268450717962804,3.9268844404569703,0.3290808259070563,1,0.3016611494295762,1.7444267085304321,0.1433450566952815,0.9166779881450027,1.110690646713226,4,1500,18
213,0.5371975123830711,0.5371975123830711,0.32268450717962804,3.9268844404569703,0.3290808259070563,1,0.27917767020083095,1.6647762766125942,0.13679992893311566,0.8483559302834627,1.110690646713226,4,1500,19
199,0.5482350922119403,0.5482350922119403,0.25663538767738164,3.9864601991172934,0.26166222255788196,1,0.2861173785172831,2.136241214329845,0.13752428591494126,1.093460782073696,1.127541215890445,5,1500,0
191,0.5243292026065811,0.5243292026065811,0.25663538767738164,3.9864601991172934,0.26166222255788196,1,0.2674572921885033,2.04309003271879,0.13152751474169522,1.0221471390633754,1.127541215890445,5,1500,1
199,0.538716437419638,0.538716437419638,0.25663538767738164,3.9864601991172934,0.26166222255788196,1,0.2806188331630413,2.099151026267908,0.13513653981517837,1.0724468760520673,1.127541215890445,5,1500,2
185,0.5257518407062953,0.5257518407062953,0.25663538767738164,3.9864601991172934,0.26166222255788196,1,0.26795449729849785,2.0486334541174895,0.13188438224535906,1.0240473182529204,1.127541215890445,5,1500,3
200,0.513231262872902,0.513231262872902,0.25663538767738164,3.9864601991172934,0.26166222255788196,1,0.2582255813994074,1.9998460365025303,0.12874360641717802,0.9868661164577766,1.127541215890445,5,1500,4
180,0.4858083858140682,0.4858083858140682,0.25663538767738164,3.9864601991172934,0.26166222255788196,1,0.23395601800669633,1.8929906362905093,0.12186460206517022,0.8941146173859439,1.127541215890445,5,1500,5
169,0.4889759754566115,0.4889759754566115,0.25663538767738164,3.9864601991172934,0.26166222255788196,1,0.2352864336208848,1.905333398803547,0.12265918911341032,0.8991990946222181,1.127541215890445,5,1500,6
197,0.5157514353753464,0.5157514353753464,0.25663538767738164,3.9864601991172934,0.26166222255788196,1,0.2608283626545406,2.0096660871403347,0.1293757894508886,0.9968132201309385,1.127541215890445,5,1500,7
183,0.5530710950363373,0.5530710950363373,0.25663538767738164,3.9864601991172934,0.26166222255788196,1,0.2894713362761776,2.155085080205725,0.1387373929278917,1.1062786727348233,1.127541215890445,5,1500,8
215,0.5989812820308417,0.5989812820308417,0.25663538767738164,3.9864601991172934,0.26166222255788196,1,0.33178768903172123,2.3339777395930517,0.15025392255602396,1.2679999649484248,1.127541215890445,5,1500,9
186,0.48981134036801255,0.48981134036801255,0.25663538767738164,3.9864601991172934,0.26166222255788196,1,0.23663094633626788,1.908588463971922,0.12286873965942757,0.904337447045582,1.127541215890445,5,1500,10
197,0.5317778995926513,0.5317778995926513,0.25663538767738164,3.9864601991172934,0.26166222255788196,1,0.2712764651356219,2.0721144671644174,0.133396013764392,1.0367429523595566,1.127541215890445,5,1500,11
163,0.4977755835859098,0.4977755835859098,0.25663538767738164,3.9864601991172934,0.26166222255788196,1,0.24306556998089693,1.939621764912902,0.12486656299644741,0.9289287830883907,1.127541215890445,5,1500,12
189,0.5503381475969922,0.5503381475969922,0.25663538767738164,3.9864601991172934,0.26166222255788196,1,0.28831977950050014,2.1444359352687035,0.1380518354902556,1.1018777440703016,1.127541215890445,5,1500,13
188,0.49435215453278375,0.49435215453278375,0.25663538767738164,3.9864601991172934,0.26166222255788196,1,0.2426116363829351,1.9262821039873024,0.12400779885931039,0.9271939755432876,1.127541215890445,5,1500,14
181,0.5114173823102385,0.5114173823102385,0.25663538767738164,3.9864601991172934,0.26166222255788196,1,0.25333235687170325,1.992778108033742,0.12828859608920207,0.96816557772555,1.127541215890445,5,1500,15
181,0.5146289382963811,0.5146289382963811,0.25663538767738164,3.9864601991172934,0.26166222255788196,1,0.2575807225462794,2.0052921888672857,0.12909421205568122,0.984401645863496,1.127541215890445,5,1500,16
183,0.5207607178980909,0.5207607178980909,0.25663538767738164,3.9864601991172934,0.26166222255788196,1,0.2656452836218039,2.02918515100787,0.13063236352225488,1.0152221479470191,1.127541215890445,5,1500,17
163,0.47376029106365763,0.47376029106365763,0.25663538767738164,3.9864601991172934,0.26166222255788196,1,0.22097719280158246,1.8460442862198934,0.11884234819867524,0.8445131690827107,1.127541215890445,5,1500,18
199,0.5493668279740445,0.5493668279740445,0.25663538767738164,3.9864601991172934,0.26166222255788196,1,0.2886500540814358,2.1406511118593583,0.1378081808256078,1.1031399613583268,1.127541215890445,5,1500,19
259,0.7940452354279783,0.7940452354279783,0.49084860665116825,3.9860184578529045,0.4996797906626031,1,0.5019566078124451,1.6176988681813311,0.19920761627774702,1.0045565524009343,1.1274162725930132,6,1500,0
277,0.842143416397394,0.842143416397394,0.49084860665116825,3.9860184578529045,0.4996797906626031,1,0.5445180442270597,1.7156887174294877,0.21127433936947201,1.0897339744419094,1.1274162725930132,6,1500,1
250,0.7832006922067816,0.7832006922067816,0.49084860665116825,3.9860184578529045,0.4996797906626031,1,0.4897474030027956,1.5956054098843138,0.19648697076748056,0.9801224947548177,1.1274162725930132,6,1500,2
294,0.8121578709074135,0.8121578709074135,0.49084860665116825,3.9860184578529045,0.4996797906626031,1,0.5178377697039388,1.6545995239721447,0.2037516583264614,1.03633923040445,1.1274162725930132,6,1500,3
262,0.7813542151236417,0.7813542151236417,0.49084860665116825,3.9860184578529045,0.4996797906626031,1,0.48911640763260145,1.591843604190828,0.19602373229965506,0.9788596952940722,1.1274162725930132,6,1500,4
265,0.8031481035413973,0.8031481035413973,0.49084860665116825,3.9860184578529045,0.4996797906626031,1,0.5104378296090406,1.6362440325967376,0.2014913157160889,1.0215298660211407,1.1274162725930132,6,1500,5
253,0.7879718040490225,0.7879718040490225,0.49084860665116825,3.9860184578529045,0.4996797906626031,1,0.4958389082130908,1.6053255390190218,0.19768393257101693,0.9923133124026907,1.1274162725930132,6,1500,6
271,0.8293664931318752,0.8293664931318752,0.49084860665116825,3.9860184578529045,0.4996797906626031,1,0.5321009552040138,1.689658444362829,0.20806890432178754,1.0648838819325042,1.1274162725930132,6,1500,7
276,0.8749906689136365,0.8749906689136365,0.49084860665116825,3.9860184578529045,0.4996797906626031,1,0.5728391504718795,1.782608032410015,0.21951495663292941,1.146412484908111,1.1274162725930132,6,1500,8
261,0.7836069616143462,0.7836069616143462,0.49084860665116825,3.9860184578529045,0.4996797906626031,1,0.4926277519672247,1.596433097692855,0.1965888943816987,0.9858868843063935,1.1274162725930132,6,1500,9
254,0.7604746828250113,0.7604746828250113,0.49084860665116825,3.9860184578529045,0.4996797906626031,1,0.47332313955874633,1.5493059825785722,0.19078553972242418,0.947252917575661,1.1274162725930132,6,1500,10
284,0.8291406073950538,0.8291406073950538,0.49084860665116825,3.9860184578529045,0.4996797906626031,1,0.5336648810647479,1.6891982500508549,0.20801223480577558,1.0680137380722936,1.1274162725930132,6,1500,11
251,0.8037186636410424,0.8037186636410424,0.49084860665116825,3.9860184578529045,0.4996797906626031,1,0.5098599565740619,1.6374064278687497,0.20163445607172897,1.0203733793154999,1.1274162725930132,6,1500,12
261,0.7804075974618275,0.7804075974618275,0.49084860665116825,3.9860184578529045,0.4996797906626031,1,0.49016810679026046,1.5899150713418249,0.1957862477842612,0.9809644415281843,1.1274162725930132,6,1500,13
265,0.8080454846419736,0.8080454846419736,0.49084860665116825,3.9860184578529045,0.4996797906626031,1,0.5140651912089251,1.6462214085823572,0.20271995556117736,1.0287892382584578,1.1274162725930132,6,1500,14
277,0.8062306312925125,0.8062306312925125,0.49084860665116825,3.9860184578529045,0.4996797906626031,1,0.5155693216185694,1.6425240295435473,0.20226465075798822,1.0317994268587407,1.1274162725930132,6,1500,15
265,0.8257081891850498,0.8257081891850498,0.49084860665116825,3.9860184578529045,0.4996797906626031,1,0.5307422822767967,1.6822054254538334,0.20715112032617708,1.062164794723843,1.1274162725930132,6,1500,16
246,0.7125310870011597,0.7125310870011597,0.49084860665116825,3.9860184578529045,0.4996797906626031,1,0.42929098866631044,1.4516310677999638,0.17875759847458644,0.8591321816258504,1.1274162725930132,6,1500,17
255,0.772042647000658,0.772042647000658,0.49084860665116825,3.9860184578529045,0.4996797906626031,1,0.4821860369795773,1.572873257740194,0.19368767484747776,0.9649900716220119,1.1274162725930132,6,1500,18
284,0.8487780922231652,0.8487780922231652,0.49084860665116825,3.9860184578529045,0.4996797906626031,1,0.5508503014659094,1.7292054631956346,0.2129388263496314,1.1024066047086902,1.1274162725930132,6,1500,19
239,0.5005433603885552,0.5005433603885552,0.24176227748841164,3.918617757142203,0.2438219671394643,1,0.25124978129868963,2.0703947927217374,0.12773467365533375,1.0304640892138184,1.1083524755813086,7,1500,0
207,0.48736310311075964,0.48736310311075964,0.24176227748841164,3.918617757142203,0.2438219671394643,1,0.24119466754934377,2.0158773658728473,0.1243711771127652,0.9892245164742776,1.1083524755813086,7,1500,1
238,0.507342328114185,0.507342328114185,0.24176227748841164,3.918617757142203,0.2438219671394643,1,0.2598595937005599,2.0985173261304313,0.12946971599602589,1.0657759706774992,1.1083524755813086,7,1500,2
190,0.44204147648654113,0.44204147648654113,0.24176227748841164,3.918617757142203,0.2438219671394643,1,0.20220793534505324,1.828413766939838,0.1128054594457093,0.8293261584153812,1.1083524755813086,7,1500,3
207,0.4940684470211274,0.4940684470211274,0.24176227748841164,3.918617757142203,0.2438219671394643,1,0.24733014776959422,2.043612643601149,0.12608232740246783,1.0143882877793504,1.1083524755813086,7,1500,4
209,0.46222145779404433,0.46222145779404433,0.24176227748841164,3.918617757142203,0.2438219671394643,1,0.21822241080016844,1.911884114411521,0.11795522973670605,0.8950071782307739,1.1083524755813086,7,1500,5
234,0.5307197480376864,0.5307197480376864,0.24176227748841164,3.918617757142203,0.2438219671394643,1,0.277612911360416,2.195213221645487,0.13543544712172526,1.1385885964968183,1.1083524755813086,7,1500,6
221,0.5016594479840035,0.5016594479840035,0.24176227748841164,3.918617757142203,0.2438219671394643,1,0.2524243460345918,2.075011259802719,0.12801949030870957,1.0352813940271715,1.1083524755813086,7,1500,7
240,0.4763274487318091,0.4763274487318091,0.24176227748841164,3.918617757142203,0.2438219671394643,1,0.23178649683995067,1.9702306483882326,0.12155496612642018,0.9506382856281795,1.1083524755813086,7,1500,8
234,0.5095940903274728,0.5095940903274728,0.24176227748841164,3.918617757142203,0.2438219671394643,1,0.25932212357729073,2.1078312779871093,0.13004434775468204,1.0635716158788944,1.1083524755813086,7,1500,9
214,0.47930390124096917,0.47930390124096917,0.24176227748841164,3.918617757142203,0.2438219671394643,1,0.23324278008429677,1.982542132793829,0.12231453306905833,0.956611017541679,1.1083524755813086,7,1500,10
229,0.508622625832726,0.508622625832726,0.24176227748841164,3.918617757142203,0.2438219671394643,1,0.261780704636997,2.1038130146548846,0.12979643776321217,1.073655125123572,1.1083524755813086,7,1500,11
247,0.5744865084699294,0.5744865084699294,0.24176227748841164,3.918617757142203,0.2438219671394643,1,0.3156126407814882,2.3762454359632934,0.14660437533690324,1.294438907553232,1.1083524755813086,7,1500,12
235,0.46017198173092116,0.46017198173092116,0.24176227748841164,3.918617757142203,0.2438219671394643,1,0.21759853249700278,1.9034068776630322,0.11743221979030652,0.8924484329688722,1.1083524755813086,7,1500,13
234,0.48710076206378317,0.48710076206378317,0.24176227748841164,3.918617757142203,0.2438219671394643,1,0.2417655551913691,2.0147922460199825,0.1243042297697899,0.9915659283196623,1.1083524755813086,7,1500,14
236,0.5200572965794273,0.5200572965794273,0.24176227748841164,3.918617757142203,0.2438219671394643,1,0.26970236462664005,2.1511101813820197,0.13271447454438587,1.106144650503834,1.1083524755813086,7,1500,15
223,0.4543201126207968,0.4543201126207968,0.24176227748841164,3.918617757142203,0.2438219671394643,1,0.21213381636455061,1.8792018231321206,0.11593886946302376,0.8700357020875469,1.1083524755813086,7,1500,16
228,0.49372430493890096,0.49372430493890096,0.24176227748841164,3.918617757142203,0.2438219671394643,1,0.24662376448762968,2.0421891705688724,0.1259945050876735,1.0114911604603811,1.1083524755813086,7,1500,17
231,0.5137662418868452,0.5137662418868452,0.24176227748841164,3.918617757142203,0.2438219671394643,1,0.2642853014151855,2.125088525903184,0.1311090475590373,1.0839273610815237,1.1083524755813086,7,1500,18
235,0.4738344348922193,0.4738344348922193,0.24176227748841164,3.918617757142203,0.2438219671394643,1,0.2293201482128489,1.959918808735294,0.12091876887675328,0.9405229188462725,1.1083524755813086,7,1500,19
662,0.424202829551433,0.424202829551433,0.3108689351488424,3.9926079853413303,0.3190400829391581,1,0.3212962210949219,1.364571308317851,0.10624705232992407,1.0070716448384138,1.1292800724217658,0,5000,0
701,0.4264634153338136,0.4264634153338136,0.3108689351488424,3.9926079853413303,0.3190400829391581,1,0.324549272210291,1.3718431374612108,0.10681324510183661,1.0172680160448164,1.1292800724217658,0,5000,1
687,0.42425269859013065,0.42425269859013065,0.3108689351488424,3.9926079853413303,0.3190400829391581,1,0.3216738901891109,1.3647317265297052,0.10625954267179602,1.0082554117516798,1.1292800724217658,0,5000,2
709,0.45485280451423793,0.45485280451423793,0.3108689351488424,3.9926079853413303,0.3190400829391581,1,0.350599180534517,1.4631658332038124,0.1139237326039041,1.098918911080453,1.1292800724217658,0,5000,3
684,0.4200264233853064,0.4200264233853064,0.3108689351488424,3.9926079853413303,0.3190400829391581,1,0.31857318989258193,1.3511366878269775,0.10520101771258619,0.9985365693166987,1.1292800724217658,0,5000,4
678,0.38893555916918954,0.38893555916918954,0.3108689351488424,3.9926079853413303,0.3190400829391581,1,0.2886451298036649,1.2511239149160056,0.09741391105692015,0.9047299861024373,1.1292800724217658,0,5000,5
734,0.45466420730158175,0.45466420730158175,0.3108689351488424,3.9926079853413303,0.3190400829391581,1,0.3500834246257347,1.4625591556257975,0.11387649600733647,1.0973023245248363,1.1292800724217658,0,5000,6
710,0.4187992639564724,0.4187992639564724,0.3108689351488424,3.9926079853413303,0.3190400829391581,1,0.31702975555072843,1.3471891739711899,0.1048936598569341,0.9936988250193847,1.1292800724217658,0,5000,7
715,0.41087967590900626,0.41087967590900626,0.3108689351488424,3.9926079853413303,0.3190400829391581,1,0.309282610438384,1.3217135244223719,0.10291009721403438,0.9694161548264302,1.1292800724217658,0,5000,8
725,0.4561433862131276,0.4561433862131276,0.3108689351488424,3.9926079853413303,0.3190400829391581,1,0.3512790292152619,1.467317363166984,0.11424697538246587,1.1010498304134777,1.1292800724217658,0,5000,9
710,0.43115757952199946,0.43115757952199946,0.3108689351488424,3.9926079853413303,0.3190400829391581,1,0.3282603017013643,1.3869432766434624,0.10798895887223939,1.0288998757687902,1.1292800724217658,0,5000,10
656,0.3795397367455409,0.3795397367455409,0.3108689351488424,3.9926079853413303,0.3190400829391581,1,0.2800509404238212,1.2208995297771368,0.09506060653562858,0.8777923383289359,1.1292800724217658,0,5000,11
693,0.4339627566260081,0.4339627566260081,0.3108689351488424,3.9926079853413303,0.3190400829391581,1,0.3303254542769856,1.395966941560851,0.10869155154207015,1.0353728949474341,1.1292800724217658,0,5000,12
689,0.39768548632531936,0.39768548632531936,0.3108689351488424,3.9926079853413303,0.3190400829391581,1,0.29666420448828795,1.2792705907874315,0.09960544280465367,0.9298649929979573,1.1292800724217658,0,5000,13
643,0.3748652868511641,0.3748652868511641,0.3108689351488424,3.9926079853413303,0.3190400829391581,1,0.2760059559511341,1.2058628073328737,0.0938898304635627,0.865113729310838,1.1292800724217658,0,5000,14
675,0.4049942018829756,0.4049942018829756,0.3108689351488424,3.9926079853413303,0.3190400829391581,1,0.3043350202948048,1.3027811919806864,0.101436004578935,0.9539084164319328,1.1292800724217658,0,5000,15
688,0.41801838494028126,0.41801838494028126,0.3108689351488424,3.9926079853413303,0.3190400829391581,1,0.3158930124477125,1.3446772503664166,0.10469807866813266,0.9901358147150252,1.1292800724217658,0,5000,16
724,0.4282334798022475,0.4282334798022475,0.3108689351488424,3.9926079853413303,0.3190400829391581,1,0.32607641495339085,1.3775370626763064,0.1072565805043937,1.0220546959159817,1.1292800724217658,0,5000,17
711,0.43277170195934134,0.43277170195934134,0.3108689351488424,3.9926079853413303,0.3190400829391581,1,0.3292225561735455,1.3921355691334438,0.10839323658827563,1.031915968490797,1.1292800724217658,0,5000,18
697,0.42003947746922804,0.42003947746922804,0.3108689351488424,3.9926079853413303,0.3190400829391581,1,0.3183082540171113,1.3511786800701568,0.10520428727573128,0.9977061536741566,1.1292800724217658,0,5000,19
781,0.4516660143015453,0.4516660143015453,0.3410240913946273,3.973529060433214,0.3472065217248905,1,0.34990635174288964,1.324440195572239,0.11366873311662716,1.0077758620563537,1.1238837375496546,1,5000,0
776,0.45153910364836936,0.45153910364836936,0.3410240913946273,3.973529060433214,0.3472065217248905,1,0.3492981343212288,1.3240680498606063,0.11363679408931775,1.006024116672542,1.1238837375496546,1,5000,1
757,0.4257746447029024,0.4257746447029024,0.3410240913946273,3.973529060433214,0.3472065217248905,1,0.3250615566238544,1.248517789349384,0.10715276979916746,0.936219616523843,1.1238837375496546,1,5000,2
799,0.45388658927644965,0.45388658927644965,0.3410240913946273,3.973529060433214,0.3472065217248905,1,0.3514640371726416,1.3309516856133774,0.11422757512863506,1.0122621989546743,1.1238837375496546,1,5000,3
759,0.4320054808446776,0.4320054808446776,0.3410240913946273,3.973529060433214,0.3472065217248905,1,0.33085645166491834,1.2667887452701052,0.10872085601346482,0.952909668923422,1.1238837375496546,1,5000,4
759,0.4403432002990175,0.4403432002990175,0.3410240913946273,3.973529060433214,0.3472065217248905,1,0.33885841532404504,1.2912378081508025,0.1108191719758076,0.9759563663741889,1.1238837375496546,1,5000,5
766,0.4274859700774981,0.4274859700774981,0.3410240913946273,3.973529060433214,0.3472065217248905,1,0.3268575386255203,1.2535359843032867,0.10758345127867051,0.9413922785831375,1.1238837375496546,1,5000,6
782,0.4466786731848892,0.4466786731848892,0.3410240913946273,3.973529060433214,0.3472065217248905,1,0.34474637878069825,1.309815595016131,0.11241359164394535,0.9929144679311595,1.1238837375496546,1,5000,7
772,0.4428377104313386,0.4428377104313386,0.3410240913946273,3.973529060433214,0.3472065217248905,1,0.3414900715402374,1.298552570348745,0.11144695400391968,0.9835358790029223,1.1238837375496546,1,5000,8
807,0.45051085562834764,0.45051085562834764,0.3410240913946273,3.973529060433214,0.3472065217248905,1,0.34832350761326786,1.321052872792568,0.11337801958323433,1.0032170648259378,1.1238837375496546,1,5000,9
776,0.4305283088968359,0.4305283088968359,0.3410240913946273,3.973529060433214,0.3472065217248905,1,0.3292587159088449,1.2624571687477524,0.10834910286270753,0.9483079818694576,1.1238837375496546,1,5000,10
775,0.43853804305026456,0.43853804305026456,0.3410240913946273,3.973529060433214,0.3472065217248905,1,0.33651758646257024,1.2859444658494692,0.11036487625497646,0.9692144744020975,1.1238837375496546,1,5000,11
753,0.43392743515214627,0.43392743515214627,0.3410240913946273,3.973529060433214,0.3472065217248905,1,0.3330090605189328,1.2724245767435027,0.10920454551925117,0.9591094627617419,1.1238837375496546,1,5000,12
785,0.46842913598804453,0.46842913598804453,0.3410240913946273,3.973529060433214,0.3472065217248905,1,0.3650131848209703,1.3735954374143797,0.11788743176751149,1.051285508715729,1.1238837375496546,1,5000,13
768,0.4394001939942845,0.4394001939942845,0.3410240913946273,3.973529060433214,0.3472065217248905,1,0.3382799714407039,1.2884725891280744,0.11058184986480982,0.9742903726582083,1.1238837375496546,1,5000,14
796,0.4727492144174895,0.4727492144174895,0.3410240913946273,3.973529060433214,0.3472065217248905,1,0.3691678725179764,1.3862633941319769,0.1189746462722354,1.0632515503567843,1.1238837375496546,1,5000,15
793,0.46697630736499607,0.46697630736499607,0.3410240913946273,3.973529060433214,0.3472065217248905,1,0.3636839341475238,1.3693352438981181,0.11752180499067093,1.0474570936651046,1.1238837375496546,1,5000,16
827,0.48746928789220073,0.48746928789220073,0.3410240913946273,3.973529060433214,0.3472065217248905,1,0.3824220448503078,1.429427715498579,0.12267918026477309,1.1014252927925137,1.1238837375496546,1,5000,17
791,0.46387044968725116,0.46387044968725116,0.3410240913946273,3.973529060433214,0.3472065217248905,1,0.3611283953543604,1.3602278003006776,0.11674016790421501,1.0400968091276261,1.1238837375496546,1,5000,18
770,0.4317386794711249,0.4317386794711249,0.3410240913946273,3.973529060433214,0.3472065217248905,1,0.33084525397696235,1.2660063918226945,0.10865371132432451,0.9528774181238103,1.1238837375496546,1,5000,19
966,0.5757345507778968,0.5757345507778968,0.4300726413907547,3.9205817301993684,0.4356568489271439,1,0.4659463829171458,1.3386914101676066,0.14684926635839313,1.069526128338378,1.1089079710480243,2,5000,0
926,0.5298631219406602,0.5298631219406602,0.4300726413907547,3.9205817301993684,0.4356568489271439,1,0.42278633859364206,1.2320316870824575,0.13514910755698384,0.9704572294336771,1.1089079710480243,2,5000,1
937,0.537746829259364,0.537746829259364,0.4300726413907547,3.9205817301993684,0.4356568489271439,1,0.4304709580324843,1.2503627934118666,0.13715995897170563,0.9880963861639489,1.1089079710480243,2,5000,2
959,0.5561223661292705,0.5561223661292705,0.4300726413907547,3.9205817301993684,0.4356568489271439,1,0.4480091073576596,1.293089382135307,0.14184690038357922,1.028353183155354,1.1089079710480243,2,5000,3
994,0.5634996057180217,0.5634996057180217,0.4300726413907547,3.9205817301993684,0.4356568489271439,1,0.4552929143039848,1.3102428554762175,0.14372857001743125,1.0450723210829738,1.1089079710480243,2,5000,4
906,0.5060240411535907,0.5060240411535907,0.4300726413907547,3.9205817301993684,0.4356568489271439,1,0.4013863442477127,1.1766013283644987,0.129068611746007,0.9213360130482825,1.1089079710480243,2,5000,5
895,0.5244163785237673,0.5244163785237673,0.4300726413907547,3.9205817301993684,0.4356568489271439,1,0.41811679887672837,1.2193669814195272,0.1337598383638593,0.9597388401132452,1.1089079710480243,2,5000,6
876,0.5160156436241935,0.5160156436241935,0.4300726413907547,3.9205817301993684,0.4356568489271439,1,0.4102103538465486,1.1998336884567202,0.13161711172845597,0.9415905083478883,1.1089079710480243,2,5000,7
964,0.5545900712023387,0.5545900712023387,0.4300726413907547,3.9205817301993684,0.4356568489271439,1,0.4466755901578137,1.28952650744982,0.14145606682050646,1.0252922483780635,1.1089079710480243,2,5000,8
912,0.5374944255607113,0.5374944255607113,0.4300726413907547,3.9205817301993684,0.4356568489271439,1,0.43031763764756886,1.2497759072108832,0.1370955798269709,0.9877444569212593,1.1089079710480243,2,5000,9
873,0.503091625252934,0.503091625252934,0.4300726413907547,3.9205817301993684,0.4356568489271439,1,0.39820720906840534,1.1697829083618363,0.12832065746206264,0.9140386752762807,1.1089079710480243,2,5000,10
920,0.5508115025405474,0.5508115025405474,0.4300726413907547,3.9205817301993684,0.4356568489271439,1,0.44248994372479217,1.2807406226988804,0.14049228926864835,1.015684580225183,1.1089079710480243,2,5000,11
948,0.5724362972779722,0.5724362972779722,0.4300726413907547,3.9205817301993684,0.4356568489271439,1,0.4626268821847132,1.3310223487521704,0.14600800000383177,1.0619065976444217,1.1089079710480243,2,5000,12
966,0.5493731330755062,0.5493731330755062,0.4300726413907547,3.9205817301993684,0.4356568489271439,1,0.44138254465933313,1.2773961424259899,0.140125412727353,1.013142673519972,1.1089079710480243,2,5000,13
981,0.5810478159865485,0.5810478159865485,0.4300726413907547,3.9205817301993684,0.4356568489271439,1,0.47138962586900623,1.3510457538232967,0.14820449004056377,1.0820204641103623,1.1089079710480243,2,5000,14
975,0.5482049503878483,0.5482049503878483,0.4300726413907547,3.9205817301993684,0.4356568489271439,1,0.44098109118731715,1.2746798973658993,0.13982745115734935,1.0122211834228816,1.1089079710480243,2,5000,15
932,0.540118782575343,0.540118782575343,0.4300726413907547,3.9205817301993684,0.4356568489271439,1,0.43328655006511535,1.2558780322057332,0.13776495932094163,0.9945592526139192,1.1089079710480243,2,5000,16
959,0.569088179464212,0.569088179464212,0.4300726413907547,3.9205817301993684,0.4356568489271439,1,0.4598319418518384,1.323237343402997,0.14515401504849457,1.0554911347869969,1.1089079710480243,2,5000,17
972,0.5667642588765605,0.5667642588765605,0.4300726413907547,3.9205817301993684,0.4356568489271439,1,0.45825153705530464,1.3178337897611365,0.14456126612816192,1.0518634980347557,1.1089079710480243,2,5000,18
938,0.5567798393964187,0.5567798393964187,0.4300726413907547,3.9205817301993684,0.4356568489271439,1,0.44794047732150155,1.2946181314764,0.1420145982693506,1.0281956508307113,1.1089079710480243,2,5000,19
672,0.38835288535639584,0.38835288535639584,0.31942237263432055,3.994253428199673,0.3215248103013936,1,0.291006067086691,1.2157973849909003,0.0972279031206685,0.9050812185034969,1.1297454739430415,3,5000,0
708,0.42603705137692444,0.42603705137692444,0.31942237263432055,3.994253428199673,0.3215248103013936,1,0.324336848725634,1.33377336052994,0.10666249877112875,1.0087459453645409,1.1297454739430415,3,5000,1
665,0.4410990406067094,0.4410990406067094,0.31942237263432055,3.994253428199673,0.3215248103013936,1,0.33795301241275794,1.3809271935741523,0.1104334135366883,1.0510946638797942,1.1297454739430415,3,5000,2
648,0.4249025043549256,0.4249025043549256,0.31942237263432055,3.994253428199673,0.3215248103013936,1,0.32362704917646995,1.3302214896555171,0.10637845394463155,1.0065383410788913,1.1297454739430415,3,5000,3
665,0.4131617336047544,0.4131617336047544,0.31942237263432055,3.994253428199673,0.3215248103013936,1,0.3123479015567321,1.29346523287443,0.10343903836642095,0.971458162945313,1.1297454739430415,3,5000,4
695,0.40190109265617935,0.40190109265617935,0.31942237263432055,3.994253428199673,0.3215248103013936,1,0.3025824306828372,1.2582120949814672,0.10061982793047959,0.9410857917906862,1.1297454739430415,3,5000,5
687,0.41930805354830414,0.41930805354830414,0.31942237263432055,3.994253428199673,0.3215248103013936,1,0.3183261503023416,1.3127072161233182,0.10497782904508854,0.9900515919874002,1.1297454739430415,3,5000,6
681,0.4456898400398362,0.4456898400398362,0.31942237263432055,3.994253428199673,0.3215248103013936,1,0.34311503204039956,1.3952993848369803,0.11158276460207525,1.0671494735313505,1.1297454739430415,3,5000,7
657,0.4099174935239874,0.4099174935239874,0.31942237263432055,3.994253428199673,0.3215248103013936,1,0.3106609444844643,1.2833086491197878,0.1026268114661791,0.9662114229793164,1.1297454739430415,3,5000,8
689,0.44708054560404387,0.44708054560404387,0.31942237263432055,3.994253428199673,0.3215248103013936,1,0.3430259814284081,1.3996531987315375,0.11193094119857992,1.066872510108503,1.1297454739430415,3,5000,9
644,0.4274840515409222,0.4274840515409222,0.31942237263432055,3.994253428199673,0.3215248103013936,1,0.3253363692243707,1.338303413174857,0.10702476926547994,1.0118546339220422,1.1297454739430415,3,5000,10
687,0.43703392819725767,0.43703392819725767,0.31942237263432055,3.994253428199673,0.3215248103013936,1,0.334013841728234,1.3682007449665416,0.10941567330499649,1.0388431344229185,1.1297454739430415,3,5000,11
664,0.4253145104720638,0.4253145104720638,0.31942237263432055,3.994253428199673,0.3215248103013936,1,0.3241455385318967,1.3315113370564375,0.10648160366323213,1.0081509362467127,1.1297454739430415,3,5000,12
633,0.37893154220551784,0.37893154220551784,0.31942237263432055,3.994253428199673,0.3215248103013936,1,0.2816181556101943,1.1863024467585566,0.0948691786881218,0.8758831249949537,1.1297454739430415,3,5000,13
686,0.44320333279800483,0.44320333279800483,0.31942237263432055,3.994253428199673,0.3215248103013936,1,0.3393646977639201,1.3875149982227155,0.11096024345099444,1.0554852592737822,1.1297454739430415,3,5000,14
661,0.399033087746156,0.399033087746156,0.31942237263432055,3.994253428199673,0.3215248103013936,1,0.3002394492653487,1.2492333722753195,0.09990179514623634,0.9337986980970697,1.1297454739430415,3,5000,15
725,0.44440138874678375,0.44440138874678375,0.31942237263432055,3.994253428199673,0.3215248103013936,1,0.3415152696328193,1.3912656933881742,0.11126018835191648,1.062173924658215,1.1297454739430415,3,5000,16
688,0.42520506499977606,0.42520506499977606,0.31942237263432055,3.994253428199673,0.3215248103013936,1,0.32384421233208877,1.3311687014690017,0.1064542029300901,1.0072137575589297,1.1297454739430415,3,5000,17
693,0.445705501710158,0.445705501710158,0.31942237263432055,3.994253428199673,0.3215248103013936,1,0.3426600096045658,1.3953484160622909,0.11158668565280559,1.065734271900698,1.1297454739430415,3,5000,18
692,0.4270568452131374,0.4270568452131374,0.31942237263432055,3.994253428199673,0.3215248103013936,1,0.32515723276264163,1.3369659792178628,0.10691781402704445,1.011297487300725,1.1297454739430415,3,5000,19
753,0.4451054798690856,0.4451054798690856,0.32268450717962804,3.9268844404569703,0.3290808259070563,1,0.34328084859132424,1.3793828645802004,0.11334825015051597,1.0431505623128543,1.110690646713226,4,5000,0
738,0.4460332375458728,0.4460332375458728,0.32268450717962804,3.9268844404569703,0.3290808259070563,1,0.3440354500204572,1.3822579876683714,0.11358450810280735,1.0454436203391098,1.110690646713226,4,5000,1
734,0.42648653823496224,0.42648653823496224,0.32268450717962804,3.9268844404569703,0.3290808259070563,1,0.3261179791190351,1.3216827233591075,0.10860684715879547,0.9909965985412411,1.110690646713226,4,5000,2
734,0.43976225637632704,0.43976225637632704,0.32268450717962804,3.9268844404569703,0.3290808259070563,1,0.3375312751242592,1.3628242031822295,0.11198757260225159,1.0256789473950987,1.110690646713226,4,5000,3
662,0.4034234561622139,0.4034234561622139,0.32268450717962804,3.9268844404569703,0.3290808259070563,1,0.30448942118424777,1.2502101811093185,0.10273372244059915,0.925272447414624,1.110690646713226,4,5000,4
754,0.4619379341004985,0.4619379341004985,0.32268450717962804,3.9268844404569703,0.3290808259070563,1,0.35875253298609344,1.431546677397042,0.11763471553717098,1.0901654084441172,1.110690646713226,4,5000,5
721,0.4046025949416495,0.4046025949416495,0.32268450717962804,3.9268844404569703,0.3290808259070563,1,0.30678165169469007,1.2538643347894614,0.10303399579911397,0.9322380021658744,1.110690646713226,4,5000,6
717,0.43239687558878864,0.43239687558878864,0.32268450717962804,3.9268844404569703,0.3290808259070563,1,0.3311328236950052,1.3399988718642983,0.1101119429779988,1.0062355434483092,1.110690646713226,4,5000,7
736,0.4331516051526467,0.4331516051526467,0.32268450717962804,3.9268844404569703,0.3290808259070563,1,0.33231949494129337,1.342337780448583,0.1103041384895556,1.009841561036898,1.110690646713226,4,5000,8
725,0.4081021229214346,0.4081021229214346,0.32268450717962804,3.9268844404569703,0.3290808259070563,1,0.3096257786903388,1.2647093797232023,0.10392516742202475,0.9408806418207658,1.110690646713226,4,5000,9
753,0.43025027094101315,0.43025027094101315,0.32268450717962804,3.9268844404569703,0.3290808259070563,1,0.32938755481150245,1.333346539322716,0.10956529978532932,1.0009320777155604,1.110690646713226,4,5000,10
729,0.4167644741167002,0.4167644741167002,0.32268450717962804,3.9268844404569703,0.3290808259070563,1,0.31659609897927055,1.291554025197438,0.10613107679537456,0.9620618220664371,1.110690646713226,4,5000,11
738,0.4433302315440897,0.4433302315440897,0.32268450717962804,3.9268844404569703,0.3290808259070563,1,0.342000967207922,1.373881366102594,0.11289617463061874,1.0392613008225366,1.110690646713226,4,5000,12
732,0.42515051096410494,0.42515051096410494,0.32268450717962804,3.9268844404569703,0.3290808259070563,1,0.3246677017397178,1.317542371897754,0.108266621391749,0.9865895432978374,1.110690646713226,4,5000,13
721,0.4264303361519902,0.4264303361519902,0.32268450717962804,3.9268844404569703,0.3290808259070563,1,0.32615247105388034,1.3215085529799242,0.10859253502819316,0.991101411499426,1.110690646713226,4,5000,14
718,0.42918564128948156,0.42918564128948156,0.32268450717962804,3.9268844404569703,0.3290808259070563,1,0.3288951241590666,1.3300472496826994,0.10929418672670117,0.9994356956304645,1.110690646713226,4,5000,15
801,0.45469006236628534,0.45469006236628534,0.32268450717962804,3.9268844404569703,0.3290808259070563,1,0.3521042791613415,1.4090855068947394,0.11578901015823455,1.0699629131865247,1.110690646713226,4,5000,16
798,0.4546340798576991,0.4546340798576991,0.32268450717962804,3.9268844404569703,0.3290808259070563,1,0.3520204672692756,1.4089120169770624,0.11577475394330511,1.069708228363017,1.110690646713226,4,5000,17
752,0.43366869543480274,0.43366869543480274,0.32268450717962804,3.9268844404569703,0.3290808259070563,1,0.3326459056144731,1.3439402443743398,0.11043581801565235,1.0108334470645328,1.110690646713226,4,5000,18
739,0.41048311859671843,0.41048311859671843,0.32268450717962804,3.9268844404569703,0.3290808259070563,1,0.3117005948148786,1.272088090576396,0.10453149941660891,0.947185524880485,1.110690646713226,4,5000,19
656,0.3583909735043349,0.3583909735043349,0.25663538767738164,3.9864601991172934,0.26166222255788196,1,0.26322030669642926,1.3964986541718518,0.08990205736500068,1.0059545628074096,1.127541215890445,5,5000,0
617,0.3773952559403154,0.3773952559403154,0.25663538767738164,3.9864601991172934,0.26166222255788196,1,0.2798068582764358,1.4705503374099833,0.09466926473363026,1.0693437346101426,1.127541215890445,5,5000,1
626,0.3475208036831049,0.3475208036831049,0.25663538767738164,3.9864601991172934,0.26166222255788196,1,0.2529231444141186,1.3541421813579975,0.08717528492070611,0.9666016818999151,1.127541215890445,5,5000,2
634,0.3723566661775811,0.3723566661775811,0.25663538767738164,3.9864601991172934,0.26166222255788196,1,0.27535086494960886,1.450917075573668,0.0934053389671445,1.0523141715220234,1.127541215890445,5,5000,3
604,0.3490049080939627,0.3490049080939627,0.25663538767738164,3.9864601991172934,0.26166222255788196,1,0.25432909024691247,1.3599251110789892,0.08754757119392324,0.9719748145556345,1.127541215890445,5,5000,4
569,0.33436449825605863,0.33436449825605863,0.25663538767738164,3.9864601991172934,0.26166222255788196,1,0.2408280320846532,1.302877601106169,0.08387503739033834,0.9203775376148536,1.127541215890445,5,5000,5
606,0.33868654560552414,0.33868654560552414,0.25663538767738164,3.9864601991172934,0.26166222255788196,1,0.2459584536027768,1.3197187989962227,0.08495921912891999,0.9399845770566618,1.127541215890445,5,5000,6
569,0.3362904030124878,0.3362904030124878,0.25663538767738164,3.9864601991172934,0.26166222255788196,1,0.2424832815215863,1.3103820406686904,0.08435814888781563,0.9267034390795442,1.127541215890445,5,5000,7
610,0.34444745362486573,0.34444745362486573,0.25663538767738164,3.9864601991172934,0.26166222255788196,1,0.25036170443240663,1.3421666308072577,0.08640433778848097,0.9568125730378386,1.127541215890445,5,5000,8
605,0.34189832439102297,0.34189832439102297,0.25663538767738164,3.9864601991172934,0.26166222255788196,1,0.24725433113883583,1.3322337479850053,0.08576489098441976,0.9449370593958821,1.127541215890445,5,5000,9
628,0.3661255273678913,0.3661255273678913,0.25663538767738164,3.9864601991172934,0.26166222255788196,1,0.2701505493357016,1.4266369524539249,0.09184226333150423,1.0324400163494825,1.127541215890445,5,5000,10
587,0.34387808864846714,0.34387808864846714,0.25663538767738164,3.9864601991172934,0.26166222255788196,1,0.2490227613970699,1.3399480553350616,0.08626151308988629,0.9516955063774402,1.127541215890445,5,5000,11
654,0.3872301701166271,0.3872301701166271,0.25663538767738164,3.9864601991172934,0.26166222255788196,1,0.2897833235844605,1.5088728550694543,0.09713634421895645,1.1074710011696776,1.127541215890445,5,5000,12
622,0.35639056942136427,0.35639056942136427,0.25663538767738164,3.9864601991172934,0.26166222255788196,1,0.2608149045574211,1.3887039221160944,0.08940025777763402,0.9967617870391152,1.127541215890445,5,5000,13
623,0.36323420799374107,0.36323420799374107,0.25663538767738164,3.9864601991172934,0.26166222255788196,1,0.2672664801974529,1.4153706987999863,0.09111697843469517,1.021417908878043,1.127541215890445,5,5000,14
601,0.331505681743432,0.331505681743432,0.25663538767738164,3.9864601991172934,0.26166222255788196,1,0.2388398072106239,1.2917379974119951,0.08315790580747201,0.9127790969435431,1.127541215890445,5,5000,15
620,0.37958645481326203,0.37958645481326203,0.25663538767738164,3.9864601991172934,0.26166222255788196,1,0.28268652515226345,1.4790885163913683,0.09521892502459009,1.0803490178630226,1.127541215890445,5,5000,16
612,0.36879671250621215,0.36879671250621215,0.25663538767738164,3.9864601991172934,0.26166222255788196,1,0.27258056873905306,1.437045435720772,0.09251232775078838,1.041726872432859,1.127541215890445,5,5000,17
650,0.37608651458082576,0.37608651458082576,0.25663538767738164,3.9864601991172934,0.26166222255788196,1,0.2799590668586572,1.4654507236297711,0.09434096812608367,1.0699254333388832,1.127541215890445,5,5000,18
648,0.3668290018085728,0.3668290018085728,0.25663538767738164,3.9864601991172934,0.26166222255788196,1,0.27095245763823833,1.4293780960158013,0.09201872927009239,1.035504686116091,1.127541215890445,5,5000,19
874,0.6011309306694701,0.6011309306694701,0.49084860665116825,3.9860184578529045,0.4996797906626031,1,0.4873426772274342,1.2246768606937826,0.15080987131034845,0.9753099611677126,1.1274162725930132,6,5000,0
869,0.6114722513743887,0.6114722513743887,0.49084860665116825,3.9860184578529045,0.4996797906626031,1,0.4968152299352114,1.2457451097726027,0.15340426990991965,0.9942672071576216,1.1274162725930132,6,5000,1
903,0.6173128831888023,0.6173128831888023,0.49084860665116825,3.9860184578529045,0.4996797906626031,1,0.5030770582974996,1.2576441591643521,0.1548695495808923,1.0067988894055362,1.1274162725930132,6,5000,2
895,0.6058651720142311,0.6058651720142311,0.49084860665116825,3.9860184578529045,0.4996797906626031,1,0.49164920772443593,1.2343218740046291,0.15199758315735054,0.9839285416616146,1.1274162725930132,6,5000,3
969,0.6634965181615099,0.6634965181615099,0.49084860665116825,3.9860184578529045,0.4996797906626031,1,0.5457092923047431,1.3517335267349295,0.16645595728598475,1.0921179973700803,1.1274162725930132,6,5000,4
897,0.6185850795235587,0.6185850795235587,0.49084860665116825,3.9860184578529045,0.4996797906626031,1,0.5045699032679802,1.2602359895526178,0.15518871426821332,1.0097864926634166,1.1274162725930132,6,5000,5
839,0.5976192654623195,0.5976192654623195,0.49084860665116825,3.9860184578529045,0.4996797906626031,1,0.48319325749996933,1.2175225871365873,0.14992887558885792,0.9670058035751822,1.1274162725930132,6,5000,6
873,0.6242413726923752,0.6242413726923752,0.49084860665116825,3.9860184578529045,0.4996797906626031,1,0.5094625640838039,1.271759488024798,0.15660774762910332,1.0195780850136609,1.1274162725930132,6,5000,7
929,0.6553482336163579,0.6553482336163579,0.49084860665116825,3.9860184578529045,0.4996797906626031,1,0.5381833876133912,1.335133124014539,0.16441174082504514,1.0770565423503125,1.1274162725930132,6,5000,8
880,0.636780858303902,0.636780858303902,0.49084860665116825,3.9860184578529045,0.4996797906626031,1,0.5206463094997994,1.297306032196692,0.15975361505147376,1.0419599095840828,1.1274162725930132,6,5000,9
873,0.5953329363118999,0.5953329363118999,0.49084860665116825,3.9860184578529045,0.4996797906626031,1,0.48264254532775086,1.2128646760832829,0.14935528839286408,0.9659036734060029,1.1274162725930132,6,5000,10
933,0.6410483917198898,0.6410483917198898,0.49084860665116825,3.9860184578529045,0.4996797906626031,1,0.5253737334554593,1.3060002270220645,0.1608242406547196,1.0514208164368317,1.1274162725930132,6,5000,11
908,0.6306233087725003,0.6306233087725003,0.49084860665116825,3.9860184578529045,0.4996797906626031,1,0.5148714828360419,1.284761330127735,0.15820882804245462,1.0304028549029245,1.1274162725930132,6,5000,12
848,0.604985279426712,0.604985279426712,0.49084860665116825,3.9860184578529045,0.4996797906626031,1,0.4909299021666826,1.232529279352029,0.15177683842251732,0.9824890086422794,1.1274162725930132,6,5000,13
904,0.6165878832829025,0.6165878832829025,0.49084860665116825,3.9860184578529045,0.4996797906626031,1,0.5016074788188752,1.2561671255208298,0.15468766384364202,1.0038578469497754,1.1274162725930132,6,5000,14
885,0.5912014565944631,0.5912014565944631,0.49084860665116825,3.9860184578529045,0.4996797906626031,1,0.4783167252767218,1.2044476618319357,0.1483187955213127,0.9572464890814322,1.1274162725930132,6,5000,15
918,0.6375147105720395,0.6375147105720395,0.49084860665116825,3.9860184578529045,0.4996797906626031,1,0.5215324080225033,1.298801100652003,0.15993772164202194,1.0437332423048817,1.1274162725930132,6,5000,16
892,0.6430517350164837,0.6430517350164837,0.49084860665116825,3.9860184578529045,0.4996797906626031,1,0.5269693025315854,1.3100816143774485,0.16132683323369953,1.05461399956319,1.1274162725930132,6,5000,17
875,0.5870514061389253,0.5870514061389253,0.49084860665116825,3.9860184578529045,0.4996797906626031,1,0.47484739218486594,1.1959928136378015,0.1472776436803417,0.9503033763986972,1.1274162725930132,6,5000,18
924,0.6386765693176207,0.6386765693176207,0.49084860665116825,3.9860184578529045,0.4996797906626031,1,0.5234016600241104,1.3011681415885317,0.16022920517574527,1.0474741420501532,1.1274162725930132,6,5000,19
694,0.3334405081170167,0.3334405081170167,0.24176227748841164,3.918617757142203,0.2438219671394643,1,0.24291264432759255,1.3792081692024905,0.08509135842843486,0.9962705459949324,1.1083524755813086,7,5000,0
723,0.3226310611299672,0.3226310611299672,0.24176227748841164,3.918617757142203,0.2438219671394643,1,0.23301543494968768,1.3344971121288012,0.08233287376446174,0.9556785948511548,1.1083524755813086,7,5000,1
732,0.33621324435047834,0.33621324435047834,0.24176227748841164,3.918617757142203,0.2438219671394643,1,0.24530868366313816,1.3906770230793926,0.08579893860218565,1.006097549540413,1.1083524755813086,7,5000,2
787,0.35749069374234643,0.35749069374234643,0.24176227748841164,3.918617757142203,0.2438219671394643,1,0.26516484296937703,1.4786868218491283,0.09122877399582341,1.0875346716307344,1.1083524755813086,7,5000,3
738,0.3437782468087615,0.3437782468087615,0.24176227748841164,3.918617757142203,0.2438219671394643,1,0.2515972294198917,1.4219681018071142,0.08772946689739765,1.0318890966701946,1.1083524755813086,7,5000,4
784,0.3315800550071328,0.3315800550071328,0.24176227748841164,3.918617757142203,0.2438219671394643,1,0.24164942109930052,1.3715127870725257,0.08461658563221278,0.9910896213919843,1.1083524755813086,7,5000,5
785,0.34309867886790946,0.34309867886790946,0.24176227748841164,3.918617757142203,0.2438219671394643,1,0.25246172344595086,1.419157208611071,0.08755604657855857,1.035434691992066,1.1083524755813086,7,5000,6
733,0.34405996513106224,0.34405996513106224,0.24176227748841164,3.918617757142203,0.2438219671394643,1,0.25238626049834,1.4231333717790362,0.08780135916649873,1.0351251917919972,1.1083524755813086,7,5000,7
749,0.31858388724426717,0.31858388724426717,0.24176227748841164,3.918617757142203,0.2438219671394643,1,0.2289082001111569,1.3177568086879798,0.08130006726571011,0.9388333741898783,1.1083524755813086,7,5000,8
742,0.3194296042802731,0.3194296042802731,0.24176227748841164,3.918617757142203,0.2438219671394643,1,0.2299121624261961,1.3212549434871381,0.08151588750856603,0.9429509782221063,1.1083524755813086,7,5000,9
753,0.3253219080021878,0.3253219080021878,0.24176227748841164,3.918617757142203,0.2438219671394643,1,0.23553158178522268,1.3456272474839728,0.08301955642630499,0.9659982016735204,1.1083524755813086,7,5000,10
747,0.3297691911390853,0.3297691911390853,0.24176227748841164,3.918617757142203,0.2438219671394643,1,0.23919577729056146,1.3640225206552006,0.08415446761502497,0.9810263615572559,1.1083524755813086,7,5000,11
708,0.34329641569928143,0.34329641569928143,0.24176227748841164,3.918617757142203,0.2438219671394643,1,0.25182698920871016,1.4199751063965578,0.08760650744094087,1.0328314227104363,1.1083524755813086,7,5000,12
723,0.33001037539533173,0.33001037539533173,0.24176227748841164,3.918617757142203,0.2438219671394643,1,0.2398460074567647,1.3650201297890656,0.08421601591373486,0.9836931851163953,1.1083524755813086,7,5000,13
771,0.3420380840530322,0.3420380840530322,0.24176227748841164,3.918617757142203,0.2438219671394643,1,0.25095629277041154,1.4147702760180487,0.08728539124022042,1.0292603891054102,1.1083524755813086,7,5000,14
785,0.36929508347376677,0.36929508347376677,0.24176227748841164,3.918617757142203,0.2438219671394643,1,0.2759985548588641,1.527513255211902,0.09424116011332753,1.1319675503273872,1.1083524755813086,7,5000,15
737,0.3204905809765966,0.3204905809765966,0.24176227748841164,3.918617757142203,0.2438219671394643,1,0.2310670277101477,1.32564345565432,0.0817866403000037,0.9476874886255804,1.1083524755813086,7,5000,16
721,0.34943677532251743,0.34943677532251743,0.24176227748841164,3.918617757142203,0.2438219671394643,1,0.2570144450536937,1.4453734426755924,0.08917347824641032,1.0541070112303843,1.1083524755813086,7,5000,17
715,0.32687418423305237,0.32687418423305237,0.24176227748841164,3.918617757142203,0.2438219671394643,1,0.23682685977376206,1.3520479192570494,0.08341568494076275,0.9713105941693059,1.1083524755813086,7,5000,18
743,0.3320579667338005,0.3320579667338005,0.24176227748841164,3.918617757142203,0.2438219671394643,1,0.24166420894905669,1.3734895707611663,0.08473854489343356,0.9911502715865901,1.1083524755813086,7,5000,19
