game,true_loss,C0,Cstar,Ctilde,delta_r,r_C0,r_Cstar,r_Ctilde,slack_Ctilde,true_over_range,usable
0,0.40299137021700776,2.8949201864553267,0.8159044783772583,0.415120089006628,0.9944714356190629,7.183578608386662,2.024620224343514,1.0300967208878171,0.030096720887817074,0.10130792996737605,True
1,0.27924074411021116,2.4781305517709638,0.5836716513850665,0.28467179862145064,0.990316595010647,8.874530683791946,2.0902094830212246,1.0194493626943493,0.019449362694349322,0.07049279632318214,True
2,0.29350971951226995,2.58780130212194,0.5784757464474168,0.29746130560778783,0.9786965725769815,8.816748237237707,1.9708912788601336,1.0134632205777863,0.013463220577786301,0.0749746468252762,True
3,0.36630452862174095,3.0999114017412794,0.7266911193893578,0.37089413901380536,0.9719701912575766,8.462661964363422,1.9838442132386653,1.0125294939959746,0.012529493995974582,0.09421701712575169,True
4,0.31917202976019043,3.159529533684643,0.7150689832503428,0.3235513157251789,0.9759391795946772,9.899142904403472,2.240387366611069,1.0137207698565531,0.013720769856553097,0.08176022554313978,True
5,0.3458242818854219,2.9939734188764104,0.739755583487583,0.35266467046151917,0.9982563259542057,8.657499128035116,2.139108276187147,1.0197799545445556,0.01977995454455568,0.08660708499764778,True
6,0.25458110306516674,1.7223541573069576,0.5333426334602257,0.26308481337538053,0.9906590015998047,6.765443847048128,2.0949812340301732,1.0334027553806184,0.03340275538061852,0.06424539186895956,True
7,0.45395435034090365,3.683520851408606,0.900399541763832,0.4660298624441623,0.9917660413823167,8.114297943487957,1.9834583391208032,1.0266007189802022,0.0266007189802022,0.11443080610730157,True
8,0.3420255541654415,3.036137107852881,0.6747099162673407,0.3505893212445306,0.9766585767457596,8.876930600291544,1.9726886136144555,1.025038383754644,0.025038383754644063,0.08754992847784011,True
9,0.41185314561660014,3.1040657826441214,0.8626634597411698,0.4213847450357994,0.9885528106006874,7.536826695828468,2.0945899501377983,1.0231431992705293,0.023143199270529276,0.10415557499814813,True
10,0.297564501351811,3.1105100319349988,0.6258687596815463,0.30316617158280795,0.9740868397950676,10.453229527729981,2.103304516628415,1.0188250621480353,0.018825062148035202,0.07637011639907122,True
11,0.29023768245606035,2.2741289305002566,0.5997262540868907,0.2935581603379383,0.9819252725349039,7.835402044476225,2.0663280143772664,1.0114405471191035,0.011440547119103466,0.07389505356828044,True
12,0.43991599924548486,3.2045018900065347,0.8692283118279455,0.4443701489970621,0.9594023967665113,7.28434950195648,1.975896110436513,1.0101250005892415,0.010125000589241422,0.11463281745181703,True
13,0.45728941176934496,4.008139500454489,0.9706755955294282,0.4659971388621823,0.9910958939958469,8.764995202810818,2.1226723614126306,1.0190420483587088,0.019042048358708756,0.1153494365529228,True
14,0.44715683089296804,3.339104823654704,0.9489289216718597,0.4548704656978634,0.9930989916717521,7.4674132048626936,2.122138936750351,1.017250401362518,0.01725040136251812,0.11256602681174765,True
15,0.352991706382452,2.7630075240913516,0.676862134829926,0.36311726936983607,0.9811602366184705,7.827400684303179,1.9175015236663202,1.0286849883561102,0.028684988356110174,0.08994242051609831,True
16,0.36831841204565663,3.8600291350255675,0.7784893262289551,0.3710763869243055,0.9904082461904093,10.480141662174303,2.1136313058725227,1.0074880179443948,0.007488017944394794,0.09297136142151177,True
17,0.408287822439452,3.8781432773205498,0.7880990484117927,0.4132620945534151,0.9949602556568522,9.498552403912727,1.9302536228071452,1.0121832487783806,0.012183248778380574,0.10258897783055385,True
18,0.5249975868895723,4.0963003648880205,0.9595341517928497,0.5318833501990113,0.9932114977037342,7.802512748976947,1.8276924994603405,1.0131157999225002,0.013115799922500152,0.13214647336024252,True
19,0.4754688359133634,3.4542039839946796,0.9424272811998493,0.4865419009061417,0.9798304664575637,7.2648378255101465,1.9821010548240678,1.0232887292634167,0.023288729263416807,0.12131405691852813,True
20,0.24899974039414477,2.0724330217665616,0.5160797317045105,0.25085519182164623,0.9914096895278861,8.323032861343878,2.0726115251670603,1.007451619927653,0.007451619927653105,0.06278931480706014,True
21,0.41822454113867613,4.017260971815296,0.8899977090727881,0.4247855332832721,0.998144275821976,9.605512294610278,2.128037983255698,1.0156877263269457,0.01568772632694569,0.10475052336353542,True
22,0.3668113224958517,3.156693599884767,0.7104738385225066,0.3726835820491602,0.974243910616845,8.60576925054015,1.9368917886403068,1.0160089375468362,0.01600893754683625,0.09412717865067388,True
23,0.3707640493881632,3.8905972576940298,0.807310378224056,0.3795241868265971,0.9824676633483771,10.493458748533774,2.1774235650848133,1.0236272568845062,0.02362725688450627,0.09434510244453015,True
24,0.3336247039853983,3.0710316867588747,0.693205391330295,0.33857088128346546,0.9594626657535296,9.205048817048285,2.077799944217064,1.014825572683861,0.014825572683861135,0.08693009011543475,True
25,0.2584842500136699,2.2059087006845006,0.5323930584658393,0.2602271759776731,0.9905501437382033,8.53401590451968,2.059673107501458,1.0067428710411215,0.00674287104112141,0.06523754795445919,True
26,0.4165628603820957,3.3384810547296304,0.8127213725889257,0.4244034133855819,0.9947225048356911,8.01435118739914,1.9510173610855523,1.0188220164329926,0.01882201643299254,0.104693233127088,True
27,0.29969547237292327,2.7721740075018375,0.664562779648212,0.3059220143884841,0.9923523209108778,9.24996959597811,2.217460191795188,1.0207762298384437,0.02077622983844378,0.07550127763540511,True
28,0.3938948394705136,3.399972346708722,0.8580145327446347,0.4028692988261365,0.982918815531939,8.631675274748654,2.1782832542259403,1.0227838967570293,0.02278389675702941,0.10018498813082147,True
29,0.36029449451594286,2.4969268663035615,0.6799178642117992,0.36392707422178244,0.9731898563353829,6.930238747217587,1.8871169961263818,1.010082251494628,0.010082251494627926,0.09255503748072806,True
30,0.28643898333953893,3.0326885090105478,0.6067722679063744,0.2898389258761797,0.9829212620770225,10.58755506549072,2.118329917360162,1.0118696920963812,0.011869692096381147,0.0728540002111312,True
31,0.3079878458165066,2.391080129827172,0.6077576082850473,0.3113949017075544,0.9819035499455326,7.763553537277354,1.9733168582475098,1.0110623063128201,0.01106230631282003,0.0784160129153192,True
32,0.4215299667752828,3.5751335223736485,0.8221881051928033,0.4286797741253664,0.9883765531080269,8.481327080310635,1.9504855407613544,1.016961563622107,0.016961563622106934,0.10662180457684602,True
33,0.4436837364971746,3.6178598327635654,0.9187650860888384,0.45249945708192846,0.987348667037533,8.154141193738807,2.0707657516193163,1.019869379604384,0.019869379604384084,0.11234221286498897,True
34,0.38022818993562885,3.3005923285137344,0.7620827533390896,0.3855329702942111,0.9975812529210029,8.680556612786948,2.0042773616235747,1.0139515703963988,0.013951570396398823,0.09528752390401492,True
35,0.44876152350758036,2.9521615828067387,0.9166747201089905,0.4549692712596756,0.9954330799174919,6.578464124402304,2.0426767271492836,1.0138330659535484,0.01383306595354849,0.11270509604341677,True
36,0.3663611889117562,2.885396240314476,0.6601901695034437,0.3693054296391708,0.9883487986182576,7.8758239891220265,1.8020199450287864,1.008036442768843,0.008036442768843022,0.09267001422573197,True
37,0.40751402799363046,3.6183045490927923,0.7963852156919395,0.41533361930128987,0.9896396349196731,8.878969312804484,1.954252273505508,1.019188520567399,0.019188520567399055,0.10294505535510091,True
38,0.4445198526307079,3.911458474343811,0.8818268460546888,0.44874770188575147,0.9860695202564838,8.799288605886673,1.983773819855197,1.0095110470995228,0.009511047099522689,0.11269992721078254,True
39,0.36218194860058744,3.087913040729718,0.7938698718818128,0.3664677963371562,0.9838437391734527,8.525861249189573,2.191908997533416,1.011833410674189,0.01183341067418899,0.09203238638913938,True
40,0.37747916647257457,3.081312114701479,0.7838801100564428,0.3800728825680868,0.9643867155631,8.162866691413416,2.0766182075200565,1.0068711503200287,0.006871150320028794,0.09785471958004073,True
41,0.22730957030840168,2.6309097001744512,0.5209909889405627,0.2301910864868528,0.9604204182455482,11.574126406578356,2.2919887985081733,1.0126766161870864,0.012676616187086298,0.05916928825910436,True
42,0.3459942229270699,2.972315958466526,0.7829608773195137,0.3498664121511849,0.9682600818857504,8.590651986386037,2.26293049258383,1.01119148519694,0.011191485196939912,0.08933400989050981,True
43,0.41740328859233183,4.070300171063907,0.882326670494556,0.4242734297655134,0.9939203805505016,9.751480839527536,2.1138469547524434,1.0164592406455415,0.01645924064554145,0.10498911601982272,True
44,0.4161456766013706,3.562867307869675,0.8463689762955382,0.4263865851057162,0.975923575407069,8.561586742814043,2.033828593889928,1.0246089508558212,0.024608950855821255,0.10660303918464913,True
45,0.4436718469732676,3.766095720900037,0.8541955286133217,0.44661509774239105,0.9924389651039084,8.488471257737826,1.9252867506483664,1.0066338461392181,0.006633846139218246,0.1117630057297315,True
46,0.2934101633551582,2.700270165826303,0.5783940694809924,0.29679469539035247,0.9845274516858463,9.203056005111051,1.97128164500858,1.011535156098521,0.011535156098520972,0.07450532812791051,True
47,0.31315351178920453,2.8633156265137405,0.7024695319330947,0.31741344114094655,0.9787793743046457,9.14348879613123,2.2432114138510877,1.0136033261367656,0.0136033261367656,0.07998572508019956,True
48,0.3424913574856323,3.078963924771489,0.701873570804307,0.34744939917952905,0.9908270368117085,8.989902540535358,2.0493176118575516,1.0144763994347061,0.014476399434706128,0.08641552580854674,True
49,0.30400385915882616,2.4955667910152997,0.5850263370984817,0.31273151002329336,0.9907999718265548,8.208997076288746,1.924404310909869,1.0287090133941603,0.02870901339416041,0.07670666829914984,True
50,0.4609519669783966,3.6729961917957197,0.977192220323925,0.4691872544508712,0.9908723556640214,7.968284018555586,2.119943704177149,1.01786582564439,0.01786582564439,0.11629953251382592,True
51,0.34652489092947136,2.4607903008281946,0.6712767474907649,0.3493985543787399,0.9828007230744961,7.101337783348563,1.937167473569426,1.0082928052918814,0.008292805291881379,0.08814729242501912,True
52,0.4652967981306939,3.3324249550044356,0.8140938087971428,0.4729349769802943,0.9955878781066153,7.1619339922223455,1.7496226324095137,1.0164157133259597,0.016415713325959643,0.11683971057773021,True
53,0.3364760244314404,3.064261634969724,0.6451466530947562,0.34541702400885704,0.9968307408271188,9.10692415647609,1.9173629211320218,1.0265724715231186,0.026572471523118632,0.0843864486342611,True
54,0.3509624484856177,3.0170177509207194,0.747514271418957,0.3589077516702368,0.9785742395680995,8.596411849583832,2.129898154758257,1.0226386133869951,0.022638613386995184,0.08966168183635137,True
55,0.3953779995680533,2.8417333762796098,0.7901802794620809,0.40261385781671677,0.9873735961203989,7.187383666729501,1.9985438752923665,1.0183011150255417,0.018301115025541555,0.10010851037580346,True
56,0.35121432146834175,2.7748649627243314,0.7053264494442151,0.3563979493141042,0.9899508375670582,7.900773952278755,2.0082508210240873,1.0147591585220412,0.014759158522041299,0.08869488972086224,True
57,0.30188696508136964,2.2602774136002353,0.6291144360178358,0.30787488172886707,0.9620999070448893,7.487164651150166,2.08394037764521,1.0198349625525682,0.019834962552568187,0.0784448067375409,True
58,0.3438473568788143,2.7580672678897127,0.6700195037773018,0.35016152797120703,0.9808203927883485,8.021196652274304,1.9485957660376716,1.018363296870181,0.018363296870180998,0.08764279357541183,True
59,0.40911642299533757,2.552847578324118,0.846581737775207,0.41642703347641347,0.995181214325645,6.239904914189209,2.0692929694119244,1.0178692667176532,0.017869266717653157,0.1027743533303538,True
60,0.3286116215340205,3.4602249303355315,0.6701075789913771,0.33491243367242046,0.9987371238972408,10.529831276759337,2.039208400065675,1.0191740392776938,0.019174039277693764,0.0822567855122183,True
61,0.5252202175401421,3.762458544379454,1.1005539328811014,0.5448550319196216,0.9962067161352879,7.163582852923769,2.095414258871303,1.0373839652849592,0.037383965284959304,0.1318050282720679,True
62,0.2980056865312906,2.9666618144422996,0.6085287003158439,0.3053565198534715,0.9420566665707968,9.955051022594496,2.0420036523428835,1.0246667552144482,0.024666755214448086,0.07908380066351749,True
63,0.45160758430828024,3.2931896525826434,0.8161905480548673,0.4575242180817295,0.9828727148031369,7.292148686180208,1.807300356359189,1.01310127194279,0.013101271942790028,0.11486929525730459,True
64,0.26070951003114046,2.2991199715117348,0.5843131635354751,0.26508872718725324,0.9799471703309253,8.818703894756721,2.241242229582196,1.0167973049989227,0.016797304998922763,0.06651111353867668,True
65,0.4260469740421788,3.3206098292551913,0.8954993489667339,0.44249327886563783,0.9966646414239378,7.793999327704297,2.101879378394738,1.0386020927866768,0.03860209278667675,0.10686818723534833,True
66,0.37820006060042954,3.4217442013534405,0.7894155448482267,0.3857141392746834,0.9876041843252074,9.047444878567939,2.0872961881469623,1.019867999656913,0.01986799965691312,0.09573675025962941,True
67,0.2795066641127008,2.7309640925212864,0.5747801436473158,0.2877138400848138,0.9910802693807115,9.770658245987743,2.056409443660194,1.0293630779722795,0.02936307797227965,0.0705055566002121,True
68,0.3995470438791022,3.60965419485987,0.8186800438504294,0.4043227336497113,0.9944267463050483,9.034365915499315,2.0490204004566515,1.0119527596155964,0.011952759615596381,0.10044657521624473,True
69,0.21245904801407908,2.3844624934147984,0.48280768103111027,0.2174528587131586,0.9904450905893428,11.223162843395526,2.272474086390126,1.0235048153785786,0.023504815378578642,0.05362716470421897,True
70,0.3508294586540387,2.7666585630134195,0.6990668962580225,0.3552249074491269,0.9957993327321162,7.886049745160333,1.9926117348868047,1.0125287335104394,0.01252873351043945,0.08807734829754517,True
71,0.35010241618724947,2.3672464170484724,0.6883057008764656,0.35685340315932756,0.9958560459895293,6.761582632958379,1.9660124267989365,1.0192828916909484,0.01928289169094848,0.08788981539981798,True
72,0.32683841473185304,2.8775769579111588,0.6911750351583805,0.3304947212496279,0.9850685424951554,8.804280121943437,2.1147301051666125,1.0111868934402175,0.01118689344021757,0.08294814031518534,True
73,0.4432079938266965,3.6905247060341213,0.9042482952977914,0.4496446417970775,0.9957914030493167,8.326845989779672,2.040234625486857,1.0145228607336398,0.014522860733639831,0.11127029026096809,True
74,0.3447148023469335,3.3021418371590094,0.6666706336938946,0.3501248566332901,0.97698786727269,9.57934447455382,1.9339773898741168,1.0156942906121906,0.01569429061219056,0.08820856785796684,True
75,0.428505126118652,2.808416244219355,0.8038605203344626,0.43239461330092893,0.9936494430069814,6.553985175527893,1.8759647699334072,1.0090768743363876,0.009076874336387639,0.10781094105530568,True
76,0.4215353017805756,3.39927523739979,0.7902799478071205,0.42376670417923795,0.9918946994954235,8.064034549517364,1.8747657538264493,1.0052935125225262,0.005293512522526287,0.10624497287741592,True
77,0.3404813608636811,2.7018976758756175,0.6690439030781755,0.3468591795838457,0.9967798532580032,7.935523016654587,1.9649942110811798,1.0187317705262524,0.01873177052625246,0.08539532569574117,True
78,0.4943084899485436,3.8871452212208926,0.9758702988207542,0.4991862957538469,0.9411268902422018,7.863804284699896,1.974213105104345,1.0098679385535358,0.009867938553535769,0.13130760981160888,True
79,0.4270308093078073,4.135531057952698,0.9193433150986864,0.43394553313068945,0.9955078077009103,9.684385687899567,2.1528735048154717,1.0161925642650715,0.016192564265071503,0.1072394425248205,True
80,0.282111060122523,2.80072298517747,0.5820041511723671,0.28696104489822405,0.9759636737875177,9.927731950534284,2.063032023344275,1.0171917569399607,0.01719175693996062,0.0722647439908565,True
81,0.318961406903116,2.435354333340745,0.6361975925639689,0.32011666970136193,0.9784137919402862,7.635263328520745,1.9945911285662623,1.003621951663252,0.003621951663252065,0.08149961946841162,True
82,0.4301018792209278,3.8578834449176487,0.9168173201382611,0.4374461942838033,0.9826522332075521,8.96969678882987,2.1316282593299833,1.017075756739726,0.01707575673972589,0.10942372710460306,True
83,0.319411769363761,2.8712720885444853,0.7045191367405166,0.32471439622530834,0.9796100516002612,8.989249501556554,2.2056768231923773,1.0166012256596233,0.016601225659623357,0.08151502958804364,True
84,0.2890021921298381,2.8519905411788824,0.6183025330679811,0.2927745428903153,0.9931826860360041,9.868404527179461,2.139438903599044,1.0130530178081918,0.013053017808191703,0.07274648365128704,True
85,0.3698462046964233,3.5501813711549977,0.805252695459633,0.37490465323581373,0.9504195274951872,9.599074766953612,2.17726364427776,1.0136771676311847,0.013677167631184654,0.09728498678661045,True
86,0.31583095325613053,2.6559921293494164,0.6419126612320682,0.32051462159395694,0.9754275593452677,8.409537133605385,2.03245646005917,1.0148296684968305,0.01482966849683057,0.080946798721815,True
87,0.2504913991719465,2.4228326742145785,0.5139784469419801,0.25440828407343513,0.9819801890159258,9.67231881902443,2.0518806180214053,1.0156368039558912,0.0156368039558912,0.06377200934750325,True
88,0.4638831702291556,3.706514859041123,0.9560071135893942,0.4736574058829899,0.9896128371462818,7.990190411974045,2.0608790638322407,1.0210704683444451,0.02107046834444515,0.11718804385330181,True
89,0.27146297724893576,2.398953110119131,0.5890589648245365,0.2736016342499547,0.9871941478436899,8.837128121229046,2.1699421806766686,1.0078782640000952,0.007878264000095192,0.06874609666241625,True
90,0.31753546323642173,2.6069356620787354,0.6127248563802575,0.32059225913090383,0.9878938386331717,8.209903975789109,1.929626537254051,1.0096266283561726,0.009626628356172477,0.08035667670418839,True
91,0.23532872500234264,2.5776282349706325,0.533531782696776,0.23808712096701565,0.9721411901199816,10.953308972140876,2.267176617267887,1.011721458842925,0.011721458842925128,0.06051814473916551,True
92,0.38797792393282615,3.2941169894893263,0.8348402343773238,0.39205647005997557,0.9958482503027046,8.49047532420856,2.1517725181752008,1.0105123149425779,0.010512314942577946,0.09739885665684853,True
93,0.3377475791769837,3.266983691770832,0.6906663290530364,0.3445938535851542,0.995585243693858,9.672855982363366,2.044918665993218,1.0202703877992356,0.020270387799235578,0.08481131608677221,True
94,0.4557969686964414,3.533843433603541,0.9132109647143568,0.46393807116027036,0.9866851871836012,7.7531086784323575,2.0035476921360376,1.0178612474916455,0.01786124749164561,0.11548692901670855,True
95,0.4179041987824912,3.6731202775831755,0.8626455921640448,0.42469916660883317,0.9728644054465543,8.78938351967826,2.064218533044772,1.0162596304275913,0.016259630427591355,0.10739014513298722,True
96,0.2966651520551654,2.388026258905456,0.6465372168522246,0.3019771121276487,0.9884185464170273,8.049567811932958,2.179350059733338,1.0179055748060881,0.017905574806088224,0.07503530592646283,True
97,0.3271161365671368,3.402270823719442,0.720352365601664,0.3345162811417848,0.9922053536493735,10.400804006259,2.202130329494828,1.0226223770319236,0.022622377031923643,0.08242148043345808,True
98,0.39258531971720767,3.2876274242557906,0.7560634586985144,0.3962020556501344,0.988080416150905,8.374300461932654,1.925857694432212,1.009212611249784,0.009212611249783802,0.09933030583850017,True
99,0.2745627139576175,2.5812046520475476,0.5440343620742589,0.277689125877554,0.9882875625530612,9.401147791851999,1.981457548377228,1.0113868772451715,0.011386877245171447,0.06945415594635601,True
100,0.28597513600555224,2.173674426626827,0.5749797080226512,0.28913384141373094,0.9972182187791591,7.600921034563735,2.0105933545617334,1.0110453847572167,0.01104538475721669,0.07169321885125012,True
101,0.434460555415348,3.4514160115285466,0.8584412756250439,0.445557769198037,0.9745869357673487,7.944141231023754,1.9758785116968023,1.0255425116143857,0.025542511614385772,0.11144735771398169,True
102,0.32526738120195126,3.1022327321700596,0.6843730954460591,0.32992419802341066,0.9883898118399184,9.537484886146492,2.104032359215101,1.0143168884757248,0.014316888475724822,0.08227203915539556,True
103,0.34731983812607575,2.642868380058882,0.7256899312718161,0.35517137254832865,0.9823619925026131,7.609321697021899,2.0893996012067513,1.022606063807397,0.02260606380739708,0.08838896475454588,True
104,0.2875523444481253,2.3974177600665367,0.6603563742712374,0.29022767196645116,0.9568475035109449,8.337326425446806,2.296473623049755,1.0093037931005584,0.009303793100558493,0.07513013917918324,True
105,0.39585934237445664,2.6478693916387703,0.8085130090901997,0.4056992043233533,0.9822277386273172,6.688914743697174,2.0424249791366553,1.0248569653298438,0.024856965329843935,0.10075548846942511,True
106,0.3452296405501287,2.526598145481282,0.6437140991045168,0.35500757188202325,0.9923040744058775,7.318601442955794,1.8645968465475575,1.0283229774717872,0.028322977471787317,0.08697677694128893,True
107,0.3501912372648144,3.769128358540119,0.7335879584876829,0.3568075159783941,0.9955782209292141,10.763057316850869,2.0948210018543216,1.018893330299343,0.018893330299342988,0.08793664573587359,True
108,0.330763207233898,2.6355555347860746,0.6588895768387018,0.33931951759799645,0.9804238543300039,7.968103698191411,1.9920280201321496,1.0258683861353657,0.02586838613536561,0.08434189095183046,True
109,0.3746582247008291,2.950748379490656,0.7699149544599385,0.3796541085186272,0.993384635687799,7.875840392525423,2.0549794551413587,1.0133345099304503,0.013334509930450301,0.09428830768089731,True
110,0.3539384948300398,3.373830610699776,0.6953430636507129,0.36020325661236374,0.9744367632411604,9.532251111368598,1.9645872766244725,1.0177001424649563,0.01770014246495639,0.09080591685928742,True
111,0.2604623171754886,2.222006658499537,0.5336744606023324,0.2629037455780921,0.9824003995175972,8.53101010002319,2.0489507518385657,1.0093734419208078,0.009373441920807843,0.06628211809140838,True
112,0.39293155520642525,3.354707057876716,0.8328991440264689,0.39871919263452865,0.9858433825989241,8.537637187510512,2.1197054117705263,1.0147293780594,0.014729378059399894,0.09964350376085135,True
113,0.4019516261585193,3.382468437247881,0.7557278527164666,0.40926687549712526,0.9995857481824107,8.415113205472947,1.880146275160054,1.0181993276368062,0.018199327636806227,0.10052955108888983,True
114,0.44307503182156494,3.7153545222416304,0.9256171407057238,0.4497916911462391,0.9936203784812403,8.38538454077881,2.089075380529427,1.0151591916544265,0.015159191654426425,0.11147995789368018,True
115,0.2640951788167653,2.372338726127551,0.5187711354888743,0.2673068303415039,0.9904394310121946,8.982892973496986,1.964333986758647,1.0121609623436818,0.0121609623436817,0.06666111287261384,True
116,0.35339515247470116,3.255550786681126,0.758524523689863,0.35902302250985113,0.9963161472620226,9.212211214227633,2.146391987491012,1.0159251478005287,0.015925147800528647,0.0886754554379819,True
117,0.32604423576234876,2.72214072547862,0.682134217239199,0.33005484153974074,0.9929978786154596,8.348992028991944,2.0921523597687575,1.0123008025828597,0.012300802582859602,0.08208583391360144,True
118,0.3083965735422607,2.686657272399398,0.6307067315278347,0.3121047476734811,0.986673516014042,8.711696247271163,2.045115885314487,1.0120240445236732,0.012024044523673307,0.07814048125770098,True
119,0.5718201871151082,4.200048954994311,1.1544588895256371,0.5928996805590396,0.989816980725705,7.345051905536933,2.0189194357582956,1.0368638497187022,0.03686384971870208,0.14442573684073046,True
120,0.29605321455677275,2.4520019421342125,0.6034144017869575,0.29968352487696087,0.973299477116065,8.282301361953303,2.0381957435940743,1.0122623573793081,0.01226235737930809,0.07604371047079805,True
121,0.366965973041467,2.9171905353027974,0.7776643531524576,0.3728538742730376,0.9859659814928416,7.949485101097251,2.1191729214211965,1.016044815225703,0.01604481522570294,0.09304732108653671,True
122,0.3541900377682871,2.9849249267565447,0.7123273560293194,0.356326850086356,0.9610219753754762,8.427467202534075,2.011144527151629,1.0060329543189095,0.00603295431890946,0.09213890182633526,True
123,0.4028412466325399,3.2335656297018893,0.8539102649087416,0.40562348365429124,0.9784359248983209,8.026898081395956,2.1197190507347767,1.006906534633702,0.006906534633702044,0.10292989974647629,True
124,0.39072255878874756,3.5701852969505716,0.75988324222047,0.39646920135590896,0.9890949687183135,9.137392291907231,1.9448153814720408,1.0147077317085968,0.014707731708596947,0.09875759435290948,True
125,0.3591897445887743,3.3680958907237457,0.7607230974830683,0.3679880426888579,0.9806222341025452,9.376926656354788,2.117886462359881,1.0244948477305678,0.02449484773056787,0.09157189488914169,True
126,0.44413692177390773,3.5528900955523315,0.8428418180255746,0.4538512853122781,0.9997058167832347,7.999537803256459,1.8977071635008798,1.0218724520798015,0.021872452079801517,0.11106690446270794,True
127,0.30695087262764714,2.915302944169004,0.6594293217212814,0.31355501119374585,0.9929326511397398,9.49762064271917,2.1483220297640764,1.0215152949707036,0.021515294970703622,0.07728391051379792,True
128,0.4119209045581086,4.154990943549554,0.8719264780732323,0.4158717360559784,0.9963778745749393,10.086865943370496,2.1167327718135556,1.009591238157986,0.009591238157985875,0.10335458942568262,True
129,0.39204387350356074,3.0627252616887732,0.8228878338249208,0.39805911180143017,0.9644455667588971,7.812200288498976,2.098968736511698,1.0153432784043106,0.015343278404310523,0.10162415770675844,True
130,0.2949437434523895,2.6159751556183686,0.6075701228532325,0.299784962021601,0.9958266374461673,8.869403788660618,2.05995257177343,1.0164140405642914,0.016414040564291448,0.07404495229430275,True
131,0.3225320180438032,2.888243313875597,0.6570292255528748,0.326801088114049,0.9898459456973562,8.954904171663799,2.037097679597327,1.013236112483152,0.013236112483152016,0.08146015535189575,True
132,0.2612058699944215,2.8006244873163357,0.6294858628478631,0.2641322596634877,0.9809257466958102,10.721904861388252,2.4099223453948673,1.0112033840170922,0.0112033840170922,0.06657126466357874,True
133,0.47259412536132933,3.910426875099861,0.9034777985375538,0.4794225523133477,0.9818248349153187,8.274387397664078,1.9117414924419247,1.0144488189454273,0.014448818945427155,0.12033565167509998,True
134,0.34200793311990035,2.9594905880527103,0.7523188729905108,0.34605683956570976,0.9830892212829696,8.653280527896932,2.1997117614425763,1.011838633124308,0.011838633124308119,0.08697276038525951,True
135,0.28267679645887833,2.162293342169074,0.5586194650741976,0.28683787699294977,0.9894133569093618,7.6493485466665385,1.976177288239013,1.0147202762525886,0.014720276252588562,0.07142535384348309,True
136,0.3509530955965485,2.8594525037025966,0.6770487832647911,0.3541772831048466,0.9983717581980903,8.14767711007681,1.9291717091537448,1.0091869470557528,0.00918694705575285,0.08788136601288823,True
137,0.4458432358251432,3.926684769247843,0.9473436887665432,0.45608665597173026,0.9977588309136045,8.807321618282582,2.124835845077361,1.0229753853450958,0.022975385345095786,0.11171117258288354,True
138,0.3286107029305265,2.743151647320166,0.6948463322924596,0.33257821625198947,0.9808874091007209,8.347724595872677,2.1144969597638488,1.0120735973785422,0.012073597378542293,0.08375342059691573,True
139,0.4405407880313033,4.039561131261839,0.9094038015610421,0.45183506899362563,0.992990060974917,9.169550790776725,2.0642896782043776,1.0256373104810441,0.025637310481044017,0.11091268818913974,True
140,0.43375126367566746,4.036724055350718,0.9149333878414982,0.4452696097218219,0.9948134148300867,9.306541313892591,2.1093503684305785,1.0265551872945484,0.026555187294548466,0.10900317014466271,True
141,0.4034077712902056,3.0781391399561304,0.8868221954199358,0.4063934231845584,0.9955163062362187,7.630341701428857,2.198326999461716,1.0074010767933494,0.007401076793349522,0.10130616865920124,True
142,0.33377370673017787,3.0819320625089004,0.6756937980640143,0.33823107207101916,0.9882286289594011,9.23359749544421,2.024406909350245,1.013354453184788,0.013354453184787913,0.08443737029801485,True
143,0.3206119900545885,2.893035019060083,0.6325011568191165,0.3289731101588002,0.9737053393297306,9.023477314642864,1.9727932093600884,1.0260786257643955,0.026078625764395465,0.08231750846598215,True
144,0.3460730374430245,3.3575818880735055,0.723043899409568,0.35324941351447353,0.9601217867488402,9.701945903908445,2.089281224425367,1.0207365939989779,0.020736593998977836,0.09011175514902525,True
145,0.3341602545277865,2.8221793350103246,0.7167958100150877,0.3419079414090031,0.9945736876145146,8.445586501597697,2.1450660283582104,1.0231855427934273,0.023185542793427365,0.08399585136051357,True
146,0.514173293756428,4.036294595662322,1.0570015954290881,0.5190591850691945,0.9954698129097482,7.850066591701238,2.0557302533293504,1.009502421405576,0.00950242140557583,0.1291282987912774,True
147,0.4496684109732388,4.067747388220859,0.9520144577352966,0.4519932093176814,0.9986123303610973,9.046104393717226,2.117147734871583,1.0051700281534364,0.0051700281534362855,0.11257331731790231,True
148,0.5453328441938421,4.178874634722565,1.0174249163560134,0.5658466552181716,0.9816357412039097,7.6629799199058635,1.8656952853446016,1.0376170466216,0.03761704662159998,0.138883707393597,True
149,0.5446499757927942,4.448893916182277,1.0427563977072365,0.5536769396625351,0.993896280543981,8.168354197953379,1.9145440999779668,1.0165738809711709,0.016573880971170914,0.1369986955516866,True
150,0.3469304277197555,3.378724424509365,0.7121280807429964,0.3520652895061311,0.9923325487710603,9.73891061304845,2.052653857499756,1.0148008400996278,0.014800840099627757,0.08740276335523975,True
151,0.4063101750910564,2.8974221156266595,0.7929982252648566,0.4111670914156799,0.9900814008001756,7.131059700824206,1.9517065382060426,1.0119537157137033,0.011953715713703397,0.1025951438848058,True
152,0.3135810866342704,2.90465335049661,0.6528014807243759,0.3216933610889597,0.9786755701545055,9.262846116367685,2.0817629268749176,1.0258697823320915,0.025869782332091366,0.08010343166754555,True
153,0.31949369006288414,2.7007115329203164,0.7153801069844004,0.3230052844837835,0.9911024944900536,8.453098189165335,2.2391055887319595,1.0109911229239243,0.010991122923924445,0.08059047672644377,True
154,0.31431494332738535,3.5354092254714504,0.6459997781539439,0.31621621622097856,0.9973464753951201,11.247983274498742,2.055262697074765,1.006048942100767,0.0060489421007669806,0.0787878012008973,True
155,0.5354439786450499,4.365515902184777,1.1262352906525015,0.5515627311907585,0.9960292887980177,8.153076841449948,2.1033671785841332,1.0301035275184107,0.03010352751841076,0.1343946369516929,True
156,0.474104957257508,3.9939287596476847,0.9934918766973009,0.4866519491401774,0.995806411668893,8.424144693088286,2.09551041702711,1.0264645869877596,0.026464586987759647,0.11902538277066962,True
157,0.3601829896711241,2.790268391361477,0.7628195318061698,0.36307047486608546,0.9930229346694371,7.746807793197607,2.117866622470664,1.008016717273622,0.008016717273622092,0.09067841665485395,True
158,0.3345296197217874,2.4141001188124243,0.6629771576081173,0.3386989575024405,0.9805275689213481,7.216401707030062,1.981819003529446,1.0124632843696189,0.012463284369618856,0.08529327229671738,True
159,0.34801306113347735,3.1697943397785813,0.7089008387580402,0.35180133741566,0.9870525682712932,9.108262573406217,2.0369949232628013,1.0108854428332208,0.010885442833220807,0.08814451031290599,True
160,0.38771170808205335,3.339569426524656,0.7687171491208659,0.39224961947080117,0.9902098236898839,8.613537731540173,1.9827029545318204,1.011704344475941,0.011704344475940966,0.09788625067293762,True
161,0.48713839771946266,4.566644299698437,0.9966681236905509,0.4996449021239112,0.9725268407183537,9.374428952998105,2.0459650242240204,1.0256734112174235,0.025673411217423493,0.12522492370484076,True
162,0.42023477599412223,3.544509008010467,0.8377213278863079,0.4303480319518263,0.9946196737470775,8.434592305278523,1.9934602649306326,1.024065728339069,0.024065728339069024,0.10562700172895031,True
163,0.35999073195637415,3.965892890410215,0.8343986214899451,0.3653616891874532,0.9798204105687837,11.016652758968322,2.3178336202029297,1.014919709743333,0.01491970974333289,0.09185120254521956,True
164,0.3113018487903187,2.553001493133912,0.6406347675346266,0.31735414317171967,0.9980980465695646,8.201048284983102,2.0579214997407043,1.0194418838337114,0.01944188383371144,0.0779737646667716,True
165,0.2943681538616197,3.284507740900566,0.6144995141218377,0.2956131972861265,0.9936496550033866,11.15782294318627,2.0875203586414766,1.0042295452418135,0.0042295452418134385,0.07406236000268535,True
166,0.3954902230882094,2.6408923232734276,0.7891352587677389,0.4033449951143815,0.9841959873983492,6.677516077772693,1.9953344297761102,1.0198608500732018,0.019860850073201836,0.10046023052117373,True
167,0.2825424441858335,3.3375478793463627,0.5713297440693236,0.2869906112827401,0.9896637127841855,11.812554000386555,2.0221023631180497,1.015743358877369,0.01574335887736907,0.07137334645497079,True
168,0.34350260630652285,2.9477632119183212,0.7232492221058401,0.3512368092776591,0.9946398106337514,8.581487178842245,2.105513055293829,1.0225157038961,0.02251570389609991,0.08633844197520468,True
169,0.4316256917040436,3.475961826188069,0.8521755634198968,0.4379635880190494,0.9918607467710233,8.053185649040236,1.974339293973759,1.014683779109589,0.014683779109589165,0.10879190781296409,True
170,0.34447582614606365,3.4845465972655476,0.7099087373825996,0.3519257815673233,0.960811960396558,10.11550399994698,2.0608376074598227,1.0216269324457639,0.02162693244576395,0.08963143683283444,True
171,0.3649800635467325,2.843608977224143,0.7097967742388437,0.367880382210285,0.9812864158926525,7.791135081711234,1.9447549198751246,1.0079465125721343,0.00794651257213435,0.09298510038343875,True
172,0.388581477696805,2.658360896920718,0.7561979631875291,0.39121249329114666,0.9888678469831789,6.84119303029398,1.9460473712479958,1.0067708209097772,0.006770820909777189,0.09823898079057852,True
173,0.3301600151470387,3.3763047857132804,0.7094165976134288,0.3342185843727943,0.9866097353856823,10.226267963458941,2.1487053703262218,1.0122927339458356,0.012292733945835584,0.08366023649107152,True
174,0.2936571147398879,2.8135184747733404,0.6182606463431942,0.29815715936845233,0.9872801135535114,9.580964783589408,2.1053828268074817,1.01532414643708,0.015324146437079855,0.0743601311088222,True
175,0.26384626639691183,1.994673321720904,0.5049664888738361,0.26667111667744364,0.9973730342187505,7.559983125629139,1.9138663425852687,1.0107064250675517,0.010706425067551659,0.06613530177392066,True
176,0.36612566992851175,2.9681985553048267,0.8396250894450373,0.37681312400745975,0.9734625242317239,8.107048478421044,2.2932702031217294,1.0291906712824446,0.029190671282444604,0.09402664735796211,True
177,0.3696601896117905,3.5601720820039664,0.7773944691634266,0.37389049485671794,0.9772708151967623,9.630931818064546,2.1029975393883507,1.0114437674486128,0.011443767448612837,0.09456441957119216,True
178,0.40294938355854876,3.648954081223909,0.7427262682894554,0.4080523656197137,0.9747948599968786,9.055614005409476,1.8432247289479646,1.012664077100948,0.012664077100948025,0.10334209793633889,True
179,0.3407781898157041,3.0762643877060114,0.6846633644841545,0.3468591446659601,0.9909891972095817,9.027175094068323,2.0091173230728954,1.0178443193607682,0.017844319360768315,0.08596919895173032,True
180,0.30501868822542294,2.580604149381584,0.61994465204859,0.3136980631882283,0.9774686103836681,8.460478813266676,2.0324808806154926,1.0284552235579445,0.0284552235579444,0.07801239983187273,True
181,0.2960366443357276,2.851141590056275,0.5912008094279124,0.30030513831140276,0.9941101267373782,9.631042793549803,1.9970527998467877,1.014418802730497,0.014418802730497114,0.07444764829710207,True
182,0.4811063355248687,4.02953108023322,1.0839394962775901,0.4962509535024808,0.9931781497528606,8.375551895065266,2.2530143883785136,1.0314787332016526,0.031478733201652544,0.12110272855997328,True
183,0.36591585964535456,3.396259250809698,0.777996685185445,0.3744359810452811,0.9903500967659877,9.281530606794005,2.1261627903733906,1.0232843731020138,0.02328437310201374,0.09237032965419543,True
184,0.3691179001328477,3.0981605842844706,0.8018646579412477,0.3804018190838791,0.988377265419257,8.39341734218098,2.172380850813932,1.0305699586689518,0.03056995866895178,0.09336462731573267,True
185,0.3258835188145693,2.3738124851987403,0.6216488933928886,0.3282325139202004,0.9786939117142297,7.284236078687555,1.9075800324428576,1.0072080819373002,0.007208081937300226,0.08324449424738133,True
186,0.3445445644174705,2.7896218438399676,0.7482826102050395,0.3524047563825412,0.9826219208832745,8.096548696266463,2.1718021048167695,1.0228132809999777,0.022813280999977797,0.087659494739279,True
187,0.2850971749559441,2.474804899962535,0.5897199608115147,0.2893990576179289,0.984241914460931,8.680566197630561,2.0684875635917606,1.015089180251083,0.015089180251082975,0.07241542215566275,True
188,0.29957596911473194,3.1778767966943073,0.5870072135359463,0.30698548846974577,0.9939985637729496,10.607916269402905,1.9594602840494646,1.0247333568740826,0.02473335687408265,0.07534617755825085,True
189,0.42605061246130826,3.362143967569065,0.846134908261434,0.4368427169339611,0.9760448068503902,7.89141916296247,1.9859962255969663,1.0253305690849885,0.025330569084988496,0.1091268068512489,True
190,0.3943152539036441,3.354073432225723,0.7755656737762443,0.41073739421357575,0.9803012845581117,8.506070711241957,1.9668670336698757,1.0416472356759108,0.04164723567591078,0.10055971059993783,True
191,0.24645787314087597,2.316897059643966,0.47799239357055967,0.2498795400287171,0.9971091177337033,9.400783306766677,1.9394486671453905,1.013883374242564,0.01388337424256392,0.06179310487628526,True
192,0.4281783136017377,3.447658876361534,0.8744744375084104,0.4354616611546139,0.9872180979695667,8.051923151736993,2.042313703729019,1.017010080430301,0.01701008043030096,0.10843052677072612,True
193,0.24918190518427522,2.562315880894717,0.548424596604155,0.25428619389694496,0.9894741598475943,10.282913115219305,2.200900567794373,1.0204841868790393,0.020484186879039284,0.06295816386520289,True
194,0.34711583991722894,3.095827637422846,0.7225689322887262,0.35534549270559357,0.9942383249665692,8.918716121284058,2.081636298882314,1.0237086639155593,0.023708663915559196,0.08728184963321056,True
195,0.2672021633341727,2.6836788192433207,0.5120769315867079,0.27105039341985265,0.9941778198054326,10.043626839529047,1.916440066191702,1.0144019421012966,0.014401942101296672,0.06719174327045084,True
196,0.38471564017887744,3.7510323415749025,0.829401886626459,0.3949891199002286,0.9916285009979778,9.750142572396646,2.155882943154638,1.0267040864690982,0.026704086469098103,0.09699086900782362,True
197,0.30574285354116204,3.0436660165730167,0.6390622674561138,0.31082200979052604,0.9979116063510514,9.954986621341417,2.090195273755032,1.0166125101225962,0.016612510122596204,0.07659567530713887,True
198,0.2878765003530191,2.9334065726655916,0.6287788468350549,0.294448879201864,0.9465998065152378,10.189809064193827,2.184196508099799,1.0228305500476256,0.022830550047625662,0.07602909338551218,True
199,0.3366745390830458,2.7871323843382827,0.7041450714903286,0.34057174995920475,0.9902079446711515,8.278417464917936,2.091471108590842,1.0115756032124474,0.011575603212447431,0.08500096896184153,True
200,0.3964481704061217,3.9788997611401267,0.8713263013705154,0.40385768751426165,0.9902198848093333,10.036368075716279,2.1978315613814745,1.0186897497863332,0.018689749786333133,0.10009094355908074,True
201,0.4215207477684122,2.909519202971588,0.8311948523313129,0.4311231558764926,0.9881357246917954,6.902434146776821,1.971895468329307,1.022780392564107,0.02278039256410706,0.10664545801637894,True
202,0.3181361955889034,2.6509611296130857,0.674277495724,0.3223782046475418,0.9962380080939822,8.332786920727079,2.1194617433449903,1.013333940360939,0.013333940360938861,0.079834385208201,True
203,0.3624620286047169,3.5019984146120007,0.7350333030931461,0.3674631431133875,0.9781484011770929,9.6616973316979,2.0278904963442033,1.0137976232377284,0.013797623237728446,0.0926398356753776,True
204,0.36009171889901126,2.470803524143575,0.7191367841173095,0.36596850833800715,0.9904774931295949,6.861594961689521,1.9970933692007327,1.0163202571193926,0.01632025711939255,0.09088841528373238,True
205,0.3369096702223881,2.9558404379798398,0.7165913556299397,0.340209200239079,0.9816630091005146,8.773391502917509,2.126953955215742,1.0097935153197382,0.009793515319738256,0.0858007450365004,True
206,0.3128137677067573,2.741886796575728,0.6729827837821732,0.3187788237996923,0.9894258226846107,8.76523695448747,2.151384795866949,1.0190690331076695,0.019069033107669584,0.07903921661807835,True
207,0.4175974937908831,3.5388684375056028,0.7867425032035342,0.424503527570908,0.9979930479759224,8.474352672427036,1.8839732395460802,1.016537536462044,0.016537536462043843,0.10460931933289332,True
208,0.34322149912472183,2.9574617599131474,0.7809955435827014,0.3466547366474803,0.9843966010550224,8.616773038563204,2.275485497191709,1.010002979217543,0.010002979217542812,0.08716545210458768,True
209,0.30589070231453086,2.3981696374939996,0.6250321862423477,0.3168552408543575,0.9819106023975486,7.8399559690705845,2.043318680538583,1.035844628348829,0.03584462834882902,0.0778815050900846,True
210,0.4616039777617429,3.9158583058939103,0.90536655672891,0.47213794932954095,0.9827834119068868,8.483155463437281,1.9613491225073787,1.0228203656711883,0.022820365671188336,0.11742261116976334,True
211,0.3998915393294157,2.481060294057762,0.7826341161881997,0.4039219230563778,0.9952914036575298,6.204333050452356,1.9571159657456394,1.0100786921716842,0.010078692171684204,0.10044584376492177,True
212,0.35251706278053035,3.642893924068426,0.6979044322841884,0.36011156165707403,0.9884381736318468,10.333950633012096,1.9797748987789816,1.0215436348432072,0.02154363484320715,0.08916011951593966,True
213,0.37259650607817657,3.3200431488813718,0.7237983029204667,0.3802766560166334,0.9788968077386602,8.910558995378166,1.9425794153008038,1.020612511961788,0.02061251196178802,0.09515724822387256,True
214,0.21488485489619433,3.3225998461964523,0.42771242989896374,0.21697862375053037,0.9667757678627587,15.462233705588604,1.9904261289404563,1.0097436780984286,0.009743678098428535,0.05556739784946154,True
215,0.3020215040607891,2.6252997900995427,0.631372850327163,0.3075747590443779,0.9898085365608101,8.692426713996955,2.090489722877759,1.0183869522829445,0.018386952282944406,0.0762828094790416,True
216,0.4046552574822054,3.3345984168028253,0.8070926635038681,0.4135959198160159,0.9862192207494938,8.240590861344396,1.994519158173448,1.0220945166743662,0.022094516674366172,0.10257741102801689,True
217,0.3089093576582805,2.909545415439791,0.6503505001396338,0.3134793454742957,0.9927746728668048,9.418767490554195,2.105311749277145,1.014793944251668,0.01479394425166808,0.07778939322813616,True
218,0.3439548137458891,3.1794648084298616,0.726213267051222,0.3476673283453866,0.9919197389100519,9.243844485859771,2.11136241747075,1.0107936114022242,0.010793611402224136,0.08668917460091981,True
219,0.3091871490869196,2.639370506912723,0.6317506542979833,0.3177037581996135,0.9815849855879158,8.536481916234932,2.043262975720843,1.027545158774693,0.027545158774693136,0.07874691280595876,True
220,0.44101128646587884,4.170918705804803,0.9069258111858632,0.4523373133673662,0.9817437634636674,9.457623498095005,2.0564684828219977,1.0256819434084112,0.02568194340841132,0.1123030527105049,True
221,0.3369969075141446,3.1597301359764898,0.7131932590868597,0.3422475625044669,0.9953166554551904,9.376139856250367,2.116319892510958,1.015580721583037,0.015580721583036968,0.08464565162933625,True
222,0.2915644493461948,2.691273905550337,0.6828948708416102,0.2978404863385369,0.9975798675219109,9.230459720261711,2.3421746799822,1.0215253848897405,0.02152538488974047,0.07306794644685201,True
223,0.4118838434302673,3.4259669857951978,0.8184757599475545,0.4187169296123181,0.9920860521275842,8.3177989145263,1.9871518948912692,1.0165898378658003,0.016589837865800292,0.10379236824944754,True
224,0.33238863562179416,2.4990961790133954,0.664296614555356,0.3435339958619299,0.9615105182387225,7.5185969410126665,1.9985539316429002,1.0335311110119223,0.0335311110119222,0.08642355681939332,True
225,0.48313008598789503,3.3213593628762355,0.8876823495079535,0.4885159439159231,0.9868815383641771,6.8746688711898045,1.837356801518245,1.011147842132446,0.011147842132445953,0.12238806462747186,True
226,0.2863344692171054,2.730208680859078,0.6050146552001654,0.29093449656169773,0.9921085102182184,9.535033236913474,2.1129648025066423,1.0160652238522652,0.01606522385226509,0.07215301206168591,True
227,0.49486271176660795,4.061416849692362,0.9231204074351179,0.5047913517308064,0.9802565042239443,8.207158779843262,1.8654070825819042,1.0200634231032566,0.020063423103256664,0.12620745428217894,True
228,0.42953156554439637,3.8780922151371024,0.8305728314201134,0.43581148453764834,0.9759710529133261,9.028654763060162,1.933671231746216,1.014620389971323,0.014620389971323037,0.11002671756048028,True
229,0.26164536325658766,2.089699523691728,0.5196099602084172,0.2683697992479517,0.9967301302823613,7.986763066167633,1.9859322318616879,1.0257005738900467,0.025700573890046617,0.06562592905224676,True
230,0.403238612414107,3.1639397954687367,0.817843831540911,0.410096598038991,0.998032290903401,7.84632150310923,2.0281882894216094,1.0170072642196308,0.017007264219630735,0.10100840826730732,True
231,0.5016012584614995,4.074095153738058,0.905549614524004,0.5047113505457774,0.9753899341530613,8.122178892122468,1.8053176686627264,1.0062003275147617,0.006200327514761693,0.12856429026434535,True
232,0.42758949295509,3.035973310560046,0.7824049110346372,0.4340146601395519,0.9753098666284015,7.100205595741605,1.8298038748038499,1.0150264851927424,0.01502648519274242,0.10960349822801599,True
233,0.3771764554231426,3.1380175750548593,0.8042148340406996,0.38748436877244014,0.9842347302380116,8.319759968936594,2.132197867808254,1.0273291537716303,0.02732915377163033,0.0958044976049393,True
234,0.43094077385445306,2.8159965379382177,0.824839567387466,0.44289508191426147,0.9930288237722237,6.534532605840864,1.9140439184017646,1.027740025509505,0.02774002550950512,0.10849150687727173,True
235,0.28751093214015866,2.3707773643245846,0.6176791711641457,0.2940063550624562,0.9735165619647628,8.245868588985878,2.1483675996815084,1.0225919163280062,0.02259191632800624,0.0738330870200864,True
236,0.41345435347007115,3.7595423227682536,0.8493754147144776,0.42435466879974215,0.9925901153473944,9.093004563175791,2.054339028204142,1.0263640115001476,0.026364011500147503,0.10413521832356934,True
237,0.386231289733016,3.103954523001441,0.8136357344152365,0.39035850177385006,0.9825222674064801,8.036517510393999,2.1066023288213276,1.0106858562486922,0.010685856248692336,0.0982754545483568,True
238,0.3007672628830801,2.9553081209511833,0.6731133787741129,0.3098958232705959,0.9948010972592752,9.825896916513903,2.237987513407595,1.0303509108671327,0.030350910867132607,0.07558477360743478,True
239,0.3800577778889899,2.8408349731263627,0.7931711305015909,0.38324826397220674,0.9693534672322992,7.474744995104757,2.0869751302215587,1.008394739612851,0.008394739612850958,0.09801836758631811,True
240,0.36903991096053484,3.2729446149998287,0.7770739591131051,0.373192378768587,0.9953781531777723,8.868809355825576,2.1056637399747404,1.011252083269921,0.01125208326992101,0.09268836918470752,True
241,0.373784884082376,3.1842547656138933,0.7407448992468867,0.38437859454463885,0.9885703251353782,8.518950073198083,1.9817411853488405,1.0283417305337799,0.028341730533779946,0.09452662966369858,True
242,0.3898881083708779,3.3646743073533725,0.8343161854859699,0.4012028697248249,0.9900597198292218,8.629845935574812,2.1398862072816374,1.0290205346380656,0.029020534638065736,0.09845065417824765,True
243,0.363713522185007,3.4441811721361453,0.7896099496213239,0.36855135879893575,0.9896949682371985,9.469488930313192,2.1709667126967025,1.013301228353748,0.013301228353747883,0.09187515695690504,True
244,0.21322059973322238,1.86942138790284,0.5029335555471678,0.21564091485656714,0.9834968712191177,8.76754586677753,2.3587474952065084,1.0113512255681347,0.011351225568134646,0.05419961312864157,True
245,0.37064368714098234,3.5884274510767913,0.7482510102936898,0.3759338086463424,0.9939371246515772,9.681609523034599,2.0187879525628514,1.0142727953797521,0.014272795379752026,0.09322614025281296,True
246,0.38210446154473376,3.6468800425972008,0.7681728532004212,0.3890332225250027,0.9966316494009926,9.544196442653295,2.0103739435413255,1.0181331590640372,0.018133159064037233,0.09584896831602496,True
247,0.30986608752592143,3.0002812712462434,0.6344720156504755,0.3147113078671532,0.9947243623480585,9.682509290389058,2.047568421301991,1.015636497623595,0.015636497623594994,0.07787737469163791,True
248,0.34625421283637375,2.681862765363753,0.6718792489726132,0.354861340269695,0.9900530581610453,7.745357791880779,1.9404218752137383,1.0248578273252336,0.024857827325233593,0.08743324662809407,True
249,0.37859611464902726,3.1493016428145357,0.7292224081124526,0.38252809549402245,0.978942652412162,8.318367571558563,1.9261222709283983,1.0103856872610546,0.010385687261054646,0.09668495741710409,True
250,0.4156786585820016,4.235526364728737,0.8938746088892395,0.4212766254311283,0.9934384461297077,10.189424636755048,2.1503981270977457,1.0134670537771244,0.013467053777124339,0.1046060428306921,True
251,0.3981926798410478,3.0332120241275513,0.779468079003635,0.4047180901732637,0.9918338899415129,7.617447978547374,1.9575148375775926,1.0163875697936506,0.01638756979365058,0.10036778433345545,True
252,0.2834021598473188,2.573891681256452,0.5691513328695753,0.29085618036132854,0.997017745144846,9.082117379215177,2.0082815641779233,1.0263019185105207,0.026301918510520658,0.0710624663471126,True
253,0.39790667457389856,3.3493683980488225,0.829472372012951,0.40050946304933693,0.9894443582176861,8.417472266921683,2.084590244436583,1.0065412033568564,0.006541203356856464,0.10053791081558619,True
254,0.3287458601261207,2.819499604110365,0.6698501628389987,0.3363483889105732,0.9893746383575678,8.576532653608737,2.037592694192456,1.0231258540610544,0.02312585406105449,0.08306910430609536,True
255,0.4136965735423698,2.9609455695118654,0.8122159738557886,0.4176254844257614,0.9864293732322219,7.157288116162297,1.9633132730614782,1.009497083453579,0.009497083453579051,0.10484698265493021,True
256,0.25789672919093687,2.9268367786239224,0.612395506582321,0.2612681530053093,0.9873597047862392,11.348871262562637,2.3745764768072215,1.0130727668588475,0.013072766858847479,0.06529958837209456,True
257,0.3188193092875761,2.750448069568155,0.6547676076515795,0.32318057985024007,0.9882518263775447,8.62698083034626,2.053726322645586,1.0136794429810714,0.013679442981071334,0.08065234507489204,True
258,0.29788916102089025,2.6416837580600414,0.6326413100114904,0.3058465334093905,0.9749496684113742,8.868008990346535,2.123747328850024,1.0267125274421858,0.02671252744218585,0.07638577935676513,True
259,0.3531081159125942,2.8225236482178526,0.6962199209627284,0.3586527235588528,0.9875585823534642,7.993369512119963,1.9716905094729276,1.0157022945562402,0.015702294556240254,0.08938915681110722,True
260,0.30574053359491277,2.6731075672220803,0.6327027549671179,0.3118360519147017,0.9943230653893107,8.743059141656964,2.0694107762806806,1.0199368995929898,0.01993689959298993,0.07687152803681697,True
261,0.3208656380740129,3.2584631922570857,0.6886255883086145,0.3216330417840507,0.9970090409739639,10.155226380163112,2.146149374055977,1.002391666850474,0.002391666850474004,0.08045705326818398,True
262,0.4716575464111203,4.016926046359038,1.0581858261615251,0.4831227500960323,0.9921323668003739,8.516615660926337,2.2435469001044193,1.024308322366835,0.02430832236683509,0.11884945048517455,True
263,0.34701798595581596,2.6056398804288867,0.6814558738431308,0.35338062746094895,0.9737506694801338,7.508659452483393,1.9637479941166425,1.018335192303096,0.018335192303096118,0.08909313154595365,True
264,0.41346054905741286,3.7980775810273193,0.853852168598325,0.41732795941189377,0.9868781703962073,9.186070085008089,2.065135768200607,1.0093537590546369,0.009353759054636864,0.10473951128420914,True
265,0.3034707072093713,2.8420219929137995,0.610773237215977,0.30533740970509843,0.9820882812938485,9.365062015534251,2.0126266644727284,1.006151178520302,0.00615117852030194,0.07725138182322189,True
266,0.31958889987106137,2.566090398905828,0.6412645425521585,0.32624604661465106,0.976799541218649,8.029347702442484,2.0065294595991214,1.0208303440647517,0.02083034406475171,0.08179490427287268,True
267,0.37888906424057767,3.9062806949163926,0.8132962047753741,0.38872382015609414,0.9887755840347725,10.309826974673722,2.146528579296676,1.0259568217816701,0.025956821781670206,0.09579753746914255,True
268,0.3412644866933001,3.147132630316883,0.710622110666043,0.3427072794830366,0.9872325172804172,9.221975192353554,2.0823207171412785,1.0042277847417307,0.0042277847417306275,0.08641948090238151,True
269,0.3615581148937301,2.8261739197780535,0.7505638792909373,0.36875547394109276,0.9937101574616731,7.816651883497978,2.075914903781221,1.0199065067298465,0.019906506729846587,0.09096166326237719,True
270,0.2991446061107004,2.625414964391344,0.6295762210010634,0.30461311965318516,0.9845526793095772,8.776407499120316,2.10458824307895,1.0182805019070313,0.01828050190703131,0.07595952263328284,True
271,0.41112808220150177,3.449937504108089,0.8769870513738794,0.4154658674421655,0.9805046660068861,8.391393469486252,2.133123689040661,1.0105509339508891,0.0105509339508891,0.10482563124248671,True
272,0.5168921260818663,3.532932840840134,0.9758365961976538,0.5275691853262555,0.975632833003458,6.834951941753088,1.8878921673554359,1.020656262120538,0.020656262120538026,0.13245047434766738,True
273,0.3653991883570285,3.3118194149930837,0.779373052038024,0.3667717946346612,0.991018823111832,9.06356532942578,2.1329359146701363,1.003756456832333,0.0037564568323330016,0.09217766096754422,True
274,0.4033305045016476,3.1657377939909783,0.8193578323740909,0.4108626653847472,0.9971410988559428,7.8489917292582225,2.0314799481543897,1.018674910027959,0.018674910027959055,0.10112172313537265,True
275,0.5336921403788129,4.050594281609251,1.0648250730130142,0.5496936895601131,0.9692513064028251,7.589758167947073,1.9952047115724902,1.0299827334349394,0.0299827334349395,0.13765577019429057,True
276,0.46240595760407716,3.427058458019968,0.8695836097927182,0.47164221989551175,0.9665611288095266,7.41136311430117,1.8805631620717052,1.0199743583307006,0.019974358330700614,0.11960080532454359,True
277,0.34834948738151333,2.6961255958719814,0.7158311876004848,0.35476952327812267,0.984069850161887,7.739714549713624,2.05492246588698,1.0184298703720442,0.018429870372044188,0.0884971446194107,True
278,0.39776398923319506,3.0021971923448696,0.8245403695243765,0.4064048945444577,0.9740017752264584,7.547684741729566,2.0729387069802776,1.0217236993422167,0.021723699342216723,0.1020952937022917,True
279,0.349384630495376,3.2105790711882483,0.7129272323412287,0.3537926620762022,0.9805443321617453,9.18923956854118,2.040522593482154,1.0126165583602698,0.012616558360269767,0.08907925400096632,True
280,0.3425953500537888,2.817301628783823,0.6628952890509464,0.3495755902962511,0.989548162182552,8.223408835938653,1.9349220266616847,1.0203745913111966,0.020374591311196646,0.08655348045368477,True
281,0.40649258817344036,3.0564761384409427,0.767637661270451,0.41883418110246584,0.9863509569804372,7.519143589247486,1.8884419632835197,1.0303611757953126,0.030361175795312723,0.10302939975286671,True
282,0.23653513300717732,2.3219397194561004,0.5123412948133576,0.2426972976768322,0.9845559044598362,9.816468657049963,2.1660261978833026,1.026051794468384,0.026051794468384123,0.0600613768948319,True
283,0.413734358153757,3.1187566487439047,0.7938703795949456,0.4249315108634682,0.9920565681827982,7.53806539698807,1.9187924907602618,1.0270636278787124,0.027063627878712457,0.10426178592608278,True
284,0.44387108417624693,3.573741720122824,0.9299418616600367,0.4545054271055202,0.9863583758691234,8.05130554236285,2.0950719585301636,1.0239581790938441,0.023958179093844133,0.11250248769498529,True
285,0.4718558737927398,3.42709117446338,0.9660705126236632,0.4842396990025742,0.9891101315467019,7.263004160394773,2.047384733941035,1.026244931763367,0.026244931763367042,0.11926272382198842,True
286,0.4134539051074368,4.187409778657306,0.8319158362657484,0.42328032225296186,0.9935689079523358,10.12787574849293,2.012112658724492,1.0237666569940165,0.02376665699401643,0.10403251898238529,True
287,0.3303105177579027,2.5918076606940867,0.6348508489576543,0.3393370960581367,0.9863337558564205,7.846579268159188,1.9219819376837433,1.0273275533625301,0.027327553362530038,0.08372179188754887,True
288,0.3261494735888248,2.7258120616783343,0.7094465715451409,0.33188692988334434,0.9606213456752528,8.357554687071957,2.1752191218911396,1.0175914933462462,0.017591493346246316,0.08487982154913584,True
289,0.3497419709007448,3.472819935700317,0.7258447050142457,0.35578791272970656,0.9883818972851021,9.929663079201573,2.075372032544064,1.0172868638367614,0.017286863836761365,0.08846326806000288,True
290,0.23080914740001335,2.6672460962584186,0.48790843277912044,0.23395677619284835,0.9889953108612569,11.55606754023417,2.113904228992842,1.0136373658855897,0.013637365885589782,0.058344348265669595,True
291,0.3715148970300609,3.5371182500670395,0.7853468021048244,0.37631989669284366,0.990415109000167,9.52079789624381,2.113903933282327,1.012933531605851,0.012933531605850939,0.09377757206397742,True
292,0.3429571544409922,2.403668210159714,0.6867518422042684,0.350827769064594,0.994801765988303,7.008654518601914,2.002442093163647,1.0229492650078422,0.022949265007842317,0.08618731041864292,True
293,0.2836235037674062,2.0610514539572526,0.6030820546226797,0.29029773287255506,0.984764882792881,7.266857036106142,2.126347240661884,1.0235320028717445,0.023532002871744593,0.07200284776682549,True
294,0.277112326124326,2.3579578283867053,0.5978277409438597,0.2804102886678247,0.9829655367372028,8.509032641618443,2.1573480664142135,1.0119011759224996,0.011901175922499573,0.07047864746208604,True
295,0.4355935042779573,3.1362615402447878,0.8657373164232174,0.4427384339664439,0.9779534554922716,7.199973161774935,1.9874890417805229,1.016402746180364,0.016402746180363977,0.11135333226536148,True
296,0.37980113829526513,4.065279859115084,0.7931112947743602,0.3877266532020824,0.9732555323843783,10.703706358970027,2.088227798195221,1.020867538581877,0.02086753858187702,0.09755946040316629,True
297,0.31473073777141347,2.213841999232931,0.6074649526131815,0.3183231355411073,0.9847504428082418,7.034082577726576,1.9301100264772315,1.0114141942256145,0.011414194225614419,0.0799011414693774,True
298,0.43250120380602075,3.704417236811274,0.8637677675102737,0.43788501274726815,0.9865605197011512,8.565102719281045,1.997145348750702,1.0124480785113885,0.012448078511388542,0.1095982443978789,True
299,0.32833414388078097,3.1027191653612607,0.6833663814736943,0.33660393383802956,0.9970285560955726,9.449882758729675,2.081313790264306,1.02518711535603,0.02518711535603001,0.0823281695076414,True
