variant,m,game,repeat,Bhat,true_loss,covered,tightness
Pi2,500,0,0,0.6398219905281479,0.39840901505370474,1,1.6059425523840147
Pi2,500,0,1,0.6987135984083244,0.39840901505370474,1,1.753759508464283
Pi2,500,0,2,0.6807822345929031,0.39840901505370474,1,1.7087520835871022
Pi2,500,0,3,0.6763916187717616,0.39840901505370474,1,1.6977317109166954
Pi2,500,0,4,0.6886189461244334,0.39840901505370474,1,1.728422099162613
Pi2,500,0,5,0.5258570043151614,0.39840901505370474,1,1.319892332868715
Pi2,500,0,6,0.6588442537805959,0.39840901505370474,1,1.6536881167003337
Pi2,500,0,7,0.7476572604101546,0.39840901505370474,1,1.8766072858802452
Pi2,500,0,8,0.695205648697512,0.39840901505370474,1,1.744954613047096
Pi2,500,0,9,0.7437655293769123,0.39840901505370474,1,1.866839105728203
Pi2,500,0,10,0.7635971849850764,0.39840901505370474,1,1.916616231392618
Pi2,500,0,11,0.7160919648173594,0.39840901505370474,1,1.7973789190508944
Pi2,500,0,12,0.8312891722891966,0.39840901505370474,1,2.086521993427133
Pi2,500,0,13,0.6904267768927024,0.39840901505370474,1,1.732959724316565
Pi2,500,0,14,0.7105515439033463,0.39840901505370474,1,1.7834725547251118
Pi2,500,0,15,0.6942702370122589,0.39840901505370474,1,1.742606745278273
Pi2,500,0,16,0.6428443748193406,0.39840901505370474,1,1.6135286866756429
Pi2,500,0,17,0.7907718273429498,0.39840901505370474,1,1.984824131643596
Pi2,500,0,18,0.728828085937703,0.39840901505370474,1,1.8293463711895637
Pi2,500,0,19,0.7689944239252977,0.39840901505370474,1,1.9301632113461058
Pi2,500,0,20,0.6261420806763704,0.39840901505370474,1,1.5716062062299663
Pi2,500,0,21,0.7943482276440326,0.39840901505370474,1,1.9938008369036428
Pi2,500,0,22,0.7479371612335839,0.39840901505370474,1,1.8773098322907262
Pi2,500,0,23,0.6264251147168448,0.39840901505370474,1,1.5723166169631075
Pi2,500,0,24,0.9652583387382054,0.39840901505370474,1,2.422782372552716
Pi2,500,0,25,0.7494574761830943,0.39840901505370474,1,1.8811257975226012
Pi2,500,0,26,0.6961998570390968,0.39840901505370474,1,1.7474500594451923
Pi2,500,0,27,0.7131635256857558,0.39840901505370474,1,1.7900285855469982
Pi2,500,0,28,0.7070965247480583,0.39840901505370474,1,1.7748005141217578
Pi2,500,0,29,0.7463780637855713,0.39840901505370474,1,1.8733965236327823
Pi2,500,0,30,0.6692257071353576,0.39840901505370474,1,1.6797453919187728
Pi2,500,0,31,0.6084865187228716,0.39840901505370474,1,1.5272910394380732
Pi2,500,0,32,0.7558139299258761,0.39840901505370474,1,1.8970803906733735
Pi2,500,0,33,0.7057881473950576,0.39840901505370474,1,1.7715165087314069
Pi2,500,0,34,0.72451474912242,0.39840901505370474,1,1.8185199675382768
Pi2,500,0,35,0.7368628362145648,0.39840901505370474,1,1.8495134607213575
Pi2,500,0,36,0.699194018795545,0.39840901505370474,1,1.7549653556441112
Pi2,500,0,37,0.6874439088237565,0.39840901505370474,1,1.725472775085399
Pi2,500,0,38,0.6416210836472709,0.39840901505370474,1,1.6104582461839665
Pi2,500,0,39,0.8010444978906468,0.39840901505370474,1,2.0106083638259733
Pi2,500,0,40,0.6706089518425162,0.39840901505370474,1,1.6832173131225945
Pi2,500,0,41,0.7268685673551241,0.39840901505370474,1,1.8244280121451157
Pi2,500,0,42,0.7444016635606818,0.39840901505370474,1,1.8684357919469718
Pi2,500,0,43,0.7968399132664272,0.39840901505370474,1,2.0000549263650944
Pi2,500,0,44,0.6611857978202103,0.39840901505370474,1,1.6595653532867065
Pi2,500,0,45,0.6445220273022401,0.39840901505370474,1,1.6177395664989151
Pi2,500,0,46,0.6551206157476421,0.39840901505370474,1,1.6443418471826827
Pi2,500,0,47,0.5854345393270024,0.39840901505370474,1,1.469430954638632
Pi2,500,0,48,0.6137175841132322,0.39840901505370474,1,1.540420926545812
Pi2,500,0,49,0.7274884892101592,0.39840901505370474,1,1.8259840056884635
Pi2,1500,0,0,0.6235936070974016,0.39840901505370474,1,1.565209579942217
Pi2,1500,0,1,0.4690760788345948,0.39840901505370474,1,1.177373154498937
Pi2,1500,0,2,0.5668194282477573,0.39840901505370474,1,1.4227073355038193
Pi2,1500,0,3,0.5420930178788386,0.39840901505370474,1,1.3606444568172371
Pi2,1500,0,4,0.5292968157041323,0.39840901505370474,1,1.328526202231604
Pi2,1500,0,5,0.5177802123875065,0.39840901505370474,1,1.29961971949282
Pi2,1500,0,6,0.5190614373683801,0.39840901505370474,1,1.3028355728808285
Pi2,1500,0,7,0.5012705805971267,0.39840901505370474,1,1.258180818347086
Pi2,1500,0,8,0.564829391686555,0.39840901505370474,1,1.4177123768407125
Pi2,1500,0,9,0.5894613184425452,0.39840901505370474,1,1.4795381032306385
Pi2,1500,0,10,0.5098665175785911,0.39840901505370474,1,1.279756477171738
Pi2,1500,0,11,0.522381656195323,0.39840901505370474,1,1.3111692669025246
Pi2,1500,0,12,0.5211375179018362,0.39840901505370474,1,1.3080465004828965
Pi2,1500,0,13,0.6308554826187938,0.39840901505370474,1,1.58343676669504
Pi2,1500,0,14,0.529179700459381,0.39840901505370474,1,1.3282322449155641
Pi2,1500,0,15,0.6114578768182081,0.39840901505370474,1,1.534749098826955
Pi2,1500,0,16,0.5730695150657946,0.39840901505370474,1,1.4383949494429638
Pi2,1500,0,17,0.5815356727823153,0.39840901505370474,1,1.459644864471567
Pi2,1500,0,18,0.6128521395440099,0.39840901505370474,1,1.5382486750742792
Pi2,1500,0,19,0.5672840954959869,0.39840901505370474,1,1.4238736425668435
Pi2,1500,0,20,0.5776547288736004,0.39840901505370474,1,1.4499037598226376
Pi2,1500,0,21,0.5605200799621,0.39840901505370474,1,1.406896076100444
Pi2,1500,0,22,0.6154437871025291,0.39840901505370474,1,1.5447536673324738
Pi2,1500,0,23,0.5348092875435446,0.39840901505370474,1,1.3423624148450892
Pi2,1500,0,24,0.5175187986852519,0.39840901505370474,1,1.2989635754489426
Pi2,1500,0,25,0.473751861386257,0.39840901505370474,1,1.1891092909190226
Pi2,1500,0,26,0.5676709625214126,0.39840901505370474,1,1.4248446723648853
Pi2,1500,0,27,0.5443427531584102,0.39840901505370474,1,1.3662912549431991
Pi2,1500,0,28,0.4825050706653198,0.39840901505370474,1,1.2110797005943228
Pi2,1500,0,29,0.5887691935022115,0.39840901505370474,1,1.4778008811443348
Pi2,1500,0,30,0.5116640649685436,0.39840901505370474,1,1.284268291217186
Pi2,1500,0,31,0.5697439703353767,0.39840901505370474,1,1.4300478874921452
Pi2,1500,0,32,0.5256004224983136,0.39840901505370474,1,1.3192483167768272
Pi2,1500,0,33,0.6464620699235873,0.39840901505370474,1,1.6226090412046663
Pi2,1500,0,34,0.5770616740524924,0.39840901505370474,1,1.4484152020874972
Pi2,1500,0,35,0.5376345996193869,0.39840901505370474,1,1.349453901154608
Pi2,1500,0,36,0.5660224111818875,0.39840901505370474,1,1.4207068359273667
Pi2,1500,0,37,0.6064441371162118,0.39840901505370474,1,1.5221646955816608
Pi2,1500,0,38,0.5526539058883668,0.39840901505370474,1,1.3871521100341322
Pi2,1500,0,39,0.5795374827531985,0.39840901505370474,1,1.454629440739633
Pi2,1500,0,40,0.5635972336823452,0.39840901505370474,1,1.4146196807478701
Pi2,1500,0,41,0.5396834874232719,0.39840901505370474,1,1.3545965754578209
Pi2,1500,0,42,0.5302634566371629,0.39840901505370474,1,1.3309524548928302
Pi2,1500,0,43,0.5730743059974475,0.39840901505370474,1,1.4384069746017123
Pi2,1500,0,44,0.6131969135176568,0.39840901505370474,1,1.539114052012601
Pi2,1500,0,45,0.5473371143283314,0.39840901505370474,1,1.3738070516666183
Pi2,1500,0,46,0.5271285707360306,0.39840901505370474,1,1.323083943431789
Pi2,1500,0,47,0.539550607543298,0.39840901505370474,1,1.354263049169627
Pi2,1500,0,48,0.5208840716137494,0.39840901505370474,1,1.3074103545160374
Pi2,1500,0,49,0.5726879220283931,0.39840901505370474,1,1.4374371572671265
Pi2,5000,0,0,0.502595651729576,0.39840901505370474,1,1.2615067248461411
Pi2,5000,0,1,0.44393715463350786,0.39840901505370474,1,1.1142748729560399
Pi2,5000,0,2,0.502417347078007,0.39840901505370474,1,1.2610591831369131
Pi2,5000,0,3,0.4802716234757992,0.39840901505370474,1,1.2054737853034263
Pi2,5000,0,4,0.4784839521089395,0.39840901505370474,1,1.200986759911647
Pi2,5000,0,5,0.4415740673927239,0.39840901505370474,1,1.1083435632931162
Pi2,5000,0,6,0.4758671239622676,0.39840901505370474,1,1.1944185647960843
Pi2,5000,0,7,0.47715945727782877,0.39840901505370474,1,1.1976622999193647
Pi2,5000,0,8,0.4893779175966233,0.39840901505370474,1,1.2283304320577588
Pi2,5000,0,9,0.49334876479348133,0.39840901505370474,1,1.2382971924643293
Pi2,5000,0,10,0.4617848116691681,0.39840901505370474,1,1.1590721952085357
Pi2,5000,0,11,0.45980733057594403,0.39840901505370474,1,1.1541087505611862
Pi2,5000,0,12,0.429481053719865,0.39840901505370474,1,1.0779903001491364
Pi2,5000,0,13,0.47530736636562165,0.39840901505370474,1,1.1930135825404231
Pi2,5000,0,14,0.4826773509652391,0.39840901505370474,1,1.211512121281129
Pi2,5000,0,15,0.4987277673244058,0.39840901505370474,1,1.2517983993338562
Pi2,5000,0,16,0.48217610391056165,0.39840901505370474,1,1.210253999512449
Pi2,5000,0,17,0.48804249546330436,0.39840901505370474,1,1.2249785447187163
Pi2,5000,0,18,0.48650670029393245,0.39840901505370474,1,1.2211237243925124
Pi2,5000,0,19,0.49781367598699094,0.39840901505370474,1,1.2495040452834298
Pi2,5000,0,20,0.4691075702397749,0.39840901505370474,1,1.1774521974020595
Pi2,5000,0,21,0.47170225799278653,0.39840901505370474,1,1.1839648204978546
Pi2,5000,0,22,0.4645937765617911,0.39840901505370474,1,1.16612265036012
Pi2,5000,0,23,0.4542691612554871,0.39840901505370474,1,1.1402080376977728
Pi2,5000,0,24,0.47112278735492624,0.39840901505370474,1,1.182510358836684
Pi2,5000,0,25,0.465423292613217,0.39840901505370474,1,1.1682047218496772
Pi2,5000,0,26,0.4706098723117861,0.39840901505370474,1,1.181222950611067
Pi2,5000,0,27,0.49197515273754083,0.39840901505370474,1,1.23484944905482
Pi2,5000,0,28,0.5010900996266149,0.39840901505370474,1,1.2577278141135158
Pi2,5000,0,29,0.5062637718691169,0.39840901505370474,1,1.2707136453749008
Pi2,5000,0,30,0.48807146567087634,0.39840901505370474,1,1.2250512594577843
Pi2,5000,0,31,0.484192396400246,0.39840901505370474,1,1.2153148601192616
Pi2,5000,0,32,0.48375999294976935,0.39840901505370474,1,1.214229534651869
Pi2,5000,0,33,0.45769438983524247,0.39840901505370474,1,1.148805304452125
Pi2,5000,0,34,0.48315068912201176,0.39840901505370474,1,1.2127001921803502
Pi2,5000,0,35,0.5058451068227015,0.39840901505370474,1,1.2696628030731547
Pi2,5000,0,36,0.49761557042286725,0.39840901505370474,1,1.2490068036130901
Pi2,5000,0,37,0.48159456028184916,0.39840901505370474,1,1.208794334678725
Pi2,5000,0,38,0.47477030334801684,0.39840901505370474,1,1.1916655633006166
Pi2,5000,0,39,0.46991568104442605,0.39840901505370474,1,1.179480542078302
Pi2,5000,0,40,0.44006655730189537,0.39840901505370474,1,1.1045597380435161
Pi2,5000,0,41,0.44324103512189617,0.39840901505370474,1,1.112527624562281
Pi2,5000,0,42,0.47008722200318975,0.39840901505370474,1,1.179911107031107
Pi2,5000,0,43,0.47464680887272737,0.39840901505370474,1,1.1913555942220482
Pi2,5000,0,44,0.4417480284677252,0.39840901505370474,1,1.1087802026974176
Pi2,5000,0,45,0.4485517369953785,0.39840901505370474,1,1.1258573979178523
Pi2,5000,0,46,0.5062629319657121,0.39840901505370474,1,1.2707115372313273
Pi2,5000,0,47,0.4549800903412499,0.39840901505370474,1,1.1419924578762846
Pi2,5000,0,48,0.44251577195575864,0.39840901505370474,1,1.110707226080485
Pi2,5000,0,49,0.43542313678239697,0.39840901505370474,1,1.0929048297857988
Pi1,500,0,0,1.0476818077605965,0.39840901505370474,1,2.6296639086326175
Pi1,500,0,1,1.2137859237530346,0.39840901505370474,1,3.0465824765270906
Pi1,500,0,2,1.1825791687543945,0.39840901505370474,1,2.9682540406245206
Pi1,500,0,3,1.1440106222101296,0.39840901505370474,1,2.8714476304104695
Pi1,500,0,4,1.2295743378907409,0.39840901505370474,1,3.0862111333625237
Pi1,500,0,5,1.104763628767815,0.39840901505370474,1,2.7729383297687056
Pi1,500,0,6,1.076166009921367,0.39840901505370474,1,2.7011587822035152
Pi1,500,0,7,1.0481338530238888,0.39840901505370474,1,2.6307985347234237
Pi1,500,0,8,1.083647684403003,0.39840901505370474,1,2.719937660690056
Pi1,500,0,9,1.152774687411958,0.39840901505370474,1,2.8934452882713164
Pi1,500,0,10,1.0410198037951508,0.39840901505370474,1,2.612942389505979
Pi1,500,0,11,1.0388205272101143,0.39840901505370474,1,2.607422241863888
Pi1,500,0,12,1.0795999123428799,0.39840901505370474,1,2.7097778201563836
Pi1,500,0,13,1.2973808127858029,0.39840901505370474,1,3.2564042573457295
Pi1,500,0,14,1.303208806688096,0.39840901505370474,1,3.2710324250881375
Pi1,500,0,15,1.275581951223318,0.39840901505370474,1,3.2016894774616786
Pi1,500,0,16,1.1125844243833045,0.39840901505370474,1,2.7925683966597252
Pi1,500,0,17,1.299603455476795,0.39840901505370474,1,3.261983053525059
Pi1,500,0,18,1.0074518310994347,0.39840901505370474,1,2.5286873364640914
Pi1,500,0,19,1.2906062520831791,0.39840901505370474,1,3.239400222681226
Pi1,500,0,20,1.025883166323846,0.39840901505370474,1,2.574949681260498
Pi1,500,0,21,1.2499009100232774,0.39840901505370474,1,3.1372304912698654
Pi1,500,0,22,1.2451175540350659,0.39840901505370474,1,3.125224347313593
Pi1,500,0,23,1.2204211761468071,0.39840901505370474,1,3.0632368496538582
Pi1,500,0,24,1.0798645277190664,0.39840901505370474,1,2.7104420003485683
Pi1,500,0,25,1.2696036492661102,0.39840901505370474,1,3.186684039001904
Pi1,500,0,26,1.1359237936118372,0.39840901505370474,1,2.851149825158241
Pi1,500,0,27,1.172679168069629,0.39840901505370474,1,2.943405203598503
Pi1,500,0,28,1.2749665779008619,0.39840901505370474,1,3.2001449006594362
Pi1,500,0,29,1.0848055196735544,0.39840901505370474,1,2.7228438079578217
Pi1,500,0,30,1.0709788084478853,0.39840901505370474,1,2.6881389927974384
Pi1,500,0,31,1.0652117457102783,0.39840901505370474,1,2.6736637612647645
Pi1,500,0,32,1.247109982579392,0.39840901505370474,1,3.1302253098145485
Pi1,500,0,33,1.108385472047369,0.39840901505370474,1,2.7820290961487424
Pi1,500,0,34,1.232769110065234,0.39840901505370474,1,3.094229958373455
Pi1,500,0,35,1.1755419003128023,0.39840901505370474,1,2.950590613905515
Pi1,500,0,36,1.3101495975117898,0.39840901505370474,1,3.2884536945911838
Pi1,500,0,37,1.2256022782999514,0.39840901505370474,1,3.0762413298673543
Pi1,500,0,38,1.286655560539225,0.39840901505370474,1,3.229484052628142
Pi1,500,0,39,0.9487629734514322,0.39840901505370474,1,2.381379280093702
Pi1,500,0,40,1.2494427682528995,0.39840901505370474,1,3.1360805630476936
Pi1,500,0,41,1.2119456373178112,0.39840901505370474,1,3.041963388189003
Pi1,500,0,42,1.2439463592313695,0.39840901505370474,1,3.122284667839878
Pi1,500,0,43,1.1571857060888429,0.39840901505370474,1,2.9045168717702246
Pi1,500,0,44,1.271101850425524,0.39840901505370474,1,3.190444498988513
Pi1,500,0,45,1.2784778961124628,0.39840901505370474,1,3.2089582509575654
Pi1,500,0,46,1.0417875798202996,0.39840901505370474,1,2.6148694945566646
Pi1,500,0,47,1.4101983090199557,0.39840901505370474,1,3.5395742961033747
Pi1,500,0,48,1.2663009719749079,0.39840901505370474,1,3.178394373943102
Pi1,500,0,49,1.1289555747226672,0.39840901505370474,1,2.8336597116671323
Pi1,1500,0,0,0.9607352365540577,0.39840901505370474,1,2.4114294613151577
Pi1,1500,0,1,0.985143214754533,0.39840901505370474,1,2.472693080556266
Pi1,1500,0,2,0.9039416388284057,0.39840901505370474,1,2.2688784758210256
Pi1,1500,0,3,0.9979461914601176,0.39840901505370474,1,2.5048283391017057
Pi1,1500,0,4,0.9432242583372559,0.39840901505370474,1,2.3674771972971325
Pi1,1500,0,5,1.0880231821031683,0.39840901505370474,1,2.730920087128312
Pi1,1500,0,6,0.9145184173823172,0.39840901505370474,1,2.295426014039973
Pi1,1500,0,7,1.0471529475859183,0.39840901505370474,1,2.628336478392097
Pi1,1500,0,8,1.0044618770531888,0.39840901505370474,1,2.5211826015477823
Pi1,1500,0,9,0.9528247515671038,0.39840901505370474,1,2.3915742755938014
Pi1,1500,0,10,1.000183173467619,0.39840901505370474,1,2.51044312672693
Pi1,1500,0,11,0.9763195405796881,0.39840901505370474,1,2.4505458051647806
Pi1,1500,0,12,0.892542235259459,0.39840901505370474,1,2.240266162499225
Pi1,1500,0,13,0.9065619142987246,0.39840901505370474,1,2.275455323661594
Pi1,1500,0,14,1.043247658598473,0.39840901505370474,1,2.61853426800055
Pi1,1500,0,15,1.026042050091443,0.39840901505370474,1,2.575348476874035
Pi1,1500,0,16,0.9948557656102531,0.39840901505370474,1,2.4970714216297254
Pi1,1500,0,17,1.1589317091029374,0.39840901505370474,1,2.9088993102897427
Pi1,1500,0,18,0.9592170444476991,0.39840901505370474,1,2.407618824384279
Pi1,1500,0,19,0.9269857409479376,0.39840901505370474,1,2.326718788787904
Pi1,1500,0,20,1.005817637261775,0.39840901505370474,1,2.524585537117409
Pi1,1500,0,21,1.0095581556656317,0.39840901505370474,1,2.5339741760852106
Pi1,1500,0,22,0.9812743411565894,0.39840901505370474,1,2.4629822721865757
Pi1,1500,0,23,0.8970787261929243,0.39840901505370474,1,2.25165267927484
Pi1,1500,0,24,0.9714510603346049,0.39840901505370474,1,2.4383260007398557
Pi1,1500,0,25,1.0363691734768483,0.39840901505370474,1,2.601269384773203
Pi1,1500,0,26,0.8869417160633116,0.39840901505370474,1,2.2262089524850577
Pi1,1500,0,27,1.0518924013754796,0.39840901505370474,1,2.640232428560098
Pi1,1500,0,28,0.8686035621013809,0.39840901505370474,1,2.180180491107348
Pi1,1500,0,29,0.9343868906493104,0.39840901505370474,1,2.3452955514155645
Pi1,1500,0,30,0.977479802742786,0.39840901505370474,1,2.4534580438924647
Pi1,1500,0,31,0.9991854351003072,0.39840901505370474,1,2.507938820022983
Pi1,1500,0,32,1.0153210270204054,0.39840901505370474,1,2.548438887316699
Pi1,1500,0,33,0.9921269245700627,0.39840901505370474,1,2.490222076014836
Pi1,1500,0,34,1.0134644255093115,0.39840901505370474,1,2.5437788484095885
Pi1,1500,0,35,0.9601621618124973,0.39840901505370474,1,2.4099910532473
Pi1,1500,0,36,0.985256601812276,0.39840901505370474,1,2.472977680184936
Pi1,1500,0,37,0.8960188447851427,0.39840901505370474,1,2.2489923945731025
Pi1,1500,0,38,0.9587255566386753,0.39840901505370474,1,2.4063851981598385
Pi1,1500,0,39,0.9440997958677599,0.39840901505370474,1,2.3696747819335795
Pi1,1500,0,40,0.9938657096987914,0.39840901505370474,1,2.4945863977621596
Pi1,1500,0,41,0.9938085601002595,0.39840901505370474,1,2.4944429532205645
Pi1,1500,0,42,1.0723613448718277,0.39840901505370474,1,2.6916091362221697
Pi1,1500,0,43,0.9880167520007809,0.39840901505370474,1,2.479905611241247
Pi1,1500,0,44,0.9808172758752186,0.39840901505370474,1,2.461835045933904
Pi1,1500,0,45,1.1162862036706462,0.39840901505370474,1,2.801859801089524
Pi1,1500,0,46,0.8771077548816043,0.39840901505370474,1,2.201525873513108
Pi1,1500,0,47,0.9139734373399716,0.39840901505370474,1,2.294058123199772
Pi1,1500,0,48,0.9167260893821646,0.39840901505370474,1,2.3009672340335765
Pi1,1500,0,49,0.9831048511830979,0.39840901505370474,1,2.4675768219014254
Pi1,5000,0,0,0.8701264263284899,0.39840901505370474,1,2.1840028549835866
Pi1,5000,0,1,0.8579021668119187,0.39840901505370474,1,2.153320166955246
Pi1,5000,0,2,0.8839470079990507,0.39840901505370474,1,2.218692285062617
Pi1,5000,0,3,0.8995194849626892,0.39840901505370474,1,2.257778943183391
Pi1,5000,0,4,0.8761706665080295,0.39840901505370474,1,2.1991737972844905
Pi1,5000,0,5,0.9031424841524922,0.39840901505370474,1,2.266872610878924
Pi1,5000,0,6,0.9191881536136084,0.39840901505370474,1,2.307146974296512
Pi1,5000,0,7,0.8832859503088791,0.39840901505370474,1,2.2170330412573973
Pi1,5000,0,8,0.8871168892887756,0.39840901505370474,1,2.2266486343668555
Pi1,5000,0,9,0.8817271826372294,0.39840901505370474,1,2.213120560332638
Pi1,5000,0,10,0.8779764544520653,0.39840901505370474,1,2.2037062949836006
Pi1,5000,0,11,0.8630307073893861,0.39840901505370474,1,2.166192718488188
Pi1,5000,0,12,0.9374811287321352,0.39840901505370474,1,2.353062037528856
Pi1,5000,0,13,0.9367544082840105,0.39840901505370474,1,2.351237981293515
Pi1,5000,0,14,0.8972056832860236,0.39840901505370474,1,2.251971339466508
Pi1,5000,0,15,0.8920305887661159,0.39840901505370474,1,2.238981938312495
Pi1,5000,0,16,0.8709073939709795,0.39840901505370474,1,2.185963070774347
Pi1,5000,0,17,0.8712666454030327,0.39840901505370474,1,2.1868647858924266
Pi1,5000,0,18,0.9136536770174011,0.39840901505370474,1,2.2932555301095343
Pi1,5000,0,19,0.8889404530809942,0.39840901505370474,1,2.2312257491491923
Pi1,5000,0,20,0.904097904079331,0.39840901505370474,1,2.2692706990012774
Pi1,5000,0,21,0.9075033515503487,0.39840901505370474,1,2.277818315501769
Pi1,5000,0,22,0.8979179990244615,0.39840901505370474,1,2.253759240120166
Pi1,5000,0,23,0.8799833739755358,0.39840901505370474,1,2.208743629601142
Pi1,5000,0,24,0.9201425084724444,0.39840901505370474,1,2.3095423891158964
Pi1,5000,0,25,0.8716148506009982,0.39840901505370474,1,2.1877387751467077
Pi1,5000,0,26,0.8726724267572182,0.39840901505370474,1,2.1903932737053746
Pi1,5000,0,27,0.8859254431839217,0.39840901505370474,1,2.2236581244641282
Pi1,5000,0,28,0.8588507756718194,0.39840901505370474,1,2.1557011594128914
Pi1,5000,0,29,0.9016278282063238,0.39840901505370474,1,2.263070849651297
Pi1,5000,0,30,0.8899219130011353,0.39840901505370474,1,2.2336891972215427
Pi1,5000,0,31,0.9253219194947543,0.39840901505370474,1,2.322542624619131
Pi1,5000,0,32,0.8491641295908929,0.39840901505370474,1,2.131387838893222
Pi1,5000,0,33,0.886254219343244,0.39840901505370474,1,2.224483347154629
Pi1,5000,0,34,0.8961027858717711,0.39840901505370474,1,2.249203085304127
Pi1,5000,0,35,0.8617475150616106,0.39840901505370474,1,2.1629719270921837
Pi1,5000,0,36,0.8552231920594716,0.39840901505370474,1,2.1465959848930356
Pi1,5000,0,37,0.8971381763634005,0.39840901505370474,1,2.251801898213744
Pi1,5000,0,38,0.9188774942855369,0.39840901505370474,1,2.306367224551066
Pi1,5000,0,39,0.8595739530815367,0.39840901505370474,1,2.1575163226807703
Pi1,5000,0,40,0.9150308248966947,0.39840901505370474,1,2.296712148376839
Pi1,5000,0,41,0.8622757633973961,0.39840901505370474,1,2.1642978216272617
Pi1,5000,0,42,0.8568661607998764,0.39840901505370474,1,2.1507198090996322
Pi1,5000,0,43,0.8966641446620113,0.39840901505370474,1,2.250612086529073
Pi1,5000,0,44,0.8773757620434671,0.39840901505370474,1,2.2021985670309157
Pi1,5000,0,45,0.9429835623765626,0.39840901505370474,1,2.366873054439921
Pi1,5000,0,46,0.8900464800040002,0.39840901505370474,1,2.2340018583264833
Pi1,5000,0,47,0.8456556070179087,0.39840901505370474,1,2.1225815056015134
Pi1,5000,0,48,0.8594480094250413,0.39840901505370474,1,2.157200206198119
Pi1,5000,0,49,0.8855940494724354,0.39840901505370474,1,2.2228263317612407
Pi2,500,1,0,0.7766230016784017,0.4443896818343893,1,1.7476170879409072
Pi2,500,1,1,0.7087757684085064,0.4443896818343893,1,1.5949420010895885
Pi2,500,1,2,0.5443248583178468,0.4443896818343893,1,1.2248818561019164
Pi2,500,1,3,0.6836458602453759,0.4443896818343893,1,1.5383927399559878
Pi2,500,1,4,0.8009494986336345,0.4443896818343893,1,1.8023584510950106
Pi2,500,1,5,0.7974991972607515,0.4443896818343893,1,1.7945943163413849
Pi2,500,1,6,0.8392599511393857,0.4443896818343893,1,1.8885675915674223
Pi2,500,1,7,0.8603176723412206,0.4443896818343893,1,1.9359533029433278
Pi2,500,1,8,0.7915022111966061,0.4443896818343893,1,1.7810994349134668
Pi2,500,1,9,0.6868552359063315,0.4443896818343893,1,1.5456147250563341
Pi2,500,1,10,0.7315352961924236,0.4443896818343893,1,1.6461572491348817
Pi2,500,1,11,0.7488932046232804,0.4443896818343893,1,1.6852173559294528
Pi2,500,1,12,0.7199536429732141,0.4443896818343893,1,1.6200953181480915
Pi2,500,1,13,0.7520906848640293,0.4443896818343893,1,1.6924125730360924
Pi2,500,1,14,0.8553957579933226,0.4443896818343893,1,1.9248776309619693
Pi2,500,1,15,0.8514816964977094,0.4443896818343893,1,1.9160699073454885
Pi2,500,1,16,0.7158090255688297,0.4443896818343893,1,1.610768779810667
Pi2,500,1,17,0.6575867061504546,0.4443896818343893,1,1.4797524178239525
Pi2,500,1,18,0.8347808462397416,0.4443896818343893,1,1.8784883636223564
Pi2,500,1,19,0.7012486858818369,0.4443896818343893,1,1.5780039783713322
Pi2,500,1,20,0.7053722734518567,0.4443896818343893,1,1.587283193750497
Pi2,500,1,21,0.6992610157545596,0.4443896818343893,1,1.5735311694639056
Pi2,500,1,22,0.8874856811688162,0.4443896818343893,1,1.9970888556758963
Pi2,500,1,23,0.827251736453305,0.4443896818343893,1,1.8615457790075263
Pi2,500,1,24,0.9377773613381926,0.4443896818343893,1,2.1102590804249908
Pi2,500,1,25,0.792981337214175,0.4443896818343893,1,1.7844278785700864
Pi2,500,1,26,0.7758867926103943,0.4443896818343893,1,1.7459604134092923
Pi2,500,1,27,0.7493638910480023,0.4443896818343893,1,1.6862765308922445
Pi2,500,1,28,0.7613961984914134,0.4443896818343893,1,1.7133525588363296
Pi2,500,1,29,0.7532948369526552,0.4443896818343893,1,1.6951222491106028
Pi2,500,1,30,0.8223474247154021,0.4443896818343893,1,1.8505097177793302
Pi2,500,1,31,0.7085875751273997,0.4443896818343893,1,1.5945185140267704
Pi2,500,1,32,0.6726737708177826,0.4443896818343893,1,1.513702496514012
Pi2,500,1,33,0.8069879026231804,0.4443896818343893,1,1.815946534339023
Pi2,500,1,34,0.7722886618543946,0.4443896818343893,1,1.7378636215550194
Pi2,500,1,35,0.6211289473488119,0.4443896818343893,1,1.3977123518819412
Pi2,500,1,36,0.6568049899231827,0.4443896818343893,1,1.4779933395662284
Pi2,500,1,37,0.7429748578464196,0.4443896818343893,1,1.6718994347022305
Pi2,500,1,38,0.7500938198864078,0.4443896818343893,1,1.6879190731659364
Pi2,500,1,39,0.7108455165879644,0.4443896818343893,1,1.5995995083721928
Pi2,500,1,40,0.7452335245701099,0.4443896818343893,1,1.6769820610907795
Pi2,500,1,41,0.6921333076000556,0.4443896818343893,1,1.5574918498175052
Pi2,500,1,42,0.7164455877453069,0.4443896818343893,1,1.612201221207257
Pi2,500,1,43,0.7568881037876719,0.4443896818343893,1,1.7032080957940454
Pi2,500,1,44,0.6759331656721806,0.4443896818343893,1,1.5210370386684195
Pi2,500,1,45,0.6443843046366784,0.4443896818343893,1,1.4500433537897062
Pi2,500,1,46,0.7577813989807844,0.4443896818343893,1,1.7052182576623973
Pi2,500,1,47,0.6427674957322511,0.4443896818343893,1,1.446405085462338
Pi2,500,1,48,0.8272180226331262,0.4443896818343893,1,1.8614699135642971
Pi2,500,1,49,0.7287526978019401,0.4443896818343893,1,1.639895631225579
Pi2,1500,1,0,0.6466093617438406,0.4443896818343893,1,1.4550503492221327
Pi2,1500,1,1,0.5796806588794361,0.4443896818343893,1,1.3044422104639812
Pi2,1500,1,2,0.6768475738673174,0.4443896818343893,1,1.5230947106453254
Pi2,1500,1,3,0.5803406508982998,0.4443896818343893,1,1.3059273755023306
Pi2,1500,1,4,0.6006173932055996,0.4443896818343893,1,1.35155566782361
Pi2,1500,1,5,0.6019820635154847,0.4443896818343893,1,1.3546265544028209
Pi2,1500,1,6,0.6140322139537284,0.4443896818343893,1,1.3817427340326047
Pi2,1500,1,7,0.6026454292077497,0.4443896818343893,1,1.3561193111417413
Pi2,1500,1,8,0.5639100906483989,0.4443896818343893,1,1.2689540592406268
Pi2,1500,1,9,0.6440669087230007,0.4443896818343893,1,1.4493291249796052
Pi2,1500,1,10,0.5729719789048004,0.4443896818343893,1,1.2893458204061765
Pi2,1500,1,11,0.5135183870145323,0.4443896818343893,1,1.1555587539629357
Pi2,1500,1,12,0.6504647596398665,0.4443896818343893,1,1.4637260634738931
Pi2,1500,1,13,0.6065657541392107,0.4443896818343893,1,1.364941129225542
Pi2,1500,1,14,0.59540858159488,0.4443896818343893,1,1.3398343974529339
Pi2,1500,1,15,0.6238829518822893,0.4443896818343893,1,1.403909625684765
Pi2,1500,1,16,0.5288262891888309,0.4443896818343893,1,1.1900057782752673
Pi2,1500,1,17,0.5367090093532759,0.4443896818343893,1,1.2077440842861227
Pi2,1500,1,18,0.5107422369360063,0.4443896818343893,1,1.14931164654346
Pi2,1500,1,19,0.6259714242076682,0.4443896818343893,1,1.4086092674873332
Pi2,1500,1,20,0.5972270846225587,0.4443896818343893,1,1.3439265334813226
Pi2,1500,1,21,0.5998313137684785,0.4443896818343893,1,1.3497867711339384
Pi2,1500,1,22,0.6249129749904552,0.4443896818343893,1,1.4062274632725191
Pi2,1500,1,23,0.5828577700025621,0.4443896818343893,1,1.3115915914082266
Pi2,1500,1,24,0.5018924245215922,0.4443896818343893,1,1.1293971148246247
Pi2,1500,1,25,0.5420232211481912,0.4443896818343893,1,1.2197025342955352
Pi2,1500,1,26,0.5917530683155907,0.4443896818343893,1,1.331608479010814
Pi2,1500,1,27,0.692246129765933,0.4443896818343893,1,1.5577457309729175
Pi2,1500,1,28,0.659039848231084,0.4443896818343893,1,1.4830223904178952
Pi2,1500,1,29,0.5355477764807526,0.4443896818343893,1,1.2051309883480488
Pi2,1500,1,30,0.5981431330695426,0.4443896818343893,1,1.345987896479677
Pi2,1500,1,31,0.6205468392901805,0.4443896818343893,1,1.3964024473489907
Pi2,1500,1,32,0.5937690438332159,0.4443896818343893,1,1.3361449828947554
Pi2,1500,1,33,0.5615676650700039,0.4443896818343893,1,1.263682952205185
Pi2,1500,1,34,0.5838042611509036,0.4443896818343893,1,1.3137214589254795
Pi2,1500,1,35,0.6123724491949418,0.4443896818343893,1,1.3780078031225635
Pi2,1500,1,36,0.5820331754498724,0.4443896818343893,1,1.309736025029444
Pi2,1500,1,37,0.6072352567792818,0.4443896818343893,1,1.366447695798617
Pi2,1500,1,38,0.6218681886528701,0.4443896818343893,1,1.399375849785418
Pi2,1500,1,39,0.5920737292821858,0.4443896818343893,1,1.33233005509528
Pi2,1500,1,40,0.5928500902963432,0.4443896818343893,1,1.3340770826386572
Pi2,1500,1,41,0.5815298700056992,0.4443896818343893,1,1.3086034482286155
Pi2,1500,1,42,0.5076689358971913,0.4443896818343893,1,1.1423958670723238
Pi2,1500,1,43,0.5372337942063389,0.4443896818343893,1,1.2089249957125463
Pi2,1500,1,44,0.6295081476069804,0.4443896818343893,1,1.4165678757626492
Pi2,1500,1,45,0.5372741530702925,0.4443896818343893,1,1.209015814346739
Pi2,1500,1,46,0.5743737181910782,0.4443896818343893,1,1.2925001224603816
Pi2,1500,1,47,0.5846424230315057,0.4443896818343893,1,1.3156075555538762
Pi2,1500,1,48,0.5002281683269677,0.4443896818343893,1,1.1256520769386085
Pi2,1500,1,49,0.6337238503352964,0.4443896818343893,1,1.4260543757887392
Pi2,5000,1,0,0.515240645087512,0.4443896818343893,1,1.1594343121574247
Pi2,5000,1,1,0.554174501028295,0.4443896818343893,1,1.247046283209652
Pi2,5000,1,2,0.5584168059364667,0.4443896818343893,1,1.2565926455164003
Pi2,5000,1,3,0.4940001728953093,0.4443896818343893,1,1.1116373603818468
Pi2,5000,1,4,0.4970212596763101,0.4443896818343893,1,1.1184356432954603
Pi2,5000,1,5,0.5170234674751245,0.4443896818343893,1,1.1634461568524979
Pi2,5000,1,6,0.5145285740374486,0.4443896818343893,1,1.157831954858929
Pi2,5000,1,7,0.5689409595884368,0.4443896818343893,1,1.2802749092641266
Pi2,5000,1,8,0.5041503103618434,0.4443896818343893,1,1.13447798400892
Pi2,5000,1,9,0.5160374237200261,0.4443896818343893,1,1.1612272850032954
Pi2,5000,1,10,0.540193520032927,0.4443896818343893,1,1.2155851994651867
Pi2,5000,1,11,0.5437408023562006,0.4443896818343893,1,1.2235675682470875
Pi2,5000,1,12,0.5326918225753768,0.4443896818343893,1,1.198704300190964
Pi2,5000,1,13,0.5060969428147971,0.4443896818343893,1,1.1388584467706075
Pi2,5000,1,14,0.5252029257496579,0.4443896818343893,1,1.1818522058875913
Pi2,5000,1,15,0.5392214661103444,0.4443896818343893,1,1.2133978086181039
Pi2,5000,1,16,0.501738048265255,0.4443896818343893,1,1.1290497254439804
Pi2,5000,1,17,0.5333638351403858,0.4443896818343893,1,1.2002165147910757
Pi2,5000,1,18,0.5438924848995378,0.4443896818343893,1,1.2239088960265962
Pi2,5000,1,19,0.5235227346826552,0.4443896818343893,1,1.178071310120464
Pi2,5000,1,20,0.5003755743472937,0.4443896818343893,1,1.125983781355591
Pi2,5000,1,21,0.4814635627708557,0.4443896818343893,1,1.0834265115774735
Pi2,5000,1,22,0.5305532264128432,0.4443896818343893,1,1.1938918658569675
Pi2,5000,1,23,0.47525024074664557,0.4443896818343893,1,1.0694448142559643
Pi2,5000,1,24,0.5178868621167934,0.4443896818343893,1,1.1653890341895792
Pi2,5000,1,25,0.5424081723525707,0.4443896818343893,1,1.2205687812407622
Pi2,5000,1,26,0.5188021616243218,0.4443896818343893,1,1.1674487118665005
Pi2,5000,1,27,0.5435397311411234,0.4443896818343893,1,1.2231151022621725
Pi2,5000,1,28,0.5126350341023032,0.4443896818343893,1,1.1535709649832662
Pi2,5000,1,29,0.526540418935974,0.4443896818343893,1,1.1848619364033746
Pi2,5000,1,30,0.5394154827652082,0.4443896818343893,1,1.2138343998865215
Pi2,5000,1,31,0.5215905182078778,0.4443896818343893,1,1.1737232873067898
Pi2,5000,1,32,0.5367194103873933,0.4443896818343893,1,1.2077674894967803
Pi2,5000,1,33,0.5164866463955351,0.4443896818343893,1,1.1622381605791068
Pi2,5000,1,34,0.49822367733106726,0.4443896818343893,1,1.1211414164128597
Pi2,5000,1,35,0.5281640624837093,0.4443896818343893,1,1.1885155845732263
Pi2,5000,1,36,0.5301771479946714,0.4443896818343893,1,1.1930455851408641
Pi2,5000,1,37,0.5286423822522244,0.4443896818343893,1,1.189591936676049
Pi2,5000,1,38,0.48840623244188924,0.4443896818343893,1,1.0990494433304678
Pi2,5000,1,39,0.5277263881032842,0.4443896818343893,1,1.187530695863348
Pi2,5000,1,40,0.5126760605370113,0.4443896818343893,1,1.1536632858367541
Pi2,5000,1,41,0.49589166556950537,0.4443896818343893,1,1.11589374335273
Pi2,5000,1,42,0.5200125583855159,0.4443896818343893,1,1.1701724401857487
Pi2,5000,1,43,0.5223566172386497,0.4443896818343893,1,1.1754472225422108
Pi2,5000,1,44,0.5261737483856578,0.4443896818343893,1,1.1840368259984644
Pi2,5000,1,45,0.5629879635591695,0.4443896818343893,1,1.2668790176117954
Pi2,5000,1,46,0.46988948911942424,0.4443896818343893,1,1.0573816367197697
Pi2,5000,1,47,0.4917448950075994,0.4443896818343893,1,1.106562359813876
Pi2,5000,1,48,0.5129775936293568,0.4443896818343893,1,1.154341818900575
Pi2,5000,1,49,0.5222591245342134,0.4443896818343893,1,1.175227836925439
Pi1,500,1,0,1.1993557826193824,0.4443896818343893,1,2.698883056124481
Pi1,500,1,1,1.3091945109574246,0.4443896818343893,1,2.9460506498558217
Pi1,500,1,2,1.348019859495841,0.4443896818343893,1,3.03341844916689
Pi1,500,1,3,1.5248856415118772,0.4443896818343893,1,3.431415498256677
Pi1,500,1,4,1.3065920676446956,0.4443896818343893,1,2.9401944308230434
Pi1,500,1,5,1.171469719384668,0.4443896818343893,1,2.6361316818810376
Pi1,500,1,6,1.2092921395781246,0.4443896818343893,1,2.7212426143341273
Pi1,500,1,7,1.4018500056009122,0.4443896818343893,1,3.154551203381314
Pi1,500,1,8,1.3817307639852934,0.4443896818343893,1,3.1092773312865147
Pi1,500,1,9,1.147011665713544,0.4443896818343893,1,2.5810942796394647
Pi1,500,1,10,1.1622055991405875,0.4443896818343893,1,2.615284842670372
Pi1,500,1,11,1.3534204811713546,0.4443896818343893,1,3.045571345366506
Pi1,500,1,12,1.3280386847441714,0.4443896818343893,1,2.988455265797759
Pi1,500,1,13,1.339421117578329,0.4443896818343893,1,3.0140688956803707
Pi1,500,1,14,1.152505154627733,0.4443896818343893,1,2.5934561528753877
Pi1,500,1,15,1.2763226543644308,0.4443896818343893,1,2.872079858145937
Pi1,500,1,16,1.4131561177645109,0.4443896818343893,1,3.1799930905937455
Pi1,500,1,17,1.284279610048838,0.4443896818343893,1,2.8899852146599807
Pi1,500,1,18,1.2228273386375468,0.4443896818343893,1,2.7517005651208115
Pi1,500,1,19,1.3434236776252606,0.4443896818343893,1,3.0230757655753004
Pi1,500,1,20,1.2711452317236587,0.4443896818343893,1,2.8604292216608584
Pi1,500,1,21,1.3714894251839889,0.4443896818343893,1,3.0862314793688252
Pi1,500,1,22,1.3599322978004766,0.4443896818343893,1,3.060224738312629
Pi1,500,1,23,1.133518922520167,0.4443896818343893,1,2.5507318663231144
Pi1,500,1,24,1.2794739850391963,0.4443896818343893,1,2.879171225933229
Pi1,500,1,25,1.1691605708772344,0.4443896818343893,1,2.6309354574819883
Pi1,500,1,26,1.309238144536144,0.4443896818343893,1,2.9461488375062177
Pi1,500,1,27,1.3020829633139341,0.4443896818343893,1,2.930047695840025
Pi1,500,1,28,1.1325713214136648,0.4443896818343893,1,2.548599501092242
Pi1,500,1,29,1.271554603537622,0.4443896818343893,1,2.861350421748748
Pi1,500,1,30,1.3004803730085974,0.4443896818343893,1,2.926441423303
Pi1,500,1,31,1.1491706951654015,0.4443896818343893,1,2.5859526945399756
Pi1,500,1,32,1.2906462676811266,0.4443896818343893,1,2.9043119596150113
Pi1,500,1,33,1.32295444664958,0.4443896818343893,1,2.9770143203788546
Pi1,500,1,34,1.3969762680293498,0.4443896818343893,1,3.1435839425046797
Pi1,500,1,35,1.2489416213048619,0.4443896818343893,1,2.8104649418262255
Pi1,500,1,36,1.3951803664150946,0.4443896818343893,1,3.139542665923185
Pi1,500,1,37,1.3331556845373362,0.4443896818343893,1,2.9999699341222854
Pi1,500,1,38,1.2249583445746262,0.4443896818343893,1,2.756495919342995
Pi1,500,1,39,1.3812185604760847,0.4443896818343893,1,3.108124731372191
Pi1,500,1,40,1.3341416961552155,0.4443896818343893,1,3.002188733653834
Pi1,500,1,41,1.4778900830719761,0.4443896818343893,1,3.32566246131417
Pi1,500,1,42,1.233088624313277,0.4443896818343893,1,2.7747913030366265
Pi1,500,1,43,1.40720643974103,0.4443896818343893,1,3.166604665374417
Pi1,500,1,44,1.2797445398280398,0.4443896818343893,1,2.87978004922482
Pi1,500,1,45,1.2108093213388664,0.4443896818343893,1,2.7246566939645973
Pi1,500,1,46,1.2184287307439363,0.4443896818343893,1,2.7418024777587164
Pi1,500,1,47,1.175211404107511,0.4443896818343893,1,2.644551509963899
Pi1,500,1,48,1.324612725945946,0.4443896818343893,1,2.9807459085865755
Pi1,500,1,49,1.154619461154713,0.4443896818343893,1,2.598213928794604
Pi1,1500,1,0,1.1211249473665472,0.4443896818343893,1,2.5228419857514983
Pi1,1500,1,1,1.1173833359070011,0.4443896818343893,1,2.5144223225313684
Pi1,1500,1,2,1.0835150077558475,0.4443896818343893,1,2.438209193524077
Pi1,1500,1,3,1.1530356992318331,0.4443896818343893,1,2.594650025338651
Pi1,1500,1,4,1.1358495819229002,0.4443896818343893,1,2.5559764962009113
Pi1,1500,1,5,1.0917295276558907,0.4443896818343893,1,2.4566941409381
Pi1,1500,1,6,1.1381423765524958,0.4443896818343893,1,2.5611359198403876
Pi1,1500,1,7,1.0737220679942248,0.4443896818343893,1,2.416172363773218
Pi1,1500,1,8,1.1370886217775114,0.4443896818343893,1,2.558764679422215
Pi1,1500,1,9,1.095404464198765,0.4443896818343893,1,2.464963767108772
Pi1,1500,1,10,1.1958848200969763,0.4443896818343893,1,2.691072428055714
Pi1,1500,1,11,1.1863028595737959,0.4443896818343893,1,2.669510360089538
Pi1,1500,1,12,1.1323190412965112,0.4443896818343893,1,2.5480318008789693
Pi1,1500,1,13,1.0725458081617623,0.4443896818343893,1,2.413525453008758
Pi1,1500,1,14,0.9773499650007491,0.4443896818343893,1,2.1993084109567107
Pi1,1500,1,15,1.2038392588475755,0.4443896818343893,1,2.7089721207708197
Pi1,1500,1,16,1.1464980184984548,0.4443896818343893,1,2.579938430986614
Pi1,1500,1,17,1.0880538205787396,0.4443896818343893,1,2.448422780851659
Pi1,1500,1,18,1.0058658458012735,0.4443896818343893,1,2.263477049352666
Pi1,1500,1,19,1.2327426050331367,0.4443896818343893,1,2.7740126637155873
Pi1,1500,1,20,1.0252649531912275,0.4443896818343893,1,2.3071304197681908
Pi1,1500,1,21,1.074646067986337,0.4443896818343893,1,2.4182516199528354
Pi1,1500,1,22,1.0715424729333152,0.4443896818343893,1,2.411267670550116
Pi1,1500,1,23,1.1189578179209994,0.4443896818343893,1,2.5179653436192995
Pi1,1500,1,24,1.19264054358879,0.4443896818343893,1,2.683771906372145
Pi1,1500,1,25,1.1011970493090049,0.4443896818343893,1,2.4779986897161757
Pi1,1500,1,26,1.0253413664892408,0.4443896818343893,1,2.307302370875827
Pi1,1500,1,27,1.0918224716421119,0.4443896818343893,1,2.4569032906776656
Pi1,1500,1,28,1.0833748468890234,0.4443896818343893,1,2.4378937927113364
Pi1,1500,1,29,1.1048502340059407,0.4443896818343893,1,2.4862193682023546
Pi1,1500,1,30,1.0681263958840475,0.4443896818343893,1,2.403580550013999
Pi1,1500,1,31,1.1212627250678373,0.4443896818343893,1,2.5231520237810074
Pi1,1500,1,32,1.0713207656678736,0.4443896818343893,1,2.410768767730126
Pi1,1500,1,33,1.1230475742529413,0.4443896818343893,1,2.527168429332406
Pi1,1500,1,34,1.0384674560044573,0.4443896818343893,1,2.3368397117542954
Pi1,1500,1,35,1.1131574226095102,0.4443896818343893,1,2.504912845893552
Pi1,1500,1,36,1.0096580926864833,0.4443896818343893,1,2.272010656320217
Pi1,1500,1,37,1.0533399552713685,0.4443896818343893,1,2.3703069588008945
Pi1,1500,1,38,1.1729069750387413,0.4443896818343893,1,2.639365905610402
Pi1,1500,1,39,1.0750597755550362,0.4443896818343893,1,2.419182576691055
Pi1,1500,1,40,1.1747297725404313,0.4443896818343893,1,2.6434677053960445
Pi1,1500,1,41,1.1769870665099447,0.4443896818343893,1,2.6485472427070715
Pi1,1500,1,42,1.1831286189072356,0.4443896818343893,1,2.662367438468457
Pi1,1500,1,43,1.1218904136717862,0.4443896818343893,1,2.5245644971790346
Pi1,1500,1,44,1.1165417171123144,0.4443896818343893,1,2.5125284468877833
Pi1,1500,1,45,1.0335954819715714,0.4443896818343893,1,2.325876419328659
Pi1,1500,1,46,1.1273842329034878,0.4443896818343893,1,2.536927113720948
Pi1,1500,1,47,1.0763609324605528,0.4443896818343893,1,2.4221105405000833
Pi1,1500,1,48,1.1322553401629114,0.4443896818343893,1,2.5478884556659644
Pi1,1500,1,49,1.0732329826140599,0.4443896818343893,1,2.4150717860592037
Pi1,5000,1,0,1.0276550587382005,0.4443896818343893,1,2.3125088199531523
Pi1,5000,1,1,1.031472271319379,0.4443896818343893,1,2.3210986066588686
Pi1,5000,1,2,1.0228910628041128,0.4443896818343893,1,2.3017885081888863
Pi1,5000,1,3,1.0364854600143834,0.4443896818343893,1,2.3323796712288436
Pi1,5000,1,4,1.01824761394494,0.4443896818343893,1,2.2913394607672513
Pi1,5000,1,5,1.0552431665505932,0.4443896818343893,1,2.3745897118823085
Pi1,5000,1,6,1.0419727229329205,0.4443896818343893,1,2.3447275342482694
Pi1,5000,1,7,1.0779328526369727,0.4443896818343893,1,2.4256477967431427
Pi1,5000,1,8,0.9815709536217808,0.4443896818343893,1,2.20880680570703
Pi1,5000,1,9,0.9933149162054765,0.4443896818343893,1,2.2352339777674115
Pi1,5000,1,10,1.019974155970383,0.4443896818343893,1,2.295224659042594
Pi1,5000,1,11,1.0405831793142475,0.4443896818343893,1,2.341600675827666
Pi1,5000,1,12,1.0562291394117405,0.4443896818343893,1,2.376808424200464
Pi1,5000,1,13,1.0293014780962046,0.4443896818343893,1,2.3162137200111554
Pi1,5000,1,14,0.9609949143055497,0.4443896818343893,1,2.16250501212961
Pi1,5000,1,15,1.030696468435053,0.4443896818343893,1,2.3193528350623644
Pi1,5000,1,16,1.0134150964436694,0.4443896818343893,1,2.280464956477857
Pi1,5000,1,17,1.066714871838875,0.4443896818343893,1,2.400404229539262
Pi1,5000,1,18,1.0640560144542361,0.4443896818343893,1,2.3944210632027634
Pi1,5000,1,19,0.9697944195810653,0.4443896818343893,1,2.18230633883727
Pi1,5000,1,20,1.0214201177309497,0.4443896818343893,1,2.298478473925509
Pi1,5000,1,21,0.9967904313587959,0.4443896818343893,1,2.2430548505180408
Pi1,5000,1,22,1.0313187920554134,0.4443896818343893,1,2.3207532357597693
Pi1,5000,1,23,0.9665328551212483,0.4443896818343893,1,2.1749669144691035
Pi1,5000,1,24,1.001411593710644,0.4443896818343893,1,2.2534537471188183
Pi1,5000,1,25,1.0293116389206607,0.4443896818343893,1,2.316236584683472
Pi1,5000,1,26,1.0446307834324837,0.4443896818343893,1,2.3507089073723955
Pi1,5000,1,27,1.008364887905014,0.4443896818343893,1,2.26910058699518
Pi1,5000,1,28,1.0398555594591672,0.4443896818343893,1,2.3399633294066673
Pi1,5000,1,29,0.9863167232863213,0.4443896818343893,1,2.2194861033112194
Pi1,5000,1,30,1.0309728886129232,0.4443896818343893,1,2.3199748571055614
Pi1,5000,1,31,0.9926836346179216,0.4443896818343893,1,2.233813419160045
Pi1,5000,1,32,1.018551289877775,0.4443896818343893,1,2.292022815816319
Pi1,5000,1,33,1.0185756577952731,0.4443896818343893,1,2.292077650387179
Pi1,5000,1,34,0.9868208374350158,0.4443896818343893,1,2.2206204999214503
Pi1,5000,1,35,1.036194657018633,0.4443896818343893,1,2.331725283857494
Pi1,5000,1,36,1.0202625812872372,0.4443896818343893,1,2.295873695977168
Pi1,5000,1,37,1.0746971253608546,0.4443896818343893,1,2.4183665132021717
Pi1,5000,1,38,1.035693925561664,0.4443896818343893,1,2.3305984992415643
Pi1,5000,1,39,1.0115772321957044,0.4443896818343893,1,2.276329252335541
Pi1,5000,1,40,1.009244769206897,0.4443896818343893,1,2.2710805638889977
Pi1,5000,1,41,0.997649012992055,0.4443896818343893,1,2.244986897251698
Pi1,5000,1,42,1.0175410830600342,0.4443896818343893,1,2.2897495703764816
Pi1,5000,1,43,1.0010998071528425,0.4443896818343893,1,2.252752140914744
Pi1,5000,1,44,1.0159996664067517,0.4443896818343893,1,2.286280955518189
Pi1,5000,1,45,1.0478596509305147,0.4443896818343893,1,2.3579747545106606
Pi1,5000,1,46,1.0017905345331537,0.4443896818343893,1,2.2543064690383403
Pi1,5000,1,47,1.0315929721695583,0.4443896818343893,1,2.321370217038482
Pi1,5000,1,48,0.980770829504213,0.4443896818343893,1,2.2070063045921864
Pi1,5000,1,49,1.0360244824087306,0.4443896818343893,1,2.3313423438009204
Pi2,500,2,0,0.6822832652589476,0.395124857364932,1,1.7267535882431204
Pi2,500,2,1,0.7687446191295872,0.395124857364932,1,1.9455739237878042
Pi2,500,2,2,0.7663998550092225,0.395124857364932,1,1.9396396878705757
Pi2,500,2,3,0.6049769163087538,0.395124857364932,1,1.531103156463794
Pi2,500,2,4,0.6574330287338259,0.395124857364932,1,1.6638614768967308
Pi2,500,2,5,0.7557829329489573,0.395124857364932,1,1.9127698975691785
Pi2,500,2,6,0.6379965797067918,0.395124857364932,1,1.6146708257272377
Pi2,500,2,7,0.5754682814209012,0.395124857364932,1,1.4564213581971797
Pi2,500,2,8,0.69636986614376,0.395124857364932,1,1.7624045998720907
Pi2,500,2,9,0.6813993634952547,0.395124857364932,1,1.7245165693686624
Pi2,500,2,10,0.6821501425148986,0.395124857364932,1,1.726416675134346
Pi2,500,2,11,0.6656283075460095,0.395124857364932,1,1.6846024620800917
Pi2,500,2,12,0.6737416084783024,0.395124857364932,1,1.7051359739082266
Pi2,500,2,13,0.586044037402334,0.395124857364932,1,1.483186963509794
Pi2,500,2,14,0.799053505384144,0.395124857364932,1,2.02228103469114
Pi2,500,2,15,0.6503420791435155,0.395124857364932,1,1.645915378446738
Pi2,500,2,16,0.7146257206384002,0.395124857364932,1,1.8086073485839478
Pi2,500,2,17,0.7139079180020469,0.395124857364932,1,1.806790700952259
Pi2,500,2,18,0.7161094759836181,0.395124857364932,1,1.8123625042456617
Pi2,500,2,19,0.7635567609165061,0.395124857364932,1,1.932444255743939
Pi2,500,2,20,0.687871004099301,0.395124857364932,1,1.7408952924062497
Pi2,500,2,21,0.6229554685881624,0.395124857364932,1,1.5766040960890726
Pi2,500,2,22,0.6668337189159217,0.395124857364932,1,1.6876531721213455
Pi2,500,2,23,0.7674224654116993,0.395124857364932,1,1.9422277568908255
Pi2,500,2,24,0.7723979168923428,0.395124857364932,1,1.954819856294099
Pi2,500,2,25,0.6921175185607279,0.395124857364932,1,1.7516425647741454
Pi2,500,2,26,0.5881340629373076,0.395124857364932,1,1.488476495403363
Pi2,500,2,27,0.6260305799000637,0.395124857364932,1,1.584386727970066
Pi2,500,2,28,0.6701214958282218,0.395124857364932,1,1.6959740277977666
Pi2,500,2,29,0.7402154045548429,0.395124857364932,1,1.8733708870945314
Pi2,500,2,30,0.6849307466505736,0.395124857364932,1,1.7334539548292218
Pi2,500,2,31,0.5724001386774856,0.395124857364932,1,1.4486563626869582
Pi2,500,2,32,0.7360650743973248,0.395124857364932,1,1.8628670423473384
Pi2,500,2,33,0.7042295138742277,0.395124857364932,1,1.7822961546147698
Pi2,500,2,34,0.7398972934010685,0.395124857364932,1,1.8725657968860947
Pi2,500,2,35,0.6959627283100742,0.395124857364932,1,1.7613741968840304
Pi2,500,2,36,0.6905512040911607,0.395124857364932,1,1.7476784647172345
Pi2,500,2,37,0.7166144781030496,0.395124857364932,1,1.8136405866290362
Pi2,500,2,38,0.7165172173961213,0.395124857364932,1,1.8133944347985063
Pi2,500,2,39,0.6298634592554598,0.395124857364932,1,1.5940871537568855
Pi2,500,2,40,0.7721772831981464,0.395124857364932,1,1.9542614664836786
Pi2,500,2,41,0.7179584812366859,0.395124857364932,1,1.8170420510233531
Pi2,500,2,42,0.7741940172084304,0.395124857364932,1,1.9593655088457145
Pi2,500,2,43,0.6402268064555612,0.395124857364932,1,1.6203151852434743
Pi2,500,2,44,0.6943842357123348,0.395124857364932,1,1.7573792758652256
Pi2,500,2,45,0.7140989955155038,0.395124857364932,1,1.8072742886332043
Pi2,500,2,46,0.6304764092546635,0.395124857364932,1,1.5956384355549769
Pi2,500,2,47,0.7066828643339916,0.395124857364932,1,1.788505205789442
Pi2,500,2,48,0.6225149512840809,0.395124857364932,1,1.5754892148157977
Pi2,500,2,49,0.6052047524670787,0.395124857364932,1,1.531679774598741
Pi2,1500,2,0,0.524551080317476,0.395124857364932,1,1.327557784685279
Pi2,1500,2,1,0.5778630435604033,0.395124857364932,1,1.4624821313803011
Pi2,1500,2,2,0.6190636358294613,0.395124857364932,1,1.5667544683418955
Pi2,1500,2,3,0.577526460924423,0.395124857364932,1,1.461630292702712
Pi2,1500,2,4,0.5074368848143032,0.395124857364932,1,1.2842443985892824
Pi2,1500,2,5,0.5272767801712983,0.395124857364932,1,1.3344561101209396
Pi2,1500,2,6,0.5762017311013427,0.395124857364932,1,1.4582776060812859
Pi2,1500,2,7,0.4787697993352006,0.395124857364932,1,1.211692431926689
Pi2,1500,2,8,0.5246423680576675,0.395124857364932,1,1.3277888198593257
Pi2,1500,2,9,0.5505792637352818,0.395124857364932,1,1.39343109772204
Pi2,1500,2,10,0.4468499094304257,0.395124857364932,1,1.1309081195509831
Pi2,1500,2,11,0.6089798377626404,0.395124857364932,1,1.541233932544504
Pi2,1500,2,12,0.48546387547911785,0.395124857364932,1,1.228634104967863
Pi2,1500,2,13,0.5760263731147989,0.395124857364932,1,1.4578338020955959
Pi2,1500,2,14,0.4871781003763899,0.395124857364932,1,1.2329725434774121
Pi2,1500,2,15,0.5577908115898393,0.395124857364932,1,1.4116824117564217
Pi2,1500,2,16,0.5168891639803451,0.395124857364932,1,1.3081666575660493
Pi2,1500,2,17,0.4398201267578811,0.395124857364932,1,1.1131168251246444
Pi2,1500,2,18,0.633912419755434,0.395124857364932,1,1.6043344475540322
Pi2,1500,2,19,0.5518719792133927,0.395124857364932,1,1.3967027609799074
Pi2,1500,2,20,0.4851989172655505,0.395124857364932,1,1.2279635366433737
Pi2,1500,2,21,0.5269250806455147,0.395124857364932,1,1.333566012929563
Pi2,1500,2,22,0.5128897581169254,0.395124857364932,1,1.298044778901944
Pi2,1500,2,23,0.5590734472941495,0.395124857364932,1,1.4149285646632876
Pi2,1500,2,24,0.5650450971537266,0.395124857364932,1,1.4300418883336883
Pi2,1500,2,25,0.5171667722560416,0.395124857364932,1,1.3088692412444032
Pi2,1500,2,26,0.5066711202742338,0.395124857364932,1,1.2823063667854213
Pi2,1500,2,27,0.5338469569417005,0.395124857364932,1,1.3510842129799152
Pi2,1500,2,28,0.6131633046399155,0.395124857364932,1,1.5518216412125296
Pi2,1500,2,29,0.5537033378557383,0.395124857364932,1,1.4013376469107974
Pi2,1500,2,30,0.5340784406244982,0.395124857364932,1,1.351670062436063
Pi2,1500,2,31,0.5297130373521285,0.395124857364932,1,1.3406219008461233
Pi2,1500,2,32,0.592950484591017,0.395124857364932,1,1.500666114871573
Pi2,1500,2,33,0.4952349166575162,0.395124857364932,1,1.253363101375634
Pi2,1500,2,34,0.4989900477073347,0.395124857364932,1,1.2628667582066955
Pi2,1500,2,35,0.5837824101102782,0.395124857364932,1,1.4774631340672768
Pi2,1500,2,36,0.5554919050750329,0.395124857364932,1,1.405864234357668
Pi2,1500,2,37,0.537988797337546,0.395124857364932,1,1.3615665714512786
Pi2,1500,2,38,0.5801113324137771,0.395124857364932,1,1.4681722032941957
Pi2,1500,2,39,0.5617759912621404,0.395124857364932,1,1.4217682861275711
Pi2,1500,2,40,0.5606127081282599,0.395124857364932,1,1.418824196146398
Pi2,1500,2,41,0.523682228393189,0.395124857364932,1,1.3253588546304065
Pi2,1500,2,42,0.4768004867543626,0.395124857364932,1,1.2067084058799067
Pi2,1500,2,43,0.5122280057782637,0.395124857364932,1,1.2963699859185946
Pi2,1500,2,44,0.5731459105141066,0.395124857364932,1,1.4505437960456047
Pi2,1500,2,45,0.5134634049520237,0.395124857364932,1,1.299496590460761
Pi2,1500,2,46,0.5595957005409683,0.395124857364932,1,1.4162503069862122
Pi2,1500,2,47,0.5070259636916442,0.395124857364932,1,1.2832044206810351
Pi2,1500,2,48,0.5714532067513395,0.395124857364932,1,1.446259824204259
Pi2,1500,2,49,0.5487013002147123,0.395124857364932,1,1.3886782620409506
Pi2,5000,2,0,0.4605149428682363,0.395124857364932,1,1.1654922090687676
Pi2,5000,2,1,0.49490998812668546,0.395124857364932,1,1.2525407574385867
Pi2,5000,2,2,0.4696252709689342,0.395124857364932,1,1.1885490427022023
Pi2,5000,2,3,0.4674567645343269,0.395124857364932,1,1.183060887770445
Pi2,5000,2,4,0.439712494758484,0.395124857364932,1,1.1128444251543796
Pi2,5000,2,5,0.4221792099174703,0.395124857364932,1,1.0684703886588214
Pi2,5000,2,6,0.4665009416818144,0.395124857364932,1,1.1806418477260223
Pi2,5000,2,7,0.4624344002451832,0.395124857364932,1,1.1703500592929919
Pi2,5000,2,8,0.48590214961667944,0.395124857364932,1,1.229743309133059
Pi2,5000,2,9,0.5131427327216513,0.395124857364932,1,1.2986850185629288
Pi2,5000,2,10,0.47387635683405566,0.395124857364932,1,1.1993078845869467
Pi2,5000,2,11,0.46727278953783385,0.395124857364932,1,1.1825952754631859
Pi2,5000,2,12,0.46683948227691285,0.395124857364932,1,1.1814986416957973
Pi2,5000,2,13,0.5149029447572365,0.395124857364932,1,1.3031398434183528
Pi2,5000,2,14,0.47909252282808257,0.395124857364932,1,1.2125091952531832
Pi2,5000,2,15,0.49699904378897825,0.395124857364932,1,1.257827834734165
Pi2,5000,2,16,0.46183845766510206,0.395124857364932,1,1.1688418206464652
Pi2,5000,2,17,0.4953445966827542,0.395124857364932,1,1.2536406845830521
Pi2,5000,2,18,0.4703574722941881,0.395124857364932,1,1.1904021311920963
Pi2,5000,2,19,0.4452501470730285,0.395124857364932,1,1.1268593680548968
Pi2,5000,2,20,0.4656407573359975,0.395124857364932,1,1.1784648539738363
Pi2,5000,2,21,0.45603613261203496,0.395124857364932,1,1.1541570319147147
Pi2,5000,2,22,0.45993080741128683,0.395124857364932,1,1.1640138524276666
Pi2,5000,2,23,0.4638353715840079,0.395124857364932,1,1.1738957014177818
Pi2,5000,2,24,0.47861523724248994,0.395124857364932,1,1.2113012591370513
Pi2,5000,2,25,0.4670093423665267,0.395124857364932,1,1.1819285313533263
Pi2,5000,2,26,0.452340630960929,0.395124857364932,1,1.1448042878840023
Pi2,5000,2,27,0.4326535061836268,0.395124857364932,1,1.094979215099175
Pi2,5000,2,28,0.4721935609988084,0.395124857364932,1,1.1950489881802013
Pi2,5000,2,29,0.4452715324376312,0.395124857364932,1,1.1269134911104426
Pi2,5000,2,30,0.46938243770629196,0.395124857364932,1,1.187934469212036
Pi2,5000,2,31,0.46084665873998554,0.395124857364932,1,1.1663317307175989
Pi2,5000,2,32,0.4900620953473291,0.395124857364932,1,1.2402714894110403
Pi2,5000,2,33,0.43108622936157365,0.395124857364932,1,1.0910126794767259
Pi2,5000,2,34,0.464906092622521,0.395124857364932,1,1.17660553102874
Pi2,5000,2,35,0.4648408716151985,0.395124857364932,1,1.1764404667304382
Pi2,5000,2,36,0.49741521997228555,0.395124857364932,1,1.2588811123894428
Pi2,5000,2,37,0.4662074154220122,0.395124857364932,1,1.1798989780879043
Pi2,5000,2,38,0.4479414044197595,0.395124857364932,1,1.1336705248236174
Pi2,5000,2,39,0.4320184708652217,0.395124857364932,1,1.0933720387685335
Pi2,5000,2,40,0.46080596090737136,0.395124857364932,1,1.166228730787689
Pi2,5000,2,41,0.46857944348034947,0.395124857364932,1,1.1859022148221259
Pi2,5000,2,42,0.43620376199647826,0.395124857364932,1,1.1039643643416903
Pi2,5000,2,43,0.44854510570262274,0.395124857364932,1,1.1351983995488102
Pi2,5000,2,44,0.441626546030083,0.395124857364932,1,1.117688593360763
Pi2,5000,2,45,0.4297371932899908,0.395124857364932,1,1.0875984774936376
Pi2,5000,2,46,0.48347811381101663,0.395124857364932,1,1.223608448821236
Pi2,5000,2,47,0.4881521152376864,0.395124857364932,1,1.2354376246869117
Pi2,5000,2,48,0.4402241273943292,0.395124857364932,1,1.114139288350933
Pi2,5000,2,49,0.455874615778265,0.395124857364932,1,1.153748257749386
Pi1,500,2,0,1.207000127938471,0.395124857364932,1,3.0547309424871285
Pi1,500,2,1,1.3799298004451834,0.395124857364932,1,3.492389240322329
Pi1,500,2,2,1.1771220108493816,0.395124857364932,1,2.9791140418235127
Pi1,500,2,3,1.3309218567643333,0.395124857364932,1,3.3683577025251834
Pi1,500,2,4,1.2523016429504747,0.395124857364932,1,3.1693820816589775
Pi1,500,2,5,1.1303449461416402,0.395124857364932,1,2.8607285142216923
Pi1,500,2,6,1.2827679201138995,0.395124857364932,1,3.246487524648828
Pi1,500,2,7,1.2268786042606283,0.395124857364932,1,3.1050402964840544
Pi1,500,2,8,1.1015866074143301,0.395124857364932,1,2.7879455996789377
Pi1,500,2,9,1.1153527857818857,0.395124857364932,1,2.822785671395411
Pi1,500,2,10,1.0724236636467552,0.395124857364932,1,2.7141386922571646
Pi1,500,2,11,1.1063887115973012,0.395124857364932,1,2.80009898383957
Pi1,500,2,12,1.2890089135720897,0.395124857364932,1,3.262282515376091
Pi1,500,2,13,1.209780811148002,0.395124857364932,1,3.0617684223057235
Pi1,500,2,14,1.2906898952687238,0.395124857364932,1,3.2665368204781404
Pi1,500,2,15,1.3210076268643673,0.395124857364932,1,3.3432663175738964
Pi1,500,2,16,1.1685658792353621,0.395124857364932,1,2.9574597939205085
Pi1,500,2,17,1.1596113349130799,0.395124857364932,1,2.9347972249745817
Pi1,500,2,18,1.3299901402501157,0.395124857364932,1,3.3659996719005574
Pi1,500,2,19,1.2431168442978346,0.395124857364932,1,3.1461367745580953
Pi1,500,2,20,1.3020893348506364,0.395124857364932,1,3.2953870417928277
Pi1,500,2,21,0.9751100964316852,0.395124857364932,1,2.4678530805038332
Pi1,500,2,22,1.1511214811689847,0.395124857364932,1,2.9133107161259266
Pi1,500,2,23,1.0716811826390367,0.395124857364932,1,2.71225958747831
Pi1,500,2,24,1.4225307083088143,0.395124857364932,1,3.6002055598212697
Pi1,500,2,25,1.0858798933224012,0.395124857364932,1,2.748194331695758
Pi1,500,2,26,1.304777155277217,0.395124857364932,1,3.302189500247367
Pi1,500,2,27,1.026990308887867,0.395124857364932,1,2.599153887044247
Pi1,500,2,28,1.2633821601724382,0.395124857364932,1,3.197425159727664
Pi1,500,2,29,1.2738789261330061,0.395124857364932,1,3.2239908534948705
Pi1,500,2,30,1.122119086816274,0.395124857364932,1,2.8399101344816176
Pi1,500,2,31,1.208542121287526,0.395124857364932,1,3.058633489543617
Pi1,500,2,32,1.1840066726367802,0.395124857364932,1,2.996538057698677
Pi1,500,2,33,1.1827666203829972,0.395124857364932,1,2.9933996769294873
Pi1,500,2,34,1.2457680857628668,0.395124857364932,1,3.152846657309368
Pi1,500,2,35,1.1116287642125826,0.395124857364932,1,2.8133607478557017
Pi1,500,2,36,1.2009570614202378,0.395124857364932,1,3.039436874281615
Pi1,500,2,37,1.2569709638872348,0.395124857364932,1,3.1811994119274387
Pi1,500,2,38,0.9950695317345888,0.395124857364932,1,2.5183673291795863
Pi1,500,2,39,1.2550339386845073,0.395124857364932,1,3.176297100248934
Pi1,500,2,40,1.2007556746766441,0.395124857364932,1,3.0389271955311137
Pi1,500,2,41,1.0958788054106172,0.395124857364932,1,2.773500034189138
Pi1,500,2,42,1.3087553829630887,0.395124857364932,1,3.3122577802143685
Pi1,500,2,43,1.2303926433769192,0.395124857364932,1,3.1139337868600485
Pi1,500,2,44,1.101583699212485,0.395124857364932,1,2.787938239469143
Pi1,500,2,45,1.1521059745917097,0.395124857364932,1,2.915802316956334
Pi1,500,2,46,1.0823511951037965,0.395124857364932,1,2.739263741395423
Pi1,500,2,47,1.260563683585217,0.395124857364932,1,3.1902920307060745
Pi1,500,2,48,1.2335542852873884,0.395124857364932,1,3.1219354143242226
Pi1,500,2,49,1.0700337895643732,0.395124857364932,1,2.708090289991815
Pi1,1500,2,0,1.063755776163292,0.395124857364932,1,2.692201607505603
Pi1,1500,2,1,0.9250666821609426,0.395124857364932,1,2.341200926537921
Pi1,1500,2,2,1.0083598635870215,0.395124857364932,1,2.5520031068450693
Pi1,1500,2,3,0.973948139027885,0.395124857364932,1,2.464912345740778
Pi1,1500,2,4,0.9786750384268794,0.395124857364932,1,2.476875398206062
Pi1,1500,2,5,0.9266816701119307,0.395124857364932,1,2.345288211660295
Pi1,1500,2,6,1.0341874595218348,0.395124857364932,1,2.6173687639364918
Pi1,1500,2,7,1.000542167757357,0.395124857364932,1,2.5322177258852374
Pi1,1500,2,8,0.9608526512427515,0.395124857364932,1,2.431769688322395
Pi1,1500,2,9,0.9361470641703691,0.395124857364932,1,2.369243662404555
Pi1,1500,2,10,1.0621014327011824,0.395124857364932,1,2.688014719661739
Pi1,1500,2,11,0.9573969984923136,0.395124857364932,1,2.4230239648225287
Pi1,1500,2,12,1.0680297756470487,0.395124857364932,1,2.703018440220861
Pi1,1500,2,13,0.9334286002369543,0.395124857364932,1,2.362363649966097
Pi1,1500,2,14,0.9435192352852931,0.395124857364932,1,2.387901489107964
Pi1,1500,2,15,1.0252241586986446,0.395124857364932,1,2.5946840336389196
Pi1,1500,2,16,0.9676848542778632,0.395124857364932,1,2.449060939196044
Pi1,1500,2,17,1.0353952540306623,0.395124857364932,1,2.6204255053343433
Pi1,1500,2,18,0.9720490143851921,0.395124857364932,1,2.460105954527231
Pi1,1500,2,19,0.9103827535444671,0.395124857364932,1,2.3040381706576607
Pi1,1500,2,20,0.9704957354015373,0.395124857364932,1,2.456174845272264
Pi1,1500,2,21,1.0299909477984286,0.395124857364932,1,2.606748040777254
Pi1,1500,2,22,0.8905875734983514,0.395124857364932,1,2.2539396266730356
Pi1,1500,2,23,1.0509929445425412,0.395124857364932,1,2.659900851471509
Pi1,1500,2,24,1.0488618558049567,0.395124857364932,1,2.6545073949529883
Pi1,1500,2,25,0.9525726163926198,0.395124857364932,1,2.4108141986947595
Pi1,1500,2,26,0.95226970234385,0.395124857364932,1,2.4100475700123987
Pi1,1500,2,27,1.052575131730387,0.395124857364932,1,2.663905122927366
Pi1,1500,2,28,1.0256465053196682,0.395124857364932,1,2.595752927719237
Pi1,1500,2,29,0.9799873176092672,0.395124857364932,1,2.4801965741784855
Pi1,1500,2,30,1.0437750558221317,0.395124857364932,1,2.6416334896847937
Pi1,1500,2,31,0.9481129254417633,0.395124857364932,1,2.3995274095501893
Pi1,1500,2,32,0.9953536186595269,0.395124857364932,1,2.519086309318757
Pi1,1500,2,33,1.018408510723393,0.395124857364932,1,2.577434681065394
Pi1,1500,2,34,0.9583225198634489,0.395124857364932,1,2.425366316496649
Pi1,1500,2,35,1.0968555972367118,0.395124857364932,1,2.775972143467731
Pi1,1500,2,36,0.9555877839132981,0.395124857364932,1,2.4184451220965073
Pi1,1500,2,37,1.042488752267804,0.395124857364932,1,2.638378054015911
Pi1,1500,2,38,1.006863780815834,0.395124857364932,1,2.5482167523717907
Pi1,1500,2,39,0.982170179974784,0.395124857364932,1,2.485721061754575
Pi1,1500,2,40,0.962352022648744,0.395124857364932,1,2.4355643658225445
Pi1,1500,2,41,0.9162607661686047,0.395124857364932,1,2.318914512944344
Pi1,1500,2,42,0.8848262053829015,0.395124857364932,1,2.2393584936259474
Pi1,1500,2,43,0.9294790695785002,0.395124857364932,1,2.352367997744181
Pi1,1500,2,44,1.038951723520296,0.395124857364932,1,2.6294263804332973
Pi1,1500,2,45,0.8922575948306665,0.395124857364932,1,2.25816619278546
Pi1,1500,2,46,0.9085755993783404,0.395124857364932,1,2.2994645425184985
Pi1,1500,2,47,1.0233152006277264,0.395124857364932,1,2.5898527555369824
Pi1,1500,2,48,0.9679474412940766,0.395124857364932,1,2.4497255063861836
Pi1,1500,2,49,0.9949907619625922,0.395124857364932,1,2.5181679750500536
Pi1,5000,2,0,0.8757537083064117,0.395124857364932,1,2.2163974044730304
Pi1,5000,2,1,0.8754032507334264,0.395124857364932,1,2.215510450472408
Pi1,5000,2,2,0.9293792546843467,0.395124857364932,1,2.3521153816601936
Pi1,5000,2,3,0.8932905187287808,0.395124857364932,1,2.2607803636705897
Pi1,5000,2,4,0.919670847440838,0.395124857364932,1,2.327544902069885
Pi1,5000,2,5,0.9229969257000815,0.395124857364932,1,2.3359626925410413
Pi1,5000,2,6,0.8753227138714025,0.395124857364932,1,2.2153066241108847
Pi1,5000,2,7,0.8610542284363683,0.395124857364932,1,2.179195290771368
Pi1,5000,2,8,0.8847890801171369,0.395124857364932,1,2.2392645353110687
Pi1,5000,2,9,0.8957931571488734,0.395124857364932,1,2.267114155061955
Pi1,5000,2,10,0.8822630493456628,0.395124857364932,1,2.232871541490533
Pi1,5000,2,11,0.89326572265582,0.395124857364932,1,2.2607176086388607
Pi1,5000,2,12,0.9135840044984138,0.395124857364932,1,2.3121400424945673
Pi1,5000,2,13,0.8703826825311582,0.395124857364932,1,2.2028041676134906
Pi1,5000,2,14,0.8995209689644644,0.395124857364932,1,2.276548671129741
Pi1,5000,2,15,0.8593074460801933,0.395124857364932,1,2.1747744543607603
Pi1,5000,2,16,0.9251470215650356,0.395124857364932,1,2.341404253163911
Pi1,5000,2,17,0.8755827885028169,0.395124857364932,1,2.2159648328430532
Pi1,5000,2,18,0.9103267877100804,0.395124857364932,1,2.3038965297729033
Pi1,5000,2,19,0.8691968866243025,0.395124857364932,1,2.199803101280272
Pi1,5000,2,20,0.9139418117485859,0.395124857364932,1,2.3130455973932347
Pi1,5000,2,21,0.8417810556620302,0.395124857364932,1,2.1304178665848212
Pi1,5000,2,22,0.8853166461022112,0.395124857364932,1,2.240599723354141
Pi1,5000,2,23,0.8409071169147001,0.395124857364932,1,2.1282060625663184
Pi1,5000,2,24,0.8702051333788765,0.395124857364932,1,2.202354818125671
Pi1,5000,2,25,0.8930999603173937,0.395124857364932,1,2.260298089756825
Pi1,5000,2,26,0.8793858793511075,0.395124857364932,1,2.2255898685182403
Pi1,5000,2,27,0.9020203398493842,0.395124857364932,1,2.2828741928941474
Pi1,5000,2,28,0.8742169726716144,0.395124857364932,1,2.2125081638794475
Pi1,5000,2,29,0.9213132583230195,0.395124857364932,1,2.3317015903965435
Pi1,5000,2,30,0.8637453380313705,0.395124857364932,1,2.1860060736032785
Pi1,5000,2,31,0.856814664125666,0.395124857364932,1,2.1684656081617346
Pi1,5000,2,32,0.8254388991970298,0.395124857364932,1,2.0890583920784955
Pi1,5000,2,33,0.908546976775806,0.395124857364932,1,2.2993921031313
Pi1,5000,2,34,0.8963358718763272,0.395124857364932,1,2.2684876822327666
Pi1,5000,2,35,0.9050074147049716,0.395124857364932,1,2.2904340180985345
Pi1,5000,2,36,0.882921109053112,0.395124857364932,1,2.234536988994489
Pi1,5000,2,37,0.8090803050277202,0.395124857364932,1,2.0476573162808243
Pi1,5000,2,38,0.8976499918928084,0.395124857364932,1,2.2718135170720246
Pi1,5000,2,39,0.880255919637165,0.395124857364932,1,2.2277918061332507
Pi1,5000,2,40,0.8811787341343315,0.395124857364932,1,2.230127307127343
Pi1,5000,2,41,0.9004311013486186,0.395124857364932,1,2.278852075654133
Pi1,5000,2,42,0.9065281133124534,0.395124857364932,1,2.2942826714523714
Pi1,5000,2,43,0.893800650088133,0.395124857364932,1,2.2620714273681615
Pi1,5000,2,44,0.8774195377780163,0.395124857364932,1,2.220613361633291
Pi1,5000,2,45,0.8595585949387099,0.395124857364932,1,2.1754100733400152
Pi1,5000,2,46,0.9159632294059203,0.395124857364932,1,2.318161493342721
Pi1,5000,2,47,0.8435972532954661,0.395124857364932,1,2.135014382343278
Pi1,5000,2,48,0.8836237247673356,0.395124857364932,1,2.236315200871386
Pi1,5000,2,49,0.9191566690361321,0.395124857364932,1,2.3262435959254555
Pi2,500,3,0,0.42269369878341145,0.2520910194100361,1,1.6767503252302824
Pi2,500,3,1,0.5229048067428675,0.2520910194100361,1,2.0742698727095155
Pi2,500,3,2,0.5057404000492021,0.2520910194100361,1,2.0061817403601956
Pi2,500,3,3,0.5555971076104622,0.2520910194100361,1,2.203954384851613
Pi2,500,3,4,0.6043832021018812,0.2520910194100361,1,2.3974800987211204
Pi2,500,3,5,0.5485157407905817,0.2520910194100361,1,2.175863868829056
Pi2,500,3,6,0.5438397855574136,0.2520910194100361,1,2.1573151904821986
Pi2,500,3,7,0.5341983155994513,0.2520910194100361,1,2.1190692030585843
Pi2,500,3,8,0.46422312953104294,0.2520910194100361,1,1.84149015152327
Pi2,500,3,9,0.42450048394703876,0.2520910194100361,1,1.6839175189203064
Pi2,500,3,10,0.5175323787509228,0.2520910194100361,1,2.052958411458267
Pi2,500,3,11,0.5766937633511809,0.2520910194100361,1,2.2876410460825087
Pi2,500,3,12,0.4384456336950313,0.2520910194100361,1,1.7392354345708843
Pi2,500,3,13,0.49934257181260466,0.2520910194100361,1,1.9808026996804835
Pi2,500,3,14,0.4693701032741363,0.2520910194100361,1,1.861907276080657
Pi2,500,3,15,0.5370415650349296,0.2520910194100361,1,2.130347865194714
Pi2,500,3,16,0.5442409235922848,0.2520910194100361,1,2.1589064333428527
Pi2,500,3,17,0.5114679154043444,0.2520910194100361,1,2.028901769691452
Pi2,500,3,18,0.5196044492632398,0.2520910194100361,1,2.0611779446933904
Pi2,500,3,19,0.3906053731393283,0.2520910194100361,1,1.5494616748087844
Pi2,500,3,20,0.45403277738241765,0.2520910194100361,1,1.8010668465897044
Pi2,500,3,21,0.4145455750727557,0.2520910194100361,1,1.6444281753586818
Pi2,500,3,22,0.5304969983492863,0.2520910194100361,1,2.1043867393245446
Pi2,500,3,23,0.5826205823594377,0.2520910194100361,1,2.3111516773700775
Pi2,500,3,24,0.4188348514604825,0.2520910194100361,1,1.6614429678640432
Pi2,500,3,25,0.4866785970920633,0.2520910194100361,1,1.9305669762890727
Pi2,500,3,26,0.5429107078762183,0.2520910194100361,1,2.1536297054404483
Pi2,500,3,27,0.5361767359025558,0.2520910194100361,1,2.126917242658466
Pi2,500,3,28,0.639171405071019,0.2520910194100361,1,2.535478679751702
Pi2,500,3,29,0.5893836182530376,0.2520910194100361,1,2.3379794315258082
Pi2,500,3,30,0.5222054937502977,0.2520910194100361,1,2.0714958231055016
Pi2,500,3,31,0.5673985903349524,0.2520910194100361,1,2.250768756708687
Pi2,500,3,32,0.49784705568467347,0.2520910194100361,1,1.9748702546000079
Pi2,500,3,33,0.5557823914560929,0.2520910194100361,1,2.2046893727383865
Pi2,500,3,34,0.5672146890434409,0.2520910194100361,1,2.250039253166903
Pi2,500,3,35,0.5327259822475995,0.2520910194100361,1,2.113228719905724
Pi2,500,3,36,0.5410898661398243,0.2520910194100361,1,2.146406751839581
Pi2,500,3,37,0.5685701709201083,0.2520910194100361,1,2.2554162074108093
Pi2,500,3,38,0.4774715257355754,0.2520910194100361,1,1.8940441704468216
Pi2,500,3,39,0.4602023585150439,0.2520910194100361,1,1.8255404718186585
Pi2,500,3,40,0.6786518300572489,0.2520910194100361,1,2.6920904665524588
Pi2,500,3,41,0.5509537876404476,0.2520910194100361,1,2.1855351647584844
Pi2,500,3,42,0.48464256908569325,0.2520910194100361,1,1.9224904172306225
Pi2,500,3,43,0.5579122570838944,0.2520910194100361,1,2.2131381688628418
Pi2,500,3,44,0.5323956862516771,0.2520910194100361,1,2.111918494746988
Pi2,500,3,45,0.4350965297591549,0.2520910194100361,1,1.7259501380787114
Pi2,500,3,46,0.5023804181121555,0.2520910194100361,1,1.992853292782373
Pi2,500,3,47,0.4891496971603869,0.2520910194100361,1,1.9403693884261917
Pi2,500,3,48,0.45748566603416607,0.2520910194100361,1,1.8147638384929825
Pi2,500,3,49,0.5514952677531925,0.2520910194100361,1,2.18768311954883
Pi2,1500,3,0,0.3484329997005508,0.2520910194100361,1,1.3821714098184936
Pi2,1500,3,1,0.3475760359124667,0.2520910194100361,1,1.3787719876967155
Pi2,1500,3,2,0.3913297637362515,0.2520910194100361,1,1.5523352027853798
Pi2,1500,3,3,0.3680949877596251,0.2520910194100361,1,1.4601670008756003
Pi2,1500,3,4,0.3479876449697982,0.2520910194100361,1,1.3804047672312454
Pi2,1500,3,5,0.3526938577935609,0.2520910194100361,1,1.399073472029919
Pi2,1500,3,6,0.3981056386865573,0.2520910194100361,1,1.5792138871834327
Pi2,1500,3,7,0.3877158779881911,0.2520910194100361,1,1.537999564187393
Pi2,1500,3,8,0.38648802045638475,0.2520910194100361,1,1.5331288729002543
Pi2,1500,3,9,0.41726565949761135,0.2520910194100361,1,1.6552182639196367
Pi2,1500,3,10,0.4090123224790339,0.2520910194100361,1,1.6224787516677024
Pi2,1500,3,11,0.3586339191690922,0.2520910194100361,1,1.4226366334207243
Pi2,1500,3,12,0.38181176608076567,0.2520910194100361,1,1.5145790079087809
Pi2,1500,3,13,0.38137584327930824,0.2520910194100361,1,1.512849780098613
Pi2,1500,3,14,0.39191489168284266,0.2520910194100361,1,1.5546563007283392
Pi2,1500,3,15,0.40379016827082753,0.2520910194100361,1,1.6017633996475167
Pi2,1500,3,16,0.38883052993786016,0.2520910194100361,1,1.5424211891714072
Pi2,1500,3,17,0.37556407373486134,0.2520910194100361,1,1.4897955294630763
Pi2,1500,3,18,0.38145832410431585,0.2520910194100361,1,1.5131769667838055
Pi2,1500,3,19,0.3874164400945932,0.2520910194100361,1,1.5368117476031342
Pi2,1500,3,20,0.3578189671353887,0.2520910194100361,1,1.4194038644168512
Pi2,1500,3,21,0.3848070016512965,0.2520910194100361,1,1.5264605718674673
Pi2,1500,3,22,0.35052455137635113,0.2520910194100361,1,1.3904682213459139
Pi2,1500,3,23,0.3421259284577416,0.2520910194100361,1,1.3571523859057435
Pi2,1500,3,24,0.34330217864986495,0.2520910194100361,1,1.3618183601037777
Pi2,1500,3,25,0.36463770026335524,0.2520910194100361,1,1.446452559542621
Pi2,1500,3,26,0.37021222549699984,0.2520910194100361,1,1.4685657044166056
Pi2,1500,3,27,0.35275391715523446,0.2520910194100361,1,1.3993117167790343
Pi2,1500,3,28,0.3735972043260998,0.2520910194100361,1,1.4819933101957474
Pi2,1500,3,29,0.46217639513627634,0.2520910194100361,1,1.8333711221363582
Pi2,1500,3,30,0.28124976563932397,0.2520910194100361,1,1.1156675326932612
Pi2,1500,3,31,0.3335467085251497,0.2520910194100361,1,1.3231201544019413
Pi2,1500,3,32,0.41042698327151594,0.2520910194100361,1,1.6280904580894255
Pi2,1500,3,33,0.36193266453834616,0.2520910194100361,1,1.4357221664832425
Pi2,1500,3,34,0.3769650471009741,0.2520910194100361,1,1.4953529403117112
Pi2,1500,3,35,0.37314930022168374,0.2520910194100361,1,1.4802165546990056
Pi2,1500,3,36,0.3876551440043971,0.2520910194100361,1,1.5377586433329486
Pi2,1500,3,37,0.34719868192785136,0.2520910194100361,1,1.3772750919108263
Pi2,1500,3,38,0.3564508258179951,0.2520910194100361,1,1.4139766924350987
Pi2,1500,3,39,0.3853830007840625,0.2520910194100361,1,1.5287454574382189
Pi2,1500,3,40,0.39503181339957444,0.2520910194100361,1,1.5670205718714614
Pi2,1500,3,41,0.3257335120591842,0.2520910194100361,1,1.292126601024869
Pi2,1500,3,42,0.42314174278631356,0.2520910194100361,1,1.6785276356793046
Pi2,1500,3,43,0.35138973963551184,0.2520910194100361,1,1.3939002684739135
Pi2,1500,3,44,0.3550470242580144,0.2520910194100361,1,1.408408062647072
Pi2,1500,3,45,0.3214863966780383,0.2520910194100361,1,1.2752790536942051
Pi2,1500,3,46,0.4029900784260471,0.2520910194100361,1,1.5985895862897348
Pi2,1500,3,47,0.3503385626897028,0.2520910194100361,1,1.3897304374808497
Pi2,1500,3,48,0.3661764821502875,0.2520910194100361,1,1.4525566321531147
Pi2,1500,3,49,0.3917196399995359,0.2520910194100361,1,1.5538817722117593
Pi2,5000,3,0,0.2851507792679435,0.2520910194100361,1,1.1311421562548185
Pi2,5000,3,1,0.29906461314265376,0.2520910194100361,1,1.1863358474353791
Pi2,5000,3,2,0.33697192568312095,0.2520910194100361,1,1.3367073784370822
Pi2,5000,3,3,0.3123578827356899,0.2520910194100361,1,1.2390678710677405
Pi2,5000,3,4,0.29927263509811153,0.2520910194100361,1,1.187161033338251
Pi2,5000,3,5,0.2942385565758562,0.2520910194100361,1,1.1671917439362067
Pi2,5000,3,6,0.28521490301943475,0.2520910194100361,1,1.1313965237116255
Pi2,5000,3,7,0.30851939044141846,0.2520910194100361,1,1.2238412584606966
Pi2,5000,3,8,0.3198031414482178,0.2520910194100361,1,1.268601881164379
Pi2,5000,3,9,0.3095049626828845,0.2520910194100361,1,1.2277508473217857
Pi2,5000,3,10,0.3068649619177151,0.2520910194100361,1,1.2172784363198081
Pi2,5000,3,11,0.3084877440907656,0.2520910194100361,1,1.22371572304604
Pi2,5000,3,12,0.29927294610647615,0.2520910194100361,1,1.187162267052825
Pi2,5000,3,13,0.27110356421597553,0.2520910194100361,1,1.0754193657926971
Pi2,5000,3,14,0.30192007410326593,0.2520910194100361,1,1.197662950508288
Pi2,5000,3,15,0.31645881688374555,0.2520910194100361,1,1.2553355435840128
Pi2,5000,3,16,0.28400728937539327,0.2520910194100361,1,1.126606136307633
Pi2,5000,3,17,0.31052135895299493,0.2520910194100361,1,1.2317827095931553
Pi2,5000,3,18,0.2849882009685937,0.2520910194100361,1,1.1304972372103783
Pi2,5000,3,19,0.3246667535255729,0.2520910194100361,1,1.2878949606589891
Pi2,5000,3,20,0.29443557647955887,0.2520910194100361,1,1.1679732866669386
Pi2,5000,3,21,0.30950997064965896,0.2520910194100361,1,1.2277707130305529
Pi2,5000,3,22,0.33762309957450626,0.2520910194100361,1,1.3392904688339922
Pi2,5000,3,23,0.3096115332952887,0.2520910194100361,1,1.2281735938863145
Pi2,5000,3,24,0.2987531831545794,0.2520910194100361,1,1.1851004603565247
Pi2,5000,3,25,0.28048529509630704,0.2520910194100361,1,1.1126350147368262
Pi2,5000,3,26,0.2975819421082443,0.2520910194100361,1,1.180454356544195
Pi2,5000,3,27,0.3003770488639654,0.2520910194100361,1,1.1915420452776628
Pi2,5000,3,28,0.31474260599811005,0.2520910194100361,1,1.2485276418600564
Pi2,5000,3,29,0.3251929111981705,0.2520910194100361,1,1.2899821340689304
Pi2,5000,3,30,0.28981911854022835,0.2520910194100361,1,1.1496606234465894
Pi2,5000,3,31,0.29332263768671546,0.2520910194100361,1,1.1635584574697384
Pi2,5000,3,32,0.2855036718407278,0.2520910194100361,1,1.1325420179936863
Pi2,5000,3,33,0.32298832388388243,0.2520910194100361,1,1.2812369303744575
Pi2,5000,3,34,0.285092658612334,0.2520910194100361,1,1.1309116020060177
Pi2,5000,3,35,0.30944482136123025,0.2520910194100361,1,1.2275122774520815
Pi2,5000,3,36,0.2662687960116344,0.2520910194100361,1,1.0562407047850348
Pi2,5000,3,37,0.3284615937758067,0.2520910194100361,1,1.302948413412343
Pi2,5000,3,38,0.3171339413837318,0.2520910194100361,1,1.2580136417628618
Pi2,5000,3,39,0.28987680529563425,0.2520910194100361,1,1.149889456490864
Pi2,5000,3,40,0.3073068584471991,0.2520910194100361,1,1.219031360840952
Pi2,5000,3,41,0.31227991398362137,0.2520910194100361,1,1.2387585829691363
Pi2,5000,3,42,0.3221993854532289,0.2520910194100361,1,1.2781073526826388
Pi2,5000,3,43,0.2856900078056904,0.2520910194100361,1,1.1332811794497297
Pi2,5000,3,44,0.29170732369091285,0.2520910194100361,1,1.157150795667335
Pi2,5000,3,45,0.2875188104577912,0.2520910194100361,1,1.1405357125797901
Pi2,5000,3,46,0.3062253818483456,0.2520910194100361,1,1.2147413365418536
Pi2,5000,3,47,0.2845834222328744,0.2520910194100361,1,1.1288915523404193
Pi2,5000,3,48,0.3131325942871798,0.2520910194100361,1,1.2421410132736905
Pi2,5000,3,49,0.30271273623601,0.2520910194100361,1,1.2008072994605004
Pi1,500,3,0,1.0415980278459567,0.2520910194100361,1,4.131833138219636
Pi1,500,3,1,0.8149853346085698,0.2520910194100361,1,3.232901102609148
Pi1,500,3,2,0.8708637503761636,0.2520910194100361,1,3.45456078687067
Pi1,500,3,3,0.816879755703736,0.2520910194100361,1,3.240415932370239
Pi1,500,3,4,0.8739481232662796,0.2520910194100361,1,3.466795942638354
Pi1,500,3,5,0.8803646305365064,0.2520910194100361,1,3.4922490797046533
Pi1,500,3,6,0.7514748788201099,0.2520910194100361,1,2.9809664801974005
Pi1,500,3,7,0.9227185228001833,0.2520910194100361,1,3.660259397417664
Pi1,500,3,8,0.9266650822008576,0.2520910194100361,1,3.6759146929133557
Pi1,500,3,9,0.889757521227977,0.2520910194100361,1,3.529508997624191
Pi1,500,3,10,1.0529759863928063,0.2520910194100361,1,4.1769674653903435
Pi1,500,3,11,0.7579814000644683,0.2520910194100361,1,3.006776686604537
Pi1,500,3,12,0.7438184946469065,0.2520910194100361,1,2.9505949731476
Pi1,500,3,13,0.9986960809039077,0.2520910194100361,1,3.961648785589973
Pi1,500,3,14,0.9635617581941697,0.2520910194100361,1,3.8222772094348114
Pi1,500,3,15,0.6471635806145467,0.2520910194100361,1,2.5671822111279154
Pi1,500,3,16,0.8833938923280735,0.2520910194100361,1,3.5042656195982853
Pi1,500,3,17,0.8516357431884388,0.2520910194100361,1,3.3782867203342115
Pi1,500,3,18,0.8902865011706166,0.2520910194100361,1,3.531607366474766
Pi1,500,3,19,0.8745036994944773,0.2520910194100361,1,3.468999814198308
Pi1,500,3,20,0.8741565675204362,0.2520910194100361,1,3.467622803724657
Pi1,500,3,21,0.8394107566241542,0.2520910194100361,1,3.3297923844673702
Pi1,500,3,22,0.8773464565800556,0.2520910194100361,1,3.480276523270417
Pi1,500,3,23,0.9648822397713602,0.2520910194100361,1,3.827515323748764
Pi1,500,3,24,0.9349351235359272,0.2520910194100361,1,3.7087204682020745
Pi1,500,3,25,1.025059465458185,0.2520910194100361,1,4.066227618330524
Pi1,500,3,26,0.8409052624177437,0.2520910194100361,1,3.335720821732161
Pi1,500,3,27,0.7527461544504914,0.2520910194100361,1,2.9860094033184095
Pi1,500,3,28,0.9719494129877714,0.2520910194100361,1,3.855549536284182
Pi1,500,3,29,0.7703528398766364,0.2520910194100361,1,3.055851976319818
Pi1,500,3,30,0.8547829586313733,0.2520910194100361,1,3.3907711612726463
Pi1,500,3,31,0.8939931438053718,0.2520910194100361,1,3.5463109550572933
Pi1,500,3,32,0.9453047195631021,0.2520910194100361,1,3.7498548015529516
Pi1,500,3,33,0.8886668945235671,0.2520910194100361,1,3.525182676492394
Pi1,500,3,34,0.7150332723725734,0.2520910194100361,1,2.8364091431973755
Pi1,500,3,35,0.9012978892033862,0.2520910194100361,1,3.5752875739591072
Pi1,500,3,36,0.8399144695379471,0.2520910194100361,1,3.3317905235322676
Pi1,500,3,37,0.7966367498255915,0.2520910194100361,1,3.1601155475111553
Pi1,500,3,38,0.8540618470384639,0.2520910194100361,1,3.387910640518686
Pi1,500,3,39,0.8098462588239591,0.2520910194100361,1,3.212515307840903
Pi1,500,3,40,0.7634749795203847,0.2520910194100361,1,3.028568734051419
Pi1,500,3,41,0.833961538963578,0.2520910194100361,1,3.308176312330692
Pi1,500,3,42,1.1176687340603213,0.2520910194100361,1,4.433592028291926
Pi1,500,3,43,0.8685898647392222,0.2520910194100361,1,3.4455406891208056
Pi1,500,3,44,1.0080830109102532,0.2520910194100361,1,3.9988850585373927
Pi1,500,3,45,0.8353937824207097,0.2520910194100361,1,3.3138577660392907
Pi1,500,3,46,0.7997501946145362,0.2520910194100361,1,3.172466026303423
Pi1,500,3,47,0.8826535084922805,0.2520910194100361,1,3.5013286493026925
Pi1,500,3,48,0.7938058092234662,0.2520910194100361,1,3.148885712316112
Pi1,500,3,49,0.8393060227574533,0.2520910194100361,1,3.329376923944635
Pi1,1500,3,0,0.6257581464372369,0.2520910194100361,1,2.4822706810488016
Pi1,1500,3,1,0.7172882735512099,0.2520910194100361,1,2.845354329677695
Pi1,1500,3,2,0.7307292079124529,0.2520910194100361,1,2.8986721130429984
Pi1,1500,3,3,0.6897576914880932,0.2520910194100361,1,2.736145433115072
Pi1,1500,3,4,0.6587157351290558,0.2520910194100361,1,2.613007542556002
Pi1,1500,3,5,0.6627305016636348,0.2520910194100361,1,2.6289334035564242
Pi1,1500,3,6,0.7098282693476899,0.2520910194100361,1,2.8157618268547915
Pi1,1500,3,7,0.605732948686068,0.2520910194100361,1,2.402834302085229
Pi1,1500,3,8,0.7281393056244704,0.2520910194100361,1,2.8883984337423887
Pi1,1500,3,9,0.6042894414973605,0.2520910194100361,1,2.3971081671674295
Pi1,1500,3,10,0.6509698791151103,0.2520910194100361,1,2.5822811167115867
Pi1,1500,3,11,0.7310780073235497,0.2520910194100361,1,2.900055737941311
Pi1,1500,3,12,0.7207604664552254,0.2520910194100361,1,2.8591278980981065
Pi1,1500,3,13,0.652015478849114,0.2520910194100361,1,2.586428823902627
Pi1,1500,3,14,0.6355846650435562,0.2520910194100361,1,2.521250723373657
Pi1,1500,3,15,0.7031015815324726,0.2520910194100361,1,2.7890782590269505
Pi1,1500,3,16,0.6991006754108949,0.2520910194100361,1,2.7732073798066557
Pi1,1500,3,17,0.7213411209829791,0.2520910194100361,1,2.861431250788387
Pi1,1500,3,18,0.6704469817311267,0.2520910194100361,1,2.659543300273692
Pi1,1500,3,19,0.7628810505804471,0.2520910194100361,1,3.0262127241414762
Pi1,1500,3,20,0.6436216358340554,0.2520910194100361,1,2.5531319494851945
Pi1,1500,3,21,0.71349552383126,0.2520910194100361,1,2.830309169684189
Pi1,1500,3,22,0.649659114453349,0.2520910194100361,1,2.577081547663753
Pi1,1500,3,23,0.5990600999246573,0.2520910194100361,1,2.376364304157389
Pi1,1500,3,24,0.6722265665668501,0.2520910194100361,1,2.6666025951263532
Pi1,1500,3,25,0.686953589004342,0.2520910194100361,1,2.7250220599369492
Pi1,1500,3,26,0.6400398826247996,0.2520910194100361,1,2.5389237749233313
Pi1,1500,3,27,0.6921848398724093,0.2520910194100361,1,2.7457734967803162
Pi1,1500,3,28,0.7241188592380208,0.2520910194100361,1,2.872450041785156
Pi1,1500,3,29,0.6188889080379046,0.2520910194100361,1,2.4550216405418914
Pi1,1500,3,30,0.7140187233652036,0.2520910194100361,1,2.8323846086870064
Pi1,1500,3,31,0.6851919736166958,0.2520910194100361,1,2.718034046671864
Pi1,1500,3,32,0.60952496588678,0.2520910194100361,1,2.4178765563058926
Pi1,1500,3,33,0.6919357718573607,0.2520910194100361,1,2.744785488498103
Pi1,1500,3,34,0.7115666484905213,0.2520910194100361,1,2.8226576660913487
Pi1,1500,3,35,0.6722395697373955,0.2520910194100361,1,2.6666541763789335
Pi1,1500,3,36,0.5914791108658946,0.2520910194100361,1,2.3462918760458904
Pi1,1500,3,37,0.8019974722459635,0.2520910194100361,1,3.181380574852937
Pi1,1500,3,38,0.7206869635860348,0.2520910194100361,1,2.858836325358377
Pi1,1500,3,39,0.7818515306102919,0.2520910194100361,1,3.101465226488609
Pi1,1500,3,40,0.5656006938149589,0.2520910194100361,1,2.2436368226786647
Pi1,1500,3,41,0.7225164328558643,0.2520910194100361,1,2.8660935028417756
Pi1,1500,3,42,0.6619446642317426,0.2520910194100361,1,2.6258161269722313
Pi1,1500,3,43,0.7417177593447232,0.2520910194100361,1,2.9422617318163553
Pi1,1500,3,44,0.6656268124200954,0.2520910194100361,1,2.6404225504655
Pi1,1500,3,45,0.6239100750974824,0.2520910194100361,1,2.47493971248007
Pi1,1500,3,46,0.7638719774950627,0.2520910194100361,1,3.0301435540335317
Pi1,1500,3,47,0.6936006609615812,0.2520910194100361,1,2.7513898058915465
Pi1,1500,3,48,0.6878984607907023,0.2520910194100361,1,2.7287701973698955
Pi1,1500,3,49,0.683063323731221,0.2520910194100361,1,2.7095900731798435
Pi1,5000,3,0,0.6437910859959265,0.2520910194100361,1,2.553804127979564
Pi1,5000,3,1,0.60142005957905,0.2520910194100361,1,2.385725842144405
Pi1,5000,3,2,0.6139385550898158,0.2520910194100361,1,2.4353844755223917
Pi1,5000,3,3,0.60895673670357,0.2520910194100361,1,2.415622492735759
Pi1,5000,3,4,0.591065038770685,0.2520910194100361,1,2.3446493260804906
Pi1,5000,3,5,0.6421494542744681,0.2520910194100361,1,2.5472920684651066
Pi1,5000,3,6,0.6142905728908707,0.2520910194100361,1,2.4367808671982187
Pi1,5000,3,7,0.6395181948273805,0.2520910194100361,1,2.5368543327090074
Pi1,5000,3,8,0.6522212451479988,0.2520910194100361,1,2.587245062019187
Pi1,5000,3,9,0.5910479066855236,0.2520910194100361,1,2.344581366161881
Pi1,5000,3,10,0.6002914664335359,0.2520910194100361,1,2.3812489149291665
Pi1,5000,3,11,0.6322056668317271,0.2520910194100361,1,2.5078468416338917
Pi1,5000,3,12,0.5767565504442764,0.2520910194100361,1,2.287890111254455
Pi1,5000,3,13,0.5516281823095603,0.2520910194100361,1,2.188210367828753
Pi1,5000,3,14,0.6171255904229087,0.2520910194100361,1,2.448026874845269
Pi1,5000,3,15,0.6466270766590567,0.2520910194100361,1,2.5650539958636607
Pi1,5000,3,16,0.5647403576999489,0.2520910194100361,1,2.240224023138945
Pi1,5000,3,17,0.5854929182300128,0.2520910194100361,1,2.3225457201935673
Pi1,5000,3,18,0.6035549319511695,0.2520910194100361,1,2.394194499128362
Pi1,5000,3,19,0.6285498045737767,0.2520910194100361,1,2.4933446897265923
Pi1,5000,3,20,0.5895728008592412,0.2520910194100361,1,2.3387298850986737
Pi1,5000,3,21,0.6241745784991127,0.2520910194100361,1,2.4759889501809975
Pi1,5000,3,22,0.615809268289377,0.2520910194100361,1,2.4428052603006005
Pi1,5000,3,23,0.6183089778737867,0.2520910194100361,1,2.4527211612726374
Pi1,5000,3,24,0.6250281663332465,0.2520910194100361,1,2.4793749804970773
Pi1,5000,3,25,0.5720302357251404,0.2520910194100361,1,2.2691416658310644
Pi1,5000,3,26,0.5920650975070395,0.2520910194100361,1,2.3486163802766096
Pi1,5000,3,27,0.5570763146654366,0.2520910194100361,1,2.20982213475574
Pi1,5000,3,28,0.5894771847128573,0.2520910194100361,1,2.338350592942183
Pi1,5000,3,29,0.6216759630611197,0.2520910194100361,1,2.466077389492162
Pi1,5000,3,30,0.600794742863377,0.2520910194100361,1,2.38324532254027
Pi1,5000,3,31,0.6221480185679512,0.2520910194100361,1,2.467949949284003
Pi1,5000,3,32,0.6540742802141388,0.2520910194100361,1,2.594595720802973
Pi1,5000,3,33,0.6021138772816665,0.2520910194100361,1,2.388478092915735
Pi1,5000,3,34,0.6322715830905292,0.2520910194100361,1,2.5081083196467
Pi1,5000,3,35,0.6363324481579397,0.2520910194100361,1,2.524217045284424
Pi1,5000,3,36,0.5614773701251161,0.2520910194100361,1,2.227280334853384
Pi1,5000,3,37,0.6052302559293079,0.2520910194100361,1,2.4008402098008768
Pi1,5000,3,38,0.5881913436254725,0.2520910194100361,1,2.3332498912575534
Pi1,5000,3,39,0.6104176484789383,0.2520910194100361,1,2.4214176685368933
Pi1,5000,3,40,0.5533836534735155,0.2520910194100361,1,2.195174008057046
Pi1,5000,3,41,0.6169043034335738,0.2520910194100361,1,2.4471490689248014
Pi1,5000,3,42,0.5886154731072333,0.2520910194100361,1,2.334932337077136
Pi1,5000,3,43,0.5874056139402178,0.2520910194100361,1,2.3301330420850066
Pi1,5000,3,44,0.5860306830012961,0.2520910194100361,1,2.3246789368886396
Pi1,5000,3,45,0.5815377716351324,0.2520910194100361,1,2.3068563608338546
Pi1,5000,3,46,0.6040818039709541,0.2520910194100361,1,2.3962845062258684
Pi1,5000,3,47,0.6076701810761403,0.2520910194100361,1,2.4105189565985317
Pi1,5000,3,48,0.5782639408152062,0.2520910194100361,1,2.2938696593337853
Pi1,5000,3,49,0.6116455970884561,0.2520910194100361,1,2.4262887211130284
