game,true_loss,adavote,naive_marginal,unweighted,worst_prefix,plugin_alpha,no_logging,viol_adavote,viol_naive_marginal,viol_unweighted,viol_worst_prefix,viol_plugin_alpha,viol_no_logging
0,0.4172611498569957,0.42449523844457376,0.43124139570524267,0.2899282516663459,0.5117483786253483,0.5880505101750119,0.899918900060621,0,0,1,0,0,0
1,0.43291240163183703,0.44184849263960646,0.4759368368339505,0.2600573068025687,0.535734738410115,0.45988881052992714,0.8931403495613759,0,0,1,0,0,0
2,0.44062760244083066,0.45242561312790264,0.4743399012115459,0.25647233723336166,0.5432587943841223,0.42382100177016957,0.9295909533425958,0,0,1,0,1,0
3,0.38128858339093374,0.38891548241684676,0.4085255327132271,0.26452931098910903,0.4659499238583491,0.40206246631833303,0.8056245052413682,0,0,1,0,0,0
4,0.47592860151223165,0.48276232140944425,0.5309537699968704,0.3178573057450064,0.6038172302210164,0.41521904188506037,1.0190310777678568,0,0,1,0,1,0
5,0.4602176490309312,0.4653018266204019,0.48939483752357366,0.2480695721510963,0.5638756841479777,0.5318227561782838,0.9444671475269887,0,0,1,0,0,0
6,0.3809174936643268,0.3920572228544363,0.40076726135260343,0.2509339036382518,0.4593029963365712,0.4163344636121008,0.8253336238759099,0,0,1,0,0,0
7,0.3955072135483237,0.40322234169065957,0.4162459684261936,0.25050991088654756,0.5124752046806732,0.5070964870679459,0.8199412195681547,0,0,1,0,0,0
8,0.52538486864524,0.5387012505363666,0.5818298654646127,0.28223422267866427,0.5808490805055173,0.568360626092156,1.1231601421431097,0,0,1,0,0,0
9,0.4834207177554086,0.4972521447349227,0.5312864961579776,0.29902557022683013,0.5864909399331827,0.568794052532304,0.9704813378841689,0,0,1,0,0,0
10,0.4466457843634416,0.45266299126596676,0.4811302981983576,0.2859813641301682,0.5357080633764827,0.41083366416565487,0.9088514586349798,0,0,1,0,1,0
11,0.3252335245294526,0.334346943078614,0.34464009134031115,0.2789351949904791,0.5097204727757475,0.4177078494296156,0.7354740676367045,0,0,1,0,0,0
12,0.5869499410443407,0.5990956177595811,0.6531987206322866,0.3059939615510602,0.6775269341757733,0.8040563044800112,1.1423836966553513,0,0,1,0,0,0
13,0.524674323380555,0.5296963577566899,0.6086699130119931,0.30271203690479526,0.6513027587523562,0.5295794487400686,1.1055428522758792,0,0,1,0,0,0
14,0.4166719643284474,0.4246621490942028,0.4395667433581125,0.25881303219257684,0.49553825307704213,0.5727402591221463,0.8393371220679978,0,0,1,0,0,0
15,0.4930621732510747,0.4992737880762284,0.543044737043793,0.2607574413575697,0.5924429482632406,0.5854481095307554,0.8789617472342536,0,0,1,0,0,0
16,0.4027459861766434,0.40892258838414247,0.41686471923919105,0.25489786236582007,0.49477260637318893,0.47187278813954214,0.8273437209092058,0,0,1,0,0,0
17,0.4743307332902702,0.49257579040261207,0.5122438274211427,0.26319230090137846,0.5467540103167133,0.5114572032202932,0.955974805096035,0,0,1,0,0,0
18,0.4061045933133514,0.4165504053566251,0.4301081184596101,0.24152771852179722,0.4560591452981103,0.44256271937963554,0.8275138144698138,0,0,1,0,0,0
19,0.34536857579276226,0.35160273539510706,0.3598931561886563,0.2950791153663997,0.4930342073312756,0.38658023825417664,0.7259662100292626,0,0,1,0,0,0
20,0.5196848934741898,0.5331970462577362,0.5562116786219454,0.3225355012262624,0.5910007965618752,0.6519760414436804,1.009393977229124,0,0,1,0,0,0
21,0.5676414342257297,0.5743779545333259,0.625667254462956,0.3231884839191286,0.6484929172844691,0.6175038029287274,1.1358023236459858,0,0,1,0,0,0
22,0.3766711069554525,0.38424751416576375,0.38891269827042013,0.231581724837272,0.4448076773260056,0.4353922479332642,0.7434038383442058,0,0,1,0,0,0
23,0.4805555353993903,0.49226777237670244,0.5109801241957524,0.2977219479347231,0.575734962609284,0.5194647904939143,1.0272430660183565,0,0,1,0,0,0
24,0.3696493707563312,0.37747017806551886,0.3806680695985597,0.25006818168602246,0.4254113636080275,0.3177219698734616,0.7394965468801962,0,0,1,0,1,0
25,0.3251483685862054,0.3281361134071808,0.33018840777873976,0.2235689455079943,0.42938517251096625,0.3716576943272265,0.6688487878842804,0,0,1,0,0,0
26,0.4613576969348061,0.4687659500754085,0.48724254676701095,0.2889146081902686,0.5558366055779153,0.5591449932711273,0.952620815173095,0,0,1,0,0,0
27,0.43924962788865146,0.44783069180285506,0.4644964046555396,0.2909261125869642,0.5151004791933376,0.32699614745511574,0.9393868562544803,0,0,1,0,1,0
28,0.4052150870700936,0.41413535467113394,0.4361625220295277,0.25754299034171046,0.4876083334042586,0.4021303401666791,0.8573824193808847,0,0,1,0,1,0
29,0.5159328118808965,0.5304968824871211,0.5662664680622485,0.25324133210774274,0.5848437406072056,0.5677217207699488,0.9493350781640297,0,0,1,0,0,0
30,0.38251950901327414,0.3869777196428325,0.40940866456341074,0.2878201289444889,0.4713423603691292,0.449472320025568,0.761401292113838,0,0,1,0,0,0
31,0.3369249902424195,0.34476952293892776,0.35182396452671555,0.25275536269771826,0.44593071541870866,0.3196635410005172,0.7768289421328731,0,0,1,0,1,0
32,0.3497624978814953,0.35504218269710486,0.3601117176410088,0.27601058192101047,0.4730668615592379,0.4292822087949669,0.7374366584830614,0,0,1,0,0,0
33,0.4736114725673711,0.4840137283731213,0.49328411300206115,0.337855483259623,0.5991338891925937,0.5405293376982309,0.9738084090176218,0,0,1,0,0,0
34,0.3939554880091898,0.40148035780563096,0.41097579224371744,0.2802344872415798,0.5225744480743097,0.5408988184071064,0.8439021429980489,0,0,1,0,0,0
35,0.3436365073069675,0.34965114469456754,0.3587866225434322,0.26045859819256684,0.49467122311899653,0.435892852095489,0.7621017827190623,0,0,1,0,0,0
36,0.4996571146518035,0.50670486086919,0.5326307622286164,0.2749117935141332,0.560913891324118,0.7223529557798374,0.9619527228449404,0,0,1,0,0,0
37,0.35427692665945015,0.35872365348503454,0.3616040564323703,0.25811937884708047,0.44924376637835733,0.5267789440304641,0.7033907063711232,0,0,1,0,0,0
38,0.35903417239221164,0.3634436626004261,0.3645311975697168,0.26052685153966537,0.4763800507844909,0.40520073385765015,0.6889015926681129,0,0,1,0,0,0
39,0.4911447208540815,0.5059559037515271,0.5395653631263836,0.2819757941369503,0.5830922153946941,0.6571930094601587,0.9637960539321719,0,0,1,0,0,0
40,0.38561304062797913,0.39385914293104674,0.42278164418402336,0.23580944286544192,0.48757944129956,0.38397264437668854,0.7144697667394618,0,0,1,0,1,0
41,0.4368321197733146,0.4476494183495629,0.4778200777573709,0.2577006633024941,0.5034650900671309,0.4827597476920768,0.918159432570865,0,0,1,0,0,0
42,0.3297583529941963,0.3349582458784313,0.345159804892179,0.24378104703005438,0.4449781227830661,0.4047289364838065,0.6880270945352476,0,0,1,0,0,0
43,0.38948687000648985,0.39754268190473085,0.4091739006216992,0.21657964852326536,0.46638188857821034,0.4596680507643523,0.7557848207669247,0,0,1,0,0,0
44,0.44908036595206985,0.4546413828963173,0.465275099937502,0.2674735573055234,0.5275184487754995,0.5499562992514165,0.858918429648129,0,0,1,0,0,0
45,0.36084703125046025,0.3657398919540209,0.37403235247831884,0.22616581921874512,0.4299250416831333,0.39182607724149005,0.7257958979606491,0,0,1,0,0,0
46,0.42308438659072867,0.42748931234190085,0.4325551802621654,0.25322295667188394,0.47562630943567846,0.5521358666867182,0.831500870898602,0,0,1,0,0,0
47,0.4948740116874987,0.5026435225753376,0.5532889322011694,0.27496349856377944,0.5801517183520399,0.5058161718415443,0.9450689772164397,0,0,1,0,0,0
48,0.4871982063309907,0.4968830620287034,0.5231196771449259,0.31523521563697926,0.5881627180093568,0.49406119181047575,0.9478933835843569,0,0,1,0,0,0
49,0.3251811435882116,0.33333894956129334,0.33566933023554407,0.25959748042973885,0.43701115030198345,0.3152457266787696,0.7034818445844863,0,0,1,0,1,0
50,0.39337111139493725,0.40569020521892896,0.404689803262188,0.26707817524345695,0.4475552722564716,0.41696351024783695,0.8233012756402581,0,0,1,0,0,0
51,0.49866461010171276,0.5035024439973699,0.5374362115148505,0.29185925303736104,0.5979707023042191,0.6333955858267154,1.0157308961871396,0,0,1,0,0,0
52,0.43912790359828446,0.4428817982832212,0.46770860936016273,0.2931933015495469,0.4976489550667327,0.5506753410553434,0.8038705445125884,0,0,1,0,0,0
53,0.47289937830013273,0.4859183405927019,0.4951814831584201,0.2819061337033273,0.5720332425633604,0.5232091782939761,0.9656264789790997,0,0,1,0,0,0
54,0.5327917150155408,0.5444329910722017,0.5692450567196562,0.2907803427579896,0.5944962840532507,0.49835080867147163,1.156135625043101,0,0,1,0,1,0
55,0.4340943967666609,0.4404601037894062,0.4601905430544082,0.3105705420444868,0.5263767627542687,0.6967994086795676,0.9002772756636347,0,0,1,0,0,0
56,0.28315972252755944,0.2871413863351285,0.2933960890879526,0.2016240637951525,0.37558300156735547,0.3191381688479195,0.5828822332365793,0,0,1,0,0,0
57,0.4507926026768956,0.4591581884642448,0.4824424905605796,0.242265506268896,0.5112857987061282,0.5423450781897694,0.9739767670999312,0,0,1,0,0,0
58,0.36852062910238154,0.3784344723610013,0.3837470780181351,0.2258386492100474,0.4553303114847823,0.41116440310236946,0.7308864486201647,0,0,1,0,0,0
59,0.42517237553761605,0.43080347453483664,0.44937685741908523,0.24766185810555008,0.5112919931260806,0.386388426417502,0.8857346682627023,0,0,1,0,1,0
60,0.28662346346893885,0.2932425471666975,0.29991085851917987,0.20905388800255065,0.35426633474046293,0.3405122985619541,0.5951113483597599,0,0,1,0,0,0
61,0.4713550831525497,0.47824842061457923,0.5163550122551941,0.30777107162998246,0.5460795068716207,0.37242466863495866,0.8834804762630144,0,0,1,0,1,0
62,0.4262514829035114,0.4374245732711532,0.4530040149511948,0.2890787424771493,0.5156427009646405,0.40406690161534553,0.9008064855645901,0,0,1,0,1,0
63,0.5266731924955388,0.5349922476171907,0.5693289079808068,0.32786423696056205,0.6043178367415594,0.5998623366802656,1.1017187623269848,0,0,1,0,0,0
64,0.39138565341690373,0.39797029153805685,0.42052489204745724,0.23607595444682183,0.45751268248713955,0.5712459208592435,0.7749771547187637,0,0,1,0,0,0
65,0.514661177151912,0.5241153436386066,0.5621921150050906,0.3027731810952468,0.6087886120763432,0.619060028358293,1.0271714193235137,0,0,1,0,0,0
66,0.5383631706038424,0.5524311276739627,0.5722563027026941,0.29613789939284846,0.6338593962644293,0.5707957717611183,1.1215490085248994,0,0,1,0,0,0
67,0.3630620708188775,0.3686383960424341,0.3689821742085705,0.21868372542621103,0.48419214481554496,0.4977102369602074,0.7411401363032528,0,0,1,0,0,0
68,0.33648633849702775,0.34499833640275956,0.3404578415218073,0.23752943689643327,0.4820064338557776,0.5492226186213307,0.7263989116329563,0,0,1,0,0,0
69,0.31281982165039485,0.31804998049401767,0.315667359892296,0.24715448323743872,0.41487770422219206,0.37195787882266995,0.6522081981263903,0,0,1,0,0,0
70,0.3788465707757596,0.38257164475555455,0.41156519878491543,0.24102189289680337,0.46324206753399066,0.46204289685006056,0.7489801057153023,0,0,1,0,0,0
71,0.5079462966563171,0.5139260298726129,0.5310988627695804,0.2971053564820541,0.5976302595706569,0.5352874881574544,1.0797681569250368,0,0,1,0,0,0
72,0.5228802625819229,0.5357973622454213,0.5616828668192704,0.31163321203025357,0.6567257809797187,0.6668457779974294,1.1420866052123233,0,0,1,0,0,0
73,0.4387705425759399,0.44748306830698087,0.4624905157469263,0.27377016282869343,0.4960201870072391,0.5843603153794964,0.8696907482849442,0,0,1,0,0,0
74,0.3783440239846478,0.38154724910867377,0.4092511230173797,0.2788891218007818,0.47330302013114134,0.45484993254464134,0.8288446401135129,0,0,1,0,0,0
75,0.43884472929382246,0.44829523493529977,0.4576667292918076,0.3014705978950909,0.5671338187317153,0.4238311135540989,0.946975081531553,0,0,1,0,1,0
76,0.44208288293743325,0.44998761863780584,0.4678662337644576,0.27910812003727126,0.5696598353754462,0.4182350603525492,0.9261203869348246,0,0,1,0,1,0
77,0.48416471639490793,0.4928803177963904,0.5409294757822385,0.2840924630999316,0.5745756120214709,0.5430538675062501,0.9969781750765685,0,0,1,0,0,0
78,0.3908845123825627,0.39722819578740926,0.4172850948283745,0.24971239072205498,0.4461768021726281,0.3805174600257474,0.801992061336019,0,0,1,0,1,0
79,0.4495586039075363,0.46133369100666255,0.474649051074069,0.2867709413169502,0.5433765175406677,0.49912649801874176,0.8732164251128048,0,0,1,0,0,0
80,0.44354052686076095,0.4516412566811179,0.4588918745782761,0.29477578756290973,0.508895480485168,0.5073790176575709,0.9026993953778192,0,0,1,0,0,0
81,0.39692040569957215,0.4089326474115767,0.41056057901035,0.2850456256588839,0.49558356062694,0.45231338079801225,0.8388751739307825,0,0,1,0,0,0
82,0.3805064142963276,0.38590973322096295,0.41209920722178733,0.24924179624020015,0.5017634849547504,0.46920803089956453,0.7803560528407223,0,0,1,0,0,0
83,0.3542860277001036,0.361441899799143,0.37236303765848555,0.229440080413024,0.4471032705011267,0.49042387332737647,0.7070178616667229,0,0,1,0,0,0
84,0.4839287464341483,0.4972865335877102,0.5180538255496239,0.274759817222242,0.6078060007137753,0.4936342225416313,0.9196774990209355,0,0,1,0,0,0
85,0.29409978300928435,0.3012267287763316,0.3022214454225632,0.24758158520645304,0.450534960105088,0.3710402684606326,0.675188236474886,0,0,1,0,0,0
86,0.44487262950885154,0.45419040519869824,0.47908123130167557,0.26260240586653666,0.5414154507597551,0.5769805798535595,0.9824050161032419,0,0,1,0,0,0
87,0.4197484830378413,0.4268249859119191,0.43423199372369553,0.27616993541210516,0.5334724312139373,0.4235918797498392,0.9190714767938815,0,0,1,0,0,0
88,0.4254673913960796,0.434393660377086,0.4471011700280098,0.259081193454385,0.4793811742642931,0.5111182744782043,0.890246558291603,0,0,1,0,0,0
89,0.3506277650173834,0.36117069503697435,0.3887369817875854,0.20787904601541737,0.4446941151913428,0.43889604580867986,0.6601334419868613,0,0,1,0,0,0
90,0.39791511934226087,0.40673905817054673,0.41893810720302216,0.24798277384891743,0.4742141337067558,0.42497294670954766,0.8042601621566795,0,0,1,0,0,0
91,0.4040811406413941,0.41005268685464585,0.4169498523040759,0.2625922146360838,0.5278510616551246,0.42349485127530573,0.8256954296128741,0,0,1,0,0,0
92,0.5139525281486431,0.5301436212428913,0.5906863852030066,0.2674826459585035,0.6262646639568381,0.6713621528986484,0.9888043252506423,0,0,1,0,0,0
93,0.5169502784251746,0.5233295231187886,0.5436757915873909,0.29794242728422876,0.5596826287569062,0.5793575805647017,1.170513869282184,0,0,1,0,0,0
94,0.5451028395724502,0.563108094344863,0.5914156024468896,0.31674439450634756,0.6574963067502565,0.5772318432942751,1.095138012549814,0,0,1,0,0,0
95,0.5269333859461072,0.5317727058766633,0.561180504356557,0.2567440250008204,0.6065185223931777,0.49639779012205915,1.0327999506845846,0,0,1,0,1,0
96,0.4874891558401727,0.4958548641676601,0.5244029394810789,0.3002540186966778,0.5522459527052375,0.5226349175949252,0.9860777614264828,0,0,1,0,0,0
97,0.4568726541013632,0.46672487076124913,0.4789443725839464,0.2738200916246421,0.5315892769978084,0.5555704586849899,0.9142092912588893,0,0,1,0,0,0
98,0.32015691148088266,0.3252998460704382,0.34276068251559766,0.24194771168481624,0.4116465894703516,0.3710849818099847,0.6844460573981026,0,0,1,0,0,0
99,0.2970214204436774,0.30576562182213024,0.30085253964560027,0.21497279518933532,0.39272402053335514,0.3261155384047898,0.6171646298854486,0,0,1,0,0,0
100,0.42374511641501567,0.42831114871390724,0.4619200510705801,0.25643557221025776,0.4945787637473095,0.40259314172065075,0.8856443334499802,0,0,1,0,1,0
101,0.46588890798331356,0.481527928172947,0.5186193825550571,0.2616960976384669,0.552317707415565,0.3939661192555357,1.0123120809903445,0,0,1,0,1,0
102,0.37789151415442657,0.38529366636092094,0.3843579729849911,0.2631032057789296,0.44171664489021756,0.4642187109055098,0.767148685322574,0,0,1,0,0,0
103,0.43774739101110427,0.4551873268044752,0.457860409693523,0.29652965716781116,0.5226643035087554,0.5299056499864676,0.8874411731009857,0,0,1,0,0,0
104,0.4988674314365422,0.5046907240101729,0.5099321820962911,0.29354714200394255,0.5705769554096933,0.6148907098108366,0.9844788444063904,0,0,1,0,0,0
105,0.34351271785428017,0.35276139498457004,0.3628864923827112,0.2529060405338448,0.43850998512376327,0.4113600061991271,0.7278151172191423,0,0,1,0,0,0
106,0.499300988568391,0.5125008219646817,0.5229391594596673,0.30681472486190925,0.5746960393139473,0.5790646937826792,1.0045817915401678,0,0,1,0,0,0
107,0.4415185161224323,0.45246690822516233,0.4655219452322679,0.2586218529833499,0.5218124540407851,0.43908933129165173,0.9594602946426485,0,0,1,0,1,0
108,0.3480273702208596,0.3533653730293998,0.3698853779931562,0.2513000128043205,0.3973379351216824,0.4045442530451609,0.7007901454765767,0,0,1,0,0,0
109,0.3888246538204227,0.40014365719611056,0.41326903570214185,0.24701147133764617,0.46331469988696367,0.6642646433286237,0.7942000004248041,0,0,1,0,0,0
110,0.505216003422172,0.5216047795383267,0.5614034154127515,0.2761246684244284,0.5872883264526222,0.5929061190490204,0.9660408152368228,0,0,1,0,0,0
111,0.40525594540987087,0.41545011718653596,0.41225597057689856,0.22823011498019727,0.4786188752288357,0.516898942814781,0.8234827825901653,0,0,1,0,0,0
112,0.29939481733227774,0.3050166746886881,0.30403052167933925,0.23306083355201002,0.462200312324393,0.5296388598246793,0.6739496273230644,0,0,1,0,0,0
113,0.35234410535912825,0.35995275639938595,0.36443051143392985,0.23531929863057666,0.44983430499889343,0.4904054171513386,0.7262000072388635,0,0,1,0,0,0
114,0.39987773812532346,0.40394319899788483,0.42282503973517316,0.2944666966178489,0.518616018740416,0.4150240783944604,0.8044046589501163,0,0,1,0,0,0
115,0.40661413530542995,0.41039691462763145,0.4287488932006341,0.3172341708835564,0.5782661728788071,0.4859748073095516,0.81368387973624,0,0,1,0,0,0
116,0.41104628249916947,0.42211360860718944,0.4344937292633588,0.2859566667812382,0.5397907656658922,0.49183236307340183,0.8135439092519324,0,0,1,0,0,0
117,0.5065842069739529,0.5181848551463071,0.5495799125088784,0.30495981142848005,0.5742636024493558,0.5588545467255546,1.1003043873828544,0,0,1,0,0,0
118,0.45706324309119317,0.4708725351637339,0.49699108297780137,0.25261629554277976,0.5333301319401219,0.4126354478725212,0.9599787338845491,0,0,1,0,1,0
119,0.38045001024983494,0.38480172761768977,0.3949679199330973,0.23115264314222783,0.45574871668034483,0.508021361526457,0.7842718920064876,0,0,1,0,0,0
120,0.4178920669838642,0.42551999703616267,0.43744076639269575,0.2588610997908427,0.5063562657901359,0.47953326567115995,0.864971755367858,0,0,1,0,0,0
121,0.6157492950717046,0.6398574537757032,0.6689020040751774,0.3277524736363961,0.7160250614119781,0.8389133853716365,1.1486660582663428,0,0,1,0,0,0
122,0.4523508037779723,0.4616673561672134,0.4696884147527634,0.3184738667638172,0.5874294097777043,0.5703555690495665,0.9053920031167525,0,0,1,0,0,0
123,0.43551954524265385,0.44388407079305536,0.465864107564791,0.2698061421341131,0.4971075285290374,0.4613104702878078,0.8339683641253631,0,0,1,0,0,0
124,0.47848822024686455,0.484761687787546,0.508349358864842,0.304311834299742,0.5482205934700775,0.4778384726848715,0.9312853303352876,0,0,1,0,1,0
125,0.3298936397872755,0.33544770595886153,0.34408132085350973,0.2275440277240097,0.46228156519680935,0.39755990065483193,0.7470848168614549,0,0,1,0,0,0
126,0.3841332930578736,0.39101552396873035,0.41185644947084876,0.24446560614166912,0.45038482901953986,0.4308638527109703,0.8662850500772525,0,0,1,0,0,0
127,0.45664780391621107,0.4666251706815523,0.48668841182385614,0.2691575488552937,0.5325095403342681,0.657174030046517,0.9888893083434138,0,0,1,0,0,0
128,0.4346317207810148,0.4436459124867995,0.45879020714967567,0.30743685076030147,0.5649448481452155,0.46344279553539525,0.9440432685231439,0,0,1,0,0,0
129,0.4944556481992952,0.5074291894323808,0.5270191361058874,0.2820277936538697,0.5894921688867066,0.7809930826452034,1.0093861026828757,0,0,1,0,0,0
130,0.4725800149275269,0.4794347097227459,0.4952962034124887,0.2560325793583465,0.5189597798408614,0.6832169912928997,0.9659207029674031,0,0,1,0,0,0
131,0.4571153145441315,0.4657432858035855,0.4981235977971742,0.26961102438679085,0.5297937222290575,0.5626943307818969,0.9879597865664287,0,0,1,0,0,0
132,0.38896437296344005,0.4033786750414311,0.4372445268463545,0.2637082185543462,0.5405049017038343,0.46463847496737787,0.8653886195951586,0,0,1,0,0,0
133,0.36473962532911935,0.373691813990996,0.3891896545854824,0.24588255723084057,0.4513449540746167,0.4906234108044384,0.7714129428030124,0,0,1,0,0,0
134,0.34869602132455035,0.3554088447420125,0.3554837811248709,0.2701559694324163,0.4824231348072791,0.37851275776491855,0.7748006827938839,0,0,1,0,0,0
135,0.4903168224972707,0.4968791733212066,0.5143020281836934,0.28508934962448834,0.5527482107125306,0.5264317162414571,0.9761331895411681,0,0,1,0,0,0
136,0.2731013154205913,0.2761440266564765,0.27575285464358534,0.17459955847260913,0.3085663207617387,0.4619534593562019,0.5392807257046814,0,0,1,0,0,0
137,0.483405845367492,0.4950355348784455,0.5097341402604217,0.3069160043186141,0.6390177959917357,0.5796917421165867,0.9846550681602084,0,0,1,0,0,0
138,0.40214016056633795,0.4097154471968708,0.4388569710089022,0.2189953678087847,0.46189650471310945,0.4001923496908128,0.9041987463895381,0,0,1,0,1,0
139,0.5291286662439791,0.5428481721157795,0.6197212009775483,0.26206478107893844,0.6409705738564302,0.6153949688552408,1.0598607551922337,0,0,1,0,0,0
140,0.4338546458487466,0.4406119411751752,0.45620386309306604,0.26515809547127106,0.49873908628278835,0.4679985168845504,0.7944290427054586,0,0,1,0,0,0
141,0.4963379914337944,0.5075572064993147,0.5358668530173133,0.2168430483229964,0.5507628032932187,0.4752181428598346,0.9466092886693404,0,0,1,0,1,0
142,0.4312106762551032,0.44164117499216643,0.47805372020632786,0.2730828403276072,0.5479602867572668,0.5102636191804572,0.8971315483499761,0,0,1,0,0,0
143,0.37751675126893947,0.3881947940533534,0.39441506201827575,0.2521879486446689,0.4804476563339388,0.43693167030425994,0.7423682849211902,0,0,1,0,0,0
144,0.4528315033791654,0.4614610056192959,0.4773514787199571,0.2963820332105904,0.504801926254694,0.5989040701162803,0.9662213017894042,0,0,1,0,0,0
145,0.49793350776234396,0.5078559261537537,0.5345575168882586,0.3196474660743862,0.588371820925466,0.619642067129758,1.022950150208177,0,0,1,0,0,0
146,0.4858268763219566,0.48996299442092145,0.5028999165038747,0.3059357747484108,0.5588251504136703,0.6313488919251379,0.910026419409449,0,0,1,0,0,0
147,0.45982296232467074,0.47424221327654664,0.478004674925587,0.26419642542402605,0.5298045326969405,0.5713274333378863,0.9093359166843253,0,0,1,0,0,0
148,0.41441992624845747,0.4245527327394285,0.43969479908481784,0.23719836472618946,0.4787699484065823,0.44214993803187685,0.8526697046981251,0,0,1,0,0,0
149,0.5188221166185756,0.5253230092899884,0.5446742734640291,0.3427373971054881,0.618746369636569,0.6456738741873809,0.9817614961014717,0,0,1,0,0,0
150,0.44661676116014337,0.456355527025309,0.4703893026877566,0.27808587545943714,0.5342506178458888,0.6119192980187499,0.8913495871922846,0,0,1,0,0,0
151,0.4627401012598779,0.47186523250602974,0.4999719309189827,0.3241999248153036,0.5180439704265417,0.5416758611884256,0.8983935550358233,0,0,1,0,0,0
152,0.2862640035957933,0.2924785986988437,0.30008674019927645,0.21525190572756353,0.3467352559435884,0.29708749733961454,0.5941132232431342,0,0,1,0,0,0
153,0.36736974664578614,0.37804848793218554,0.39307610663762815,0.2806201710771882,0.4910602786379767,0.45755390361779624,0.7729734234352901,0,0,1,0,0,0
154,0.4341103392507599,0.4438606655277966,0.45525721485212595,0.2708469371234635,0.5182306229251752,0.4389908617615458,0.8785109206574299,0,0,1,0,0,0
155,0.5670465725753078,0.5770882701646831,0.6293395124893765,0.2989702393697716,0.6261076229632362,0.5934431266051685,1.122660455231077,0,0,1,0,0,0
156,0.47538188957011107,0.48507019150108116,0.5335231888389624,0.28355868479292423,0.5638116930385144,0.5445948515479931,0.9890720256150123,0,0,1,0,0,0
157,0.495191036430083,0.5134927879781267,0.5444264610800513,0.2917070011192252,0.579945802410074,0.49879534877857185,1.0052159842507296,0,0,1,0,0,0
158,0.4244287480472143,0.4344228962923929,0.46610080864803927,0.23636430680749354,0.5800533963751308,0.3763131083036173,0.8117474387693042,0,0,1,0,1,0
159,0.4100270918509678,0.4173345244543156,0.45995604491031805,0.24836429989443234,0.49829459831095374,0.4442340056071745,0.8667623511484212,0,0,1,0,0,0
160,0.38144075325776555,0.3891242278315437,0.4117998574365728,0.21694382266339496,0.4306697649649979,0.3821976368132602,0.7694098932425711,0,0,1,0,0,0
161,0.43075032407332936,0.4446465620310979,0.4713523109861521,0.2619442583439954,0.5541547389523577,0.5481113671327481,0.9811062780142683,0,0,1,0,0,0
162,0.3820489297082673,0.38511130600990845,0.4040509262868196,0.2547173209749484,0.4583284868200581,0.3945664339633662,0.8147534978892682,0,0,1,0,0,0
163,0.33115597873606867,0.33495884729995923,0.33570200662070987,0.2547344835948346,0.4340516120724819,0.2757414591082922,0.7263872009723061,0,0,1,0,1,0
164,0.46951895336205357,0.4743884907924946,0.4934658417247448,0.32376211942475125,0.5712619023343799,0.42912877904001223,1.0490951123785426,0,0,1,0,1,0
165,0.4450047237794245,0.4552301514086837,0.4731744349416952,0.27226452848110233,0.5262988299937825,0.5512675523570774,0.9541137519789276,0,0,1,0,0,0
166,0.3521891509440205,0.36001370865379784,0.36235509479543976,0.26283804222263923,0.5213802323779446,0.4753045258330668,0.682009154297259,0,0,1,0,0,0
167,0.4378223678693292,0.44310859173067235,0.44375645953492726,0.27062562098645765,0.5242540065009476,0.43581124990988296,0.9372718708000235,0,0,1,0,1,0
168,0.36619193147099427,0.3785302321492203,0.39907913243321086,0.2442140814875093,0.44520193669817293,0.382284816658141,0.7808494783063417,0,0,1,0,0,0
169,0.4441241439365683,0.4493567919554529,0.4568488530382678,0.28350054127284013,0.5625343950511624,0.5563879330012941,0.8606896742129151,0,0,1,0,0,0
170,0.48608372297028285,0.4978165318887917,0.5270975810275391,0.27951785030612014,0.5571605068489449,0.625987278447069,1.033099849866435,0,0,1,0,0,0
171,0.40813882110037836,0.41587648032578045,0.43380445087186925,0.23660424392295806,0.44688101831105226,0.5372049933347561,0.8474262060799391,0,0,1,0,0,0
172,0.6217745071628111,0.6426616078643782,0.6987626492386093,0.3604611822144548,0.7066706004015795,0.7649613914371183,1.2268700174769058,0,0,1,0,0,0
173,0.47425639440888046,0.4910997986095161,0.49958592877368696,0.2651206391794894,0.5350421399686967,0.4310643531804973,0.9999297560564971,0,0,1,0,1,0
174,0.3698777067358785,0.3747690181404064,0.3746840665580181,0.24171851769521735,0.44275848063318946,0.4436083742954525,0.8216632826728953,0,0,1,0,0,0
175,0.39085145624500833,0.3980673201283188,0.4268052282768257,0.2782583708334591,0.49659247112521715,0.6017669608986114,0.7565361763558762,0,0,1,0,0,0
176,0.31094584295246447,0.31482526631178265,0.3185534914923374,0.21964459153432886,0.4153727061607046,0.36215418440948094,0.6518566377334667,0,0,1,0,0,0
177,0.5190806383587709,0.526692139527011,0.5981264353479089,0.3504138788319704,0.6257489726054801,0.5634969201527288,1.0681479301426555,0,0,1,0,0,0
178,0.4449615321597664,0.4526976115184227,0.47586020138955315,0.26846552713454325,0.5086128009641266,0.5143072558584334,0.856283502757561,0,0,1,0,0,0
179,0.6039524664642533,0.6201307395014525,0.6653381533178507,0.3092107581666831,0.7301289692106387,0.677594245123956,1.1689576856921347,0,0,1,0,0,0
180,0.29885534407275904,0.30322929219589867,0.2981610718601186,0.26290187975130047,0.5065035931432732,0.3375702454465465,0.6143983901401145,0,1,1,0,0,0
181,0.4437538668386899,0.4538724306065241,0.47779186387012623,0.2758703897609082,0.549104072741146,0.5495335759041334,0.9337067986823523,0,0,1,0,0,0
182,0.5542532183294263,0.5618976865083062,0.5890103948052806,0.3076613892438747,0.6471136014957684,0.5182850783059995,1.2264341075849348,0,0,1,0,1,0
183,0.2691101610206256,0.2774218070911203,0.28121500608440225,0.21343141027984602,0.3470370903545341,0.3896661284586745,0.5612328785018106,0,0,1,0,0,0
184,0.41762343522103235,0.42484906231805386,0.45217859597653864,0.2563584480834337,0.4701664750302294,0.3941231953102602,0.8106001205386455,0,0,1,0,1,0
185,0.4288557530118576,0.43794312913726735,0.4792961602485477,0.25709516662147325,0.5060380914577658,0.49969624980838034,0.8335259391981887,0,0,1,0,0,0
186,0.4337046975103235,0.43850837929158004,0.46276784822983436,0.2732043078267996,0.5212919683615737,0.5569069729412737,0.8576197438053618,0,0,1,0,0,0
187,0.31988398440766524,0.3237337785023694,0.332364589895826,0.2535235989561322,0.4785357481031418,0.3114871636090814,0.6853746052004657,0,0,1,0,1,0
188,0.33722973269684814,0.3447804191346154,0.3425925174373304,0.24657109810435843,0.4537172813365841,0.3731084152386989,0.683526538294763,0,0,1,0,0,0
189,0.41535978435781834,0.42259252032517625,0.4489455475687304,0.24487349100780598,0.5575401196807062,0.4822977194188713,0.8045065868748433,0,0,1,0,0,0
190,0.4271502417087388,0.4362387438072085,0.4576815829781082,0.2414999622863482,0.5781841646619769,0.42311578559072927,0.8397442659436537,0,0,1,0,1,0
191,0.3693379130888322,0.37710018788930516,0.3715494119459044,0.2783082655519329,0.435604484096926,0.47195803425105143,0.7459689878694804,0,0,1,0,0,0
192,0.4639480849935099,0.47420306000740087,0.4870633559177701,0.27447104415207424,0.5601525552012022,0.4219561645281062,0.9464675374466879,0,0,1,0,1,0
193,0.5035217115593406,0.5138261596848909,0.5335429639743949,0.30257898506052416,0.543950630408464,0.42804477726059736,1.019341070708226,0,0,1,0,1,0
194,0.4320166490062966,0.43799062036367015,0.45982969961786185,0.26989776111181424,0.522342770963156,0.5398101403915898,0.96902232594418,0,0,1,0,0,0
195,0.5181896361547419,0.528593256813794,0.5420108025987371,0.3027564373905559,0.6570928082431895,0.6308420578478229,1.0658333052996387,0,0,1,0,0,0
196,0.2798157147922869,0.28324056089895033,0.28282491838135526,0.2403946487166304,0.36081493182282487,0.41725394304508834,0.5837846785548817,0,0,1,0,0,0
197,0.37370918563637895,0.37857821941881326,0.3995972965148846,0.27451723146964396,0.4664019873704453,0.4373439107141499,0.8170413808609123,0,0,1,0,0,0
198,0.24426009054799994,0.24916703799746504,0.2491398539306735,0.2078642152410779,0.3571847053426356,0.25864435379854356,0.5298301027512132,0,0,1,0,0,0
199,0.4663550124533815,0.4792793177674458,0.5141069191324112,0.24609390467522269,0.5211870316109027,0.4911180479953898,0.9363274467556737,0,0,1,0,0,0
200,0.41084216069201346,0.4199120040269998,0.4453860837206291,0.2752506737906145,0.5406770621583947,0.4009754535846968,0.9439397399609031,0,0,1,0,1,0
201,0.4327065340933017,0.4397967549815555,0.44804136319819765,0.25267012340405487,0.5484294425760636,0.6030514836305271,0.8621633703293277,0,0,1,0,0,0
202,0.429453846543776,0.43612459535738124,0.44292669617837765,0.27058100356697207,0.5333552637718875,0.4563170408972402,0.8679601781340879,0,0,1,0,0,0
203,0.3980390769098,0.4079134810001711,0.4043504321074671,0.2436676782884374,0.46661882149410266,0.3554207123109358,0.7694122347979779,0,0,1,0,1,0
204,0.29460470374951925,0.30637798147815465,0.3091566147812422,0.21540070247774695,0.38675310090478315,0.317012553717506,0.6268442873480446,0,0,1,0,0,0
205,0.39655584746652944,0.4056171118480014,0.4049293203691098,0.22707173881245005,0.465935406362209,0.33986534858560263,0.7428014680144539,0,0,1,0,1,0
206,0.4529107310448128,0.4586798604980623,0.4742299946695053,0.26135906040996737,0.5060116357346258,0.6090430950211664,0.9057842626539295,0,0,1,0,0,0
207,0.535196413870915,0.5461068817948366,0.5844729170750663,0.2976025806431738,0.6259590929086588,0.6165913118971682,1.0775840984937939,0,0,1,0,0,0
208,0.45668328959789506,0.4667467116391086,0.4796570233626422,0.28695267577911493,0.5385514736896089,0.46139389734759206,0.9184407442804516,0,0,1,0,0,0
209,0.36425876564571985,0.3712542022634243,0.38808132860577443,0.2312658911931183,0.4266521342665591,0.47240887306386287,0.7750375212939321,0,0,1,0,0,0
210,0.30230286421083213,0.30917639814210457,0.31126901059922724,0.19586421747828053,0.3583146735752142,0.3330357248958538,0.7012533184871048,0,0,1,0,0,0
211,0.3737380826506216,0.384841435885448,0.3863366768286269,0.24706950386368431,0.5075178113402672,0.34568248125392986,0.7671338635181885,0,0,1,0,1,0
212,0.28156723761369556,0.28530799163748055,0.2923859085265804,0.18916161243318222,0.3464622928972583,0.39414789503403297,0.5497018227141967,0,0,1,0,0,0
213,0.3721233151130306,0.37876799338082423,0.38987081824895414,0.2480411855890819,0.4579499506169068,0.5536935201854088,0.7206365592235648,0,0,1,0,0,0
214,0.38775568783980974,0.3955032682434777,0.4275982700705618,0.21794057752625318,0.44209482654667487,0.49043860461518335,0.7785312957001347,0,0,1,0,0,0
215,0.44156164668320297,0.45249167486423736,0.47098413146312673,0.2737055652809542,0.5153238427365786,0.5272001711198424,0.9450454612348383,0,0,1,0,0,0
216,0.42821212641725176,0.4339238710447773,0.45804546433859705,0.3312222846967652,0.5908247543421667,0.5536948956209925,0.9400355968086375,0,0,1,0,0,0
217,0.4205886266650505,0.4409927635830754,0.45693850037236333,0.2728706649594332,0.5089267646150185,0.5549194106893095,0.9388184407093879,0,0,1,0,0,0
218,0.3496002799189071,0.3542436942481772,0.3735083703623191,0.23533490894291484,0.4252750991938222,0.5200066186605312,0.7358365246772934,0,0,1,0,0,0
219,0.34933372277276037,0.3553253148103866,0.34468406740061597,0.27284423006243025,0.47203213112974035,0.43210584476297376,0.7681726229025836,0,1,1,0,0,0
220,0.410588858811034,0.4148709571003168,0.42172891312531596,0.2799175698943585,0.49604739033719686,0.4360103811003177,0.8510763096957358,0,0,1,0,0,0
221,0.3865836781916434,0.39585351966521715,0.45285144961748075,0.24185082015363069,0.48841646048090215,0.4354038290854298,0.8406966033627807,0,0,1,0,0,0
222,0.515315742815858,0.5235678298943972,0.5578725542413401,0.2969650250511791,0.5940210135971896,0.6403539907898957,1.0258829524977022,0,0,1,0,0,0
223,0.4768377171265876,0.4875166711706892,0.5085488891081363,0.2917605113139511,0.5725951631767371,0.6178278711287934,1.0246433802237864,0,0,1,0,0,0
224,0.43174613620508967,0.43919114465874176,0.46194688027334574,0.2824581162946567,0.5489508009814439,0.486422687396757,0.9054648454571682,0,0,1,0,0,0
225,0.398976474939167,0.40265625396191135,0.4146786002418783,0.2798495100567189,0.49687335401851634,0.4679784873020195,0.7959409328812117,0,0,1,0,0,0
226,0.36692806411004836,0.37452925437603485,0.40855228055879517,0.251219989664477,0.45992879520276964,0.4797527481578643,0.7661987020426844,0,0,1,0,0,0
227,0.4911591631827209,0.5023868041586348,0.5444519258367073,0.28069394911390677,0.579155583355631,0.4383138190333633,0.948030042531091,0,0,1,0,1,0
228,0.4432341142662153,0.4541517483116076,0.4645123438650889,0.3043379226778262,0.6267201249448237,0.4917051583325418,0.9311482677611349,0,0,1,0,0,0
229,0.4998315059931109,0.512074270125366,0.5412342040778871,0.3212530018469832,0.6576133832216153,0.6121209947386601,1.0077809741868444,0,0,1,0,0,0
230,0.541789587470808,0.5549350340936495,0.5923491584904885,0.31735379098285527,0.6334423133201048,0.5264982866938126,1.0731600959011183,0,0,1,0,1,0
231,0.419244578135287,0.4268630628226296,0.4483796248295265,0.28344211563496396,0.48907396484836985,0.5670400892949581,0.8263443879256243,0,0,1,0,0,0
232,0.5176674075043011,0.5289935422770581,0.5514783561432345,0.307232923760602,0.5973023034660494,0.7740838467732795,1.0625724799595373,0,0,1,0,0,0
233,0.44712678050685073,0.457176816297914,0.48908405798416194,0.30468772102647435,0.5976729757067057,0.48092715763330207,0.8843491569401004,0,0,1,0,0,0
234,0.49172968861515826,0.49777715680923307,0.5151003890301303,0.3050362630533581,0.5882099764301294,0.5491596621050968,1.1041399141931625,0,0,1,0,0,0
235,0.3457551711792536,0.35427593944207764,0.36278171195887804,0.2672519365015171,0.48660044672568903,0.42389813900441786,0.740235035538098,0,0,1,0,0,0
236,0.3494404677276779,0.35923368538810396,0.3680324454184474,0.2734958196399621,0.49829497610958834,0.3174169779230388,0.7579543206176723,0,0,1,0,1,0
237,0.465807655457729,0.47981170610607654,0.5081840722011393,0.3227838205459599,0.6525828210693405,0.6487623908077395,1.0122467385319507,0,0,1,0,0,0
238,0.44897487901791755,0.4569035266516942,0.4956904845756363,0.26878960023048154,0.5078350953062923,0.564074617960432,0.9757845277533915,0,0,1,0,0,0
239,0.4035866137408397,0.4126964318085717,0.4224370223216946,0.2780853960471488,0.4860657609680874,0.43571741950078435,0.843934251838221,0,0,1,0,0,0
240,0.4297525868982121,0.435228110849234,0.43928058727375796,0.26609483187254807,0.49422330082222815,0.6412172769837928,0.7980925492717906,0,0,1,0,0,0
241,0.41153370070960077,0.4177004711778407,0.4395338828785849,0.22464704468724223,0.4945652584150293,0.39761890701750996,0.8015526220681706,0,0,1,0,1,0
242,0.5658510978590078,0.5812952408852421,0.6266495646642416,0.3302606776214767,0.6447262634626393,0.703777233456556,1.1390724561522632,0,0,1,0,0,0
243,0.43443767791978494,0.43979349752155167,0.4569927104590694,0.28394732142961315,0.5078379239444368,0.5394400308797771,0.8838749697390458,0,0,1,0,0,0
244,0.41337945700186074,0.4245529663766425,0.42771061391512105,0.24825190220049975,0.46725939520179205,0.4677610961685848,0.8528479539876597,0,0,1,0,0,0
245,0.47292702741347303,0.4833269687674148,0.5170414414958798,0.3143054761495477,0.6265102222751369,0.451261438565744,0.9230489482021633,0,0,1,0,1,0
246,0.5782799893078574,0.5921987691200806,0.6721032756538989,0.29518599724292427,0.6863015055512885,0.5323004722824964,1.021038061837853,0,0,1,0,1,0
247,0.46214499178953505,0.4699007795392369,0.4981402960798629,0.28212971273598997,0.5811872130335485,0.5066263450024119,0.9555626095794609,0,0,1,0,0,0
248,0.47485640368614485,0.48375100705762797,0.5083265271567188,0.3033035380315311,0.58025392011187,0.3545390061230331,0.9818470149212746,0,0,1,0,1,0
249,0.39620918993438753,0.4035947398666103,0.405645204169548,0.2644004979158339,0.4898273345373264,0.49144004498408467,0.8688861053867878,0,0,1,0,0,0
250,0.3740882265425093,0.3778491197206773,0.38675213782869305,0.23474129711102246,0.46343414690580986,0.36531625804448686,0.7280738216376446,0,0,1,0,1,0
251,0.5347586731794141,0.5484566992494276,0.5659752773113977,0.3140349581977923,0.6683160641735838,0.49407085044456595,1.0567772386172858,0,0,1,0,1,0
252,0.43560389816722783,0.4421728034992149,0.453337918544629,0.2617045660639669,0.5059037048537609,0.6043629927583387,0.9109174872437631,0,0,1,0,0,0
253,0.3978635011270586,0.4069851771161209,0.410575270639452,0.27159391906866287,0.49765991109356944,0.43571846778563383,0.7704219254534147,0,0,1,0,0,0
254,0.48318608848986283,0.49078224644549284,0.5260104029727192,0.32506313983168605,0.6493886340314976,0.5449319416267863,1.0198962099098325,0,0,1,0,0,0
255,0.32435361847397026,0.32911536895358023,0.3397319949776946,0.19964425440828798,0.4291026733506389,0.4669100959321628,0.619448975477789,0,0,1,0,0,0
256,0.301107711689472,0.3088916080435782,0.3119201266183665,0.23649379395387726,0.4362895444086052,0.44502541368101556,0.645134906750443,0,0,1,0,0,0
257,0.4156992487162947,0.4224394366744206,0.43799601544789585,0.29422001544120063,0.5082187542171137,0.4650698965205511,0.808505022852613,0,0,1,0,0,0
258,0.4768801076457504,0.4850170645381993,0.4825420481951578,0.29420977917321484,0.5339943866846183,0.511093710314082,0.9631850758287984,0,0,1,0,0,0
259,0.4665768332858064,0.4757287054757286,0.4904957391324467,0.2562585938882855,0.5295780347798328,0.4356856684894982,0.9585598711833428,0,0,1,0,1,0
260,0.31384559132472445,0.3203537620922124,0.32105455427440166,0.2278432621441523,0.4178193484775843,0.39306998251460007,0.686494555671869,0,0,1,0,0,0
261,0.48205306222660516,0.4999520421754728,0.5140453724270964,0.24180474379471742,0.5372662554020147,0.6662529651882566,0.9926192121160402,0,0,1,0,0,0
262,0.5258019530552951,0.5341908547741814,0.5491679727951506,0.30671250144727014,0.5671885728183339,0.5892118971363007,1.0187009956117827,0,0,1,0,0,0
263,0.4036553530720142,0.41163861558474757,0.42382157589097247,0.27887723924695873,0.4997017599221203,0.4407462425749198,0.8330556968520766,0,0,1,0,0,0
264,0.44786254920233715,0.4681177336193246,0.4864762059389234,0.26163454640954315,0.5674069278570827,0.5417303328091143,0.9630796653500805,0,0,1,0,0,0
265,0.3564567307919419,0.3608596423102596,0.3589972553555463,0.23768051924751754,0.41659156453096224,0.43721352619327225,0.6716027828070121,0,0,1,0,0,0
266,0.25817988695493144,0.2626845906536006,0.26270792875141763,0.24934248286458782,0.3650238931745125,0.2660459181141313,0.5732313850791806,0,0,1,0,0,0
267,0.4340103947065007,0.44401887582063715,0.4676732163286669,0.23187887985458816,0.4985709639143904,0.4225488305155156,0.8752165512780027,0,0,1,0,1,0
268,0.38310638251539275,0.390445697878913,0.39460888495433355,0.2608887150544127,0.470047221145351,0.4758784401052675,0.7988312786320296,0,0,1,0,0,0
269,0.38697937279248296,0.39799132918021657,0.40572086579591027,0.2644469712719247,0.52021949374194,0.4387529078887117,0.8221577599123003,0,0,1,0,0,0
270,0.4054533793406055,0.4115210049836889,0.42623230452684313,0.25887089489197396,0.4504007394927685,0.5837759322943322,0.7862447238918602,0,0,1,0,0,0
271,0.4645890858413061,0.48027602802565417,0.5049200375454498,0.3076762879772022,0.5671984307214251,0.6048097278066541,0.9830655037450923,0,0,1,0,0,0
272,0.41210426498009844,0.4204473198533872,0.43073289420759336,0.22585329999789208,0.4649555728643366,0.41774880493066935,0.8711237697639039,0,0,1,0,0,0
273,0.4325163104649456,0.44202590808229825,0.4641358717767408,0.252682093708475,0.5270593450569644,0.4755459399045664,0.8545782267300146,0,0,1,0,0,0
274,0.4256391503700314,0.43150755751712644,0.4606458262100065,0.2655359129499793,0.524887572541701,0.4583625755098872,0.8934334122052553,0,0,1,0,0,0
275,0.38150241812308433,0.3889599575861507,0.3905295584781313,0.282754747516291,0.4818634209891935,0.5215127303714399,0.6900772918725019,0,0,1,0,0,0
276,0.5426697022982476,0.5521974353341398,0.5831168644218142,0.3549673322229777,0.6767654504149356,0.6056687397044958,1.1213644934695144,0,0,1,0,0,0
277,0.49320103226142054,0.5067140480068459,0.5239736232085062,0.2568769666351514,0.5662788149269516,0.646588875280944,0.9423901426733484,0,0,1,0,0,0
278,0.425301101347246,0.4345961672814984,0.4392019112353183,0.30965976503656645,0.5122796698087991,0.44085542903716,0.9656148228320619,0,0,1,0,0,0
279,0.363053322121562,0.3709333427524275,0.3871006715400262,0.26385622473070963,0.4675383514012789,0.3947709556993543,0.7598070187483718,0,0,1,0,0,0
280,0.25210813453474273,0.2592310156132501,0.2597127584047571,0.2307034960814427,0.40702198560585656,0.3005229060638205,0.4919452980066941,0,0,1,0,0,0
281,0.4271185416442119,0.43415057267190477,0.4462653083316829,0.2872459427177297,0.5163304270793174,0.5470101629907241,0.9181227895260121,0,0,1,0,0,0
282,0.4737788680639437,0.48871751299130106,0.5104893958260714,0.2472025377298661,0.5433848279318964,0.6734065123617714,0.9707723344512087,0,0,1,0,0,0
283,0.3719187357989432,0.37805053914024733,0.38911659106073143,0.20287954091372132,0.4243186880766617,0.43383205362814425,0.7838286636432187,0,0,1,0,0,0
284,0.39857606722869443,0.4088673695783733,0.4262214842648001,0.24415379532528597,0.4835047116375492,0.42195832686668433,0.8973758396367992,0,0,1,0,0,0
285,0.4672095496741456,0.4781868274485058,0.5009802806709287,0.30462704310686695,0.5715359495469312,0.5237534561142643,0.9677852329687248,0,0,1,0,0,0
286,0.29839874382754167,0.3044192526221296,0.31748062520979176,0.22942320326873117,0.44124676342502117,0.2456546033200546,0.6533994042831028,0,0,1,0,1,0
287,0.48092090599885967,0.4925309205600367,0.521338932219915,0.3042719650023087,0.5904282621442385,0.5255039570988005,1.0072267632594298,0,0,1,0,0,0
288,0.31981740937084496,0.3212780815313855,0.32956175926456843,0.263780765456649,0.4144347280796872,0.3387776225551279,0.7029849594084299,0,0,1,0,0,0
289,0.541450982458543,0.5523672552893338,0.6034410182106353,0.29231328584127236,0.6308626550925379,0.6835384950570079,1.1030876708999917,0,0,1,0,0,0
290,0.3782771936986166,0.38785391035848393,0.42231880126397464,0.18579077821854495,0.4223420389512013,0.3770845205128065,0.72834395234596,0,0,1,0,1,0
291,0.4349219125663714,0.44233760522516985,0.4637245027934057,0.26382741886738736,0.503691819561625,0.4797789479980682,0.8810739091045559,0,0,1,0,0,0
292,0.552893686838968,0.5608064529948069,0.5786152557992537,0.3084663271113254,0.6319224743157713,0.6106875402865507,1.0679456005052135,0,0,1,0,0,0
293,0.5291100982822163,0.5380837720009873,0.5763292097581153,0.29233616983811256,0.592563096481499,0.5663127367277654,1.125098967516199,0,0,1,0,0,0
294,0.45839258281589657,0.46233538505838195,0.4808940465740877,0.2731192966752095,0.5745552754360601,0.4693540983943843,0.9064351748490014,0,0,1,0,0,0
295,0.47519197233620303,0.4922358969938805,0.5113254493768449,0.2756604708310918,0.5671116401746785,0.45451517400664687,0.951117685954219,0,0,1,0,1,0
296,0.4386020719122283,0.4454322728530827,0.4562911544130557,0.23790351546638103,0.48346660787236384,0.5399853421786149,0.8393221102011138,0,0,1,0,0,0
297,0.5187447742284426,0.5320658673774071,0.6037153845794337,0.3221960249244993,0.6427251518942105,0.6859904743015398,1.1509417939668984,0,0,1,0,0,0
298,0.3965172651583972,0.40381871137205655,0.40560752489057494,0.22713265532751922,0.4694202616143838,0.5311699326221956,0.8068761448319784,0,0,1,0,0,0
299,0.34736135950586905,0.35489215737154484,0.3575602614815851,0.24600287557903774,0.43204342305641813,0.5317989489511861,0.6812863126886973,0,0,1,0,0,0
