game,repeat,bound_type,Bhat,Bhat_capped,true_loss,Rmax,covered,ratio_L,ratio_Rmax
0,0,jensen_eb,0.43361291504718025,0.43361291504718025,0.3108689351488424,3.9926079853413303,1,1.3948415747606582,0.10860392922099274
0,0,jensen_hoeffding,0.8828013247374324,0.8828013247374324,0.3108689351488424,3.9926079853413303,1,2.8397862408308887,0.22110894131820488
0,0,raw_plugin_mean,0.3299629810931564,0.3299629810931564,0.3108689351488424,3.9926079853413303,1,1.0614215310229433,0.08264347071002207
0,0,exact_value_eb,0.43302143657623376,0.43302143657623376,0.3108689351488424,3.9926079853413303,1,1.3929389128859253,0.10845578583373357
0,1,jensen_eb,0.4395061468901252,0.4395061468901252,0.3108689351488424,3.9926079853413303,1,1.4137988624681717,0.11007996490107494
0,1,jensen_hoeffding,0.8887718403814366,0.8887718403814366,0.3108689351488424,3.9926079853413303,1,2.858992134276451,0.22260433371984428
0,1,raw_plugin_mean,0.33593349673716066,0.33593349673716066,0.3108689351488424,3.9926079853413303,1,1.0806274244685063,0.08413886311166147
0,1,exact_value_eb,0.4393179304024641,0.4393179304024641,0.3108689351488424,3.9926079853413303,1,1.4131934096024132,0.11003282366197706
0,2,jensen_eb,0.41977768512712405,0.41977768512712405,0.3108689351488424,3.9926079853413303,1,1.3503365491509685,0.10513871801797667
0,2,jensen_hoeffding,0.8703636873312115,0.8703636873312115,0.3108689351488424,3.9926079853413303,1,2.7997769764755875,0.21799377512811433
0,2,raw_plugin_mean,0.3175253436869355,0.3175253436869355,0.3108689351488424,3.9926079853413303,1,1.0214122666676426,0.0795283045199315
0,2,exact_value_eb,0.41922462501144453,0.41922462501144453,0.3108689351488424,3.9926079853413303,1,1.3485574710471537,0.10500019700171109
0,3,jensen_eb,0.431050573593497,0.431050573593497,0.3108689351488424,3.9926079853413303,1,1.3865990610709054,0.10796215786174816
0,3,jensen_hoeffding,0.8809744158233619,0.8809744158233619,0.3108689351488424,3.9926079853413303,1,2.833909458986489,0.2206513684934302
0,3,raw_plugin_mean,0.3281360721790859,0.3281360721790859,0.3108689351488424,3.9926079853413303,1,1.0555447491785441,0.0821858978852474
0,3,exact_value_eb,0.4303924976276077,0.4303924976276077,0.3108689351488424,3.9926079853413303,1,1.38448216905796,0.10779733427568476
0,4,jensen_eb,0.41083247988873717,0.41083247988873717,0.3108689351488424,3.9926079853413303,1,1.3215617047487642,0.10289827636399292
0,4,jensen_hoeffding,0.8620391068986801,0.8620391068986801,0.3108689351488424,3.9926079853413303,1,2.77299855157911,0.21590877693568103
0,4,raw_plugin_mean,0.3092007632544042,0.3092007632544042,0.3108689351488424,3.9926079853413303,0,0.9946338417711649,0.07744330632749823
0,4,exact_value_eb,0.41023537471324106,0.41023537471324106,0.3108689351488424,3.9926079853413303,1,1.3196409429485856,0.10274872369624082
0,5,jensen_eb,0.4268815177679082,0.4268815177679082,0.3108689351488424,3.9926079853413303,1,1.3731880850800342,0.10691796423169601
0,5,jensen_hoeffding,0.8767195599716692,0.8767195599716692,0.3108689351488424,3.9926079853413303,1,2.820222482352251,0.2195856851437715
0,5,raw_plugin_mean,0.3238812163273932,0.3238812163273932,0.3108689351488424,3.9926079853413303,1,1.041857772544306,0.08112021453558868
0,5,exact_value_eb,0.4265422512470834,0.4265422512470834,0.3108689351488424,3.9926079853413303,1,1.3720967360178888,0.10683299056985131
0,6,jensen_eb,0.41495557965534297,0.41495557965534297,0.3108689351488424,3.9926079853413303,1,1.3348248497607664,0.10393095970824899
0,6,jensen_hoeffding,0.8657093715187723,0.8657093715187723,0.3108689351488424,3.9926079853413303,1,2.784805021139456,0.21682804189571903
0,6,raw_plugin_mean,0.3128710278744962,0.3128710278744962,0.3108689351488424,3.9926079853413303,1,1.006440311331511,0.07836257128753618
0,6,exact_value_eb,0.4142662243426741,0.4142662243426741,0.3108689351488424,3.9926079853413303,1,1.3326073386661348,0.10375830180764874
0,7,jensen_eb,0.4054687690999156,0.4054687690999156,0.3108689351488424,3.9926079853413303,1,1.3043077749334435,0.10155486603958486
0,7,jensen_hoeffding,0.8563972621572815,0.8563972621572815,0.3108689351488424,3.9926079853413303,1,2.7548499233197523,0.21449570438708312
0,7,raw_plugin_mean,0.3035589185130056,0.3035589185130056,0.3108689351488424,3.9926079853413303,0,0.9764852135118075,0.07603023377890032
0,7,exact_value_eb,0.40470345714169226,0.40470345714169226,0.3108689351488424,3.9926079853413303,1,1.3018459272809693,0.10136318382058586
0,8,jensen_eb,0.438839837110662,0.438839837110662,0.3108689351488424,3.9926079853413303,1,1.4116554840082294,0.10991307905054579
0,8,jensen_hoeffding,0.8887146172741739,0.8887146172741739,0.3108689351488424,3.9926079853413303,1,2.858808059572315,0.22259000145695426
0,8,raw_plugin_mean,0.3358762736298979,0.3358762736298979,0.3108689351488424,3.9926079853413303,1,1.0804433497643697,0.08412453084877143
0,8,exact_value_eb,0.4383884833760016,0.4383884833760016,0.3108689351488424,3.9926079853413303,1,1.410203573947019,0.1098000317049718
0,9,jensen_eb,0.38771328056772264,0.38771328056772264,0.3108689351488424,3.9926079853413303,1,1.2471921016555982,0.0971077756672314
0,9,jensen_hoeffding,0.8409315225384562,0.8409315225384562,0.3108689351488424,3.9926079853413303,1,2.7050998908457116,0.21062211106772719
0,9,raw_plugin_mean,0.28809317889418024,0.28809317889418024,0.3108689351488424,3.9926079853413303,0,0.9267351810377668,0.07215664045954438
0,9,exact_value_eb,0.38685665672329644,0.38685665672329644,0.3108689351488424,3.9926079853413303,1,1.2444365228647614,0.09689322321240207
0,10,jensen_eb,0.42460763198095913,0.42460763198095913,0.3108689351488424,3.9926079853413303,1,1.3658734726184822,0.10634844030265074
0,10,jensen_hoeffding,0.8757406463462138,0.8757406463462138,0.3108689351488424,3.9926079853413303,1,2.817073523048914,0.2193405036410922
0,10,raw_plugin_mean,0.32290230270193787,0.32290230270193787,0.3108689351488424,3.9926079853413303,1,1.0387088132409692,0.08087503303290938
0,10,exact_value_eb,0.42407764153577465,0.42407764153577465,0.3108689351488424,3.9926079853413303,1,1.3641686047939416,0.10621569738195072
0,11,jensen_eb,0.4022894895192108,0.4022894895192108,0.3108689351488424,3.9926079853413303,1,1.2940807010085993,0.10075857459490074
0,11,jensen_hoeffding,0.8541071586042053,0.8541071586042053,0.3108689351488424,3.9926079853413303,1,2.747483141714573,0.21392211851001125
0,11,raw_plugin_mean,0.3012688149599293,0.3012688149599293,0.3108689351488424,3.9926079853413303,0,0.9691184319066277,0.07545664790182842
0,11,exact_value_eb,0.40194833326513435,0.40194833326513435,0.3108689351488424,3.9926079853413303,1,1.2929832730719253,0.10067312762506825
0,12,jensen_eb,0.4287336292501808,0.4287336292501808,0.3108689351488424,3.9926079853413303,1,1.379145938287161,0.10738184936368807
0,12,jensen_hoeffding,0.8787414249777387,0.8787414249777387,0.3108689351488424,3.9926079853413303,1,2.826726396952471,0.22009208722819668
0,12,raw_plugin_mean,0.3259030813334627,0.3259030813334627,0.3108689351488424,3.9926079853413303,1,1.048361687144526,0.08162661662001386
0,12,exact_value_eb,0.42819171015018626,0.42819171015018626,0.3108689351488424,3.9926079853413303,1,1.3774026984882564,0.10724611875803276
0,13,jensen_eb,0.427452128858473,0.427452128858473,0.3108689351488424,3.9926079853413303,1,1.3750236209797264,0.10706088111526178
0,13,jensen_hoeffding,0.8772912987886452,0.8772912987886452,0.3108689351488424,3.9926079853413303,1,2.822061645910688,0.21972888448091532
0,13,raw_plugin_mean,0.3244529551443692,0.3244529551443692,0.3108689351488424,3.9926079853413303,1,1.0436969361027433,0.0812634138727325
0,13,exact_value_eb,0.4271320567967934,0.4271320567967934,0.3108689351488424,3.9926079853413303,1,1.373994016456758,0.10698071495247927
0,14,jensen_eb,0.4216864971779931,0.4216864971779931,0.3108689351488424,3.9926079853413303,1,1.356476796165213,0.10561680453633188
0,14,jensen_hoeffding,0.8721784091589186,0.8721784091589186,0.3108689351488424,3.9926079853413303,1,2.805614555025655,0.21844829554042872
0,14,raw_plugin_mean,0.31934006551464267,0.31934006551464267,0.3108689351488424,3.9926079853413303,1,1.02724984521771,0.07998282493224591
0,14,exact_value_eb,0.4212938196082747,0.4212938196082747,0.3108689351488424,3.9926079853413303,1,1.3552136349891684,0.10551845339062459
0,15,jensen_eb,0.41068921067289066,0.41068921067289066,0.3108689351488424,3.9926079853413303,1,1.321100837805665,0.10286239274697553
0,15,jensen_hoeffding,0.8625083482359239,0.8625083482359239,0.3108689351488424,3.9926079853413303,1,2.774508002296722,0.21602630446129
0,15,raw_plugin_mean,0.309670004591648,0.309670004591648,0.3108689351488424,3.9926079853413303,0,0.9961432924887772,0.0775608338531072
0,15,exact_value_eb,0.40982659188198883,0.40982659188198883,0.3108689351488424,3.9926079853413303,1,1.3183259745325342,0.1026463387807287
0,16,jensen_eb,0.4262966344230332,0.4262966344230332,0.3108689351488424,3.9926079853413303,1,1.3713066383391594,0.10677147267855021
0,16,jensen_hoeffding,0.8772888881551912,0.8772888881551912,0.3108689351488424,3.9926079853413303,1,2.822053891409735,0.219728280706775
0,16,raw_plugin_mean,0.3244505445109152,0.3244505445109152,0.3108689351488424,3.9926079853413303,1,1.04368918160179,0.08126281009859217
0,16,exact_value_eb,0.4256963469853152,0.4256963469853152,0.3108689351488424,3.9926079853413303,1,1.3693756398705264,0.10662112297231259
0,17,jensen_eb,0.4168753123967948,0.4168753123967948,0.3108689351488424,3.9926079853413303,1,1.3410002263403937,0.10441178145396007
0,17,jensen_hoeffding,0.8682377045728711,0.8682377045728711,0.3108689351488424,3.9926079853413303,1,2.7929381369584694,0.21746129541406628
0,17,raw_plugin_mean,0.31539936092859505,0.31539936092859505,0.3108689351488424,3.9926079853413303,1,1.014573427150524,0.07899582480588346
0,17,exact_value_eb,0.41618681651819034,0.41618681651819034,0.3108689351488424,3.9926079853413303,1,1.3387854798644396,0.10423933880967036
0,18,jensen_eb,0.43173214977658886,0.43173214977658886,0.3108689351488424,3.9926079853413303,1,1.3887915483413542,0.10813286737933522
0,18,jensen_hoeffding,0.8822059805465627,0.8822059805465627,0.3108689351488424,3.9926079853413303,1,2.837871143747982,0.22095982971169217
0,18,raw_plugin_mean,0.32936763690228676,0.32936763690228676,0.3108689351488424,3.9926079853413303,1,1.0595064339400375,0.08249435910350937
0,18,exact_value_eb,0.43088556144251083,0.43088556144251083,0.3108689351488424,3.9926079853413303,1,1.3860682516772065,0.10792082844709187
0,19,jensen_eb,0.39835205780207866,0.39835205780207866,0.3108689351488424,3.9926079853413303,1,1.28141481107255,0.09977239420063508
0,19,jensen_hoeffding,0.8504256386723812,0.8504256386723812,0.3108689351488424,3.9926079853413303,1,2.735640466182965,0.2130000345124486
0,19,raw_plugin_mean,0.2975872950281052,0.2975872950281052,0.3108689351488424,3.9926079853413303,0,0.9572757563750203,0.07453456390426577
0,19,exact_value_eb,0.39799161119067616,0.39799161119067616,0.3108689351488424,3.9926079853413303,1,1.280255330112415,0.0996821157128081
1,0,jensen_eb,0.4531609591168999,0.4531609591168999,0.3410240913946273,3.973529060433214,1,1.328823888258703,0.11404495908417844
1,0,jensen_hoeffding,0.9015322046610676,0.9015322046610676,0.3410240913946273,3.973529060433214,1,2.6436026879339436,0.22688451272148946
1,0,raw_plugin_mean,0.35133563333289225,0.35133563333289225,0.3410240913946273,3.973529060433214,1,1.0302369896979877,0.08841904211330667
1,0,exact_value_eb,0.453006082062039,0.453006082062039,0.3410240913946273,3.973529060433214,1,1.3283697354326445,0.11400598187965688
1,1,jensen_eb,0.46008962123875824,0.46008962123875824,0.3410240913946273,3.973529060433214,1,1.3491411101110458,0.11578866399144869
1,1,jensen_hoeffding,0.9070893969007032,0.9070893969007032,0.3410240913946273,3.973529060433214,1,2.659898288097877,0.2282830660364688
1,1,raw_plugin_mean,0.35689282557252777,0.35689282557252777,0.3410240913946273,3.973529060433214,1,1.046532589861921,0.08981759542828599
1,1,exact_value_eb,0.45902806944355967,0.45902806944355967,0.3410240913946273,3.973529060433214,1,1.346028274912637,0.11552150807562336
1,2,jensen_eb,0.46087538019749247,0.46087538019749247,0.3410240913946273,3.973529060433214,1,1.3514452257983594,0.11598641237752658
1,2,jensen_hoeffding,0.9076912884370845,0.9076912884370845,0.3410240913946273,3.973529060433214,1,2.6616632412245607,0.22843454134399194
1,2,raw_plugin_mean,0.35749471710890895,0.35749471710890895,0.3410240913946273,3.973529060433214,1,1.0482975429886041,0.0899690707358091
1,2,exact_value_eb,0.46047626082868776,0.46047626082868776,0.3410240913946273,3.973529060433214,1,1.350274870451403,0.11588596781987152
1,3,jensen_eb,0.4718001588467306,0.4718001588467306,0.3410240913946273,3.973529060433214,1,1.3834804365793953,0.1187358017699492
1,3,jensen_hoeffding,0.9178769883738385,0.9178769883738385,0.3410240913946273,3.973529060433214,1,2.6915312188653755,0.23099793015576106
1,3,raw_plugin_mean,0.36768041704566307,0.36768041704566307,0.3410240913946273,3.973529060433214,1,1.0781655206294194,0.09253245954757827
1,3,exact_value_eb,0.4709412141000758,0.4709412141000758,0.3410240913946273,3.973529060433214,1,1.380961714974883,0.1185196350492354
1,4,jensen_eb,0.44418972601502,0.44418972601502,0.3410240913946273,3.973529060433214,1,1.3025171453386006,0.11178720962131133
1,4,jensen_hoeffding,0.8929109931728416,0.8929109931728416,0.3410240913946273,3.973529060433214,1,2.6183223288456183,0.22471485160737492
1,4,raw_plugin_mean,0.3427144218446662,0.3427144218446662,0.3410240913946273,3.973529060433214,1,1.0049566306096624,0.08624938099919213
1,4,exact_value_eb,0.4438105243070338,0.4438105243070338,0.3410240913946273,3.973529060433214,1,1.3014051954278614,0.11169177765083399
1,5,jensen_eb,0.4243450144658722,0.4243450144658722,0.3410240913946273,3.973529060433214,1,1.2443256214846925,0.1067929812547056
1,5,jensen_hoeffding,0.8737563367753777,0.8737563367753777,0.3410240913946273,3.973529060433214,1,2.5621542841801217,0.21989428628467522
1,5,raw_plugin_mean,0.3235597654472022,0.3235597654472022,0.3410240913946273,3.973529060433214,0,0.9487885859441653,0.0814288156764924
1,5,exact_value_eb,0.4238560981803891,0.4238560981803891,0.3410240913946273,3.973529060433214,1,1.2428919506742706,0.10666993791513335
1,6,jensen_eb,0.42454815877986385,0.42454815877986385,0.3410240913946273,3.973529060433214,1,1.244921310525783,0.10684410566097068
1,6,jensen_hoeffding,0.8741140751101105,0.8741140751101105,0.3410240913946273,3.973529060433214,1,2.563203296093825,0.21998431666555127
1,6,raw_plugin_mean,0.32391750378193507,0.32391750378193507,0.3410240913946273,3.973529060433214,0,0.9498375978578687,0.08151884605736845
1,6,exact_value_eb,0.42377035102277905,0.42377035102277905,0.3410240913946273,3.973529060433214,1,1.2426405104981253,0.10664835831767579
1,7,jensen_eb,0.42814367901310035,0.42814367901310035,0.3410240913946273,3.973529060433214,1,1.2554646132541403,0.10774897389738028
1,7,jensen_hoeffding,0.8776828768560954,0.8776828768560954,0.3410240913946273,3.973529060433214,1,2.5736682510223465,0.2208824607817027
1,7,raw_plugin_mean,0.32748630552791985,0.32748630552791985,0.3410240913946273,3.973529060433214,0,0.9603025527863902,0.08241699017351987
1,7,exact_value_eb,0.4272601133703356,0.4272601133703356,0.3410240913946273,3.973529060433214,1,1.2528736947089096,0.10752661094763795
1,8,jensen_eb,0.45549826928990567,0.45549826928990567,0.3410240913946273,3.973529060433214,1,1.3356776860752948,0.11463317931296191
1,8,jensen_hoeffding,0.9024800537128099,0.9024800537128099,0.3410240913946273,3.973529060433214,1,2.646382107557543,0.22712305358461807
1,8,raw_plugin_mean,0.3522834823846345,0.3522834823846345,0.3410240913946273,3.973529060433214,1,1.0330164093215868,0.08865758297643526
1,8,exact_value_eb,0.45482210810410556,0.45482210810410556,0.3410240913946273,3.973529060433214,1,1.3336949487764873,0.11446301290030544
1,9,jensen_eb,0.4663786098663237,0.4663786098663237,0.3410240913946273,3.973529060433214,1,1.3675825891333826,0.11737138517755719
1,9,jensen_hoeffding,0.9128246992491545,0.9128246992491545,0.3410240913946273,3.973529060433214,1,2.6767161683977605,0.22972644351307042
1,9,raw_plugin_mean,0.3626281279209791,0.3626281279209791,0.3410240913946273,3.973529060433214,1,1.0633504701618044,0.09126097290488762
1,9,exact_value_eb,0.46502292066328904,0.46502292066328904,0.3410240913946273,3.973529060433214,1,1.3636072418273006,0.11703020503707853
1,10,jensen_eb,0.4544515625835539,0.4544515625835539,0.3410240913946273,3.973529060433214,1,1.3326083817863479,0.11436975939317966
1,10,jensen_hoeffding,0.9026326015270552,0.9026326015270552,0.3410240913946273,3.973529060433214,1,2.6468294302485043,0.22716144459973966
1,10,raw_plugin_mean,0.3524360301988797,0.3524360301988797,0.3410240913946273,3.973529060433214,1,1.0334637320125477,0.08869597399155685
1,10,exact_value_eb,0.45403433767056,0.45403433767056,0.3410240913946273,3.973529060433214,1,1.3313849347527742,0.11426475829550342
1,11,jensen_eb,0.43972601143914686,0.43972601143914686,0.3410240913946273,3.973529060433214,1,1.289427998007048,0.11066384686040416
1,11,jensen_hoeffding,0.8881042096588853,0.8881042096588853,0.3410240913946273,3.973529060433214,1,2.6042271853198375,0.22350515024597797
1,11,raw_plugin_mean,0.3379076383307098,0.3379076383307098,0.3410240913946273,3.973529060433214,0,0.9908614870838811,0.08503967963779518
1,11,exact_value_eb,0.43907591090884424,0.43907591090884424,0.3410240913946273,3.973529060433214,1,1.2875216795189788,0.11050023901447797
1,12,jensen_eb,0.4614300540044053,0.4614300540044053,0.3410240913946273,3.973529060433214,1,1.353071720292178,0.11612600461366648
1,12,jensen_hoeffding,0.9092421808609046,0.9092421808609046,0.3410240913946273,3.973529060433214,1,2.6662109915535113,0.22882484739189862
1,12,raw_plugin_mean,0.3590456095327291,0.3590456095327291,0.3410240913946273,3.973529060433214,1,1.0528452933175552,0.09035937678371583
1,12,exact_value_eb,0.46082625504884583,0.46082625504884583,0.3410240913946273,3.973529060433214,1,1.3513011739560226,0.11597404927462748
1,13,jensen_eb,0.4543706710248206,0.4543706710248206,0.3410240913946273,3.973529060433214,1,1.332371179897172,0.114349401782224
1,13,jensen_hoeffding,0.9019878340640635,0.9019878340640635,0.3410240913946273,3.973529060433214,1,2.6449387501491746,0.22699917890262622
1,13,raw_plugin_mean,0.35179126273588807,0.35179126273588807,0.3410240913946273,3.973529060433214,1,1.0315730519132185,0.08853370829444343
1,13,exact_value_eb,0.45364061678870404,0.45364061678870404,0.3410240913946273,3.973529060433214,1,1.33023040962745,0.11416567235052406
1,14,jensen_eb,0.41831975370545504,0.41831975370545504,0.3410240913946273,3.973529060433214,1,1.2266574833312363,0.10527663126234887
1,14,jensen_hoeffding,0.8679766723639681,0.8679766723639681,0.3410240913946273,3.973529060433214,1,2.545206319044364,0.21843974440930275
1,14,raw_plugin_mean,0.31778010103579263,0.31778010103579263,0.3410240913946273,3.973529060433214,0,0.9318406208084076,0.07997427380111992
1,14,exact_value_eb,0.41744412578644996,0.41744412578644996,0.3410240913946273,3.973529060433214,1,1.2240898409238503,0.1050562659634703
1,15,jensen_eb,0.45800574164004665,0.45800574164004665,0.3410240913946273,3.973529060433214,1,1.3430304579568548,0.11526422348352287
1,15,jensen_hoeffding,0.9059570436578555,0.9059570436578555,0.3410240913946273,3.973529060433214,1,2.6565778386885204,0.22799809184208747
1,15,raw_plugin_mean,0.35576047232968,0.35576047232968,0.3410240913946273,3.973529060433214,1,1.043212140452564,0.08953262123390465
1,15,exact_value_eb,0.4575276804145356,0.4575276804145356,0.3410240913946273,3.973529060433214,1,1.3416286179180588,0.11514391198756041
1,16,jensen_eb,0.42687576176749736,0.42687576176749736,0.3410240913946273,3.973529060433214,1,1.251746643534119,0.1074298829265281
1,16,jensen_hoeffding,0.8764748876598989,0.8764748876598989,0.3410240913946273,3.973529060433214,1,2.570126010967527,0.2205784516306875
1,16,raw_plugin_mean,0.3262783163317234,0.3262783163317234,0.3410240913946273,3.973529060433214,0,0.9567603127315707,0.08211298102250468
1,16,exact_value_eb,0.4262637250783019,0.4262637250783019,0.3410240913946273,3.973529060433214,1,1.2499519413279125,0.10727585443450324
1,17,jensen_eb,0.4459106571588696,0.4459106571588696,0.3410240913946273,3.973529060433214,1,1.3075635077137977,0.11222030854110683
1,17,jensen_hoeffding,0.8934766418475277,0.8934766418475277,0.3410240913946273,3.973529060433214,1,2.619981005428768,0.22485720583860946
1,17,raw_plugin_mean,0.3432800705193523,0.3432800705193523,0.3410240913946273,3.973529060433214,1,1.0066153071928117,0.08639173523042666
1,17,exact_value_eb,0.4450924327749189,0.4450924327749189,0.3410240913946273,3.973529060433214,1,1.3051641922267172,0.1120143897290115
1,18,jensen_eb,0.4366945929728108,0.4366945929728108,0.3410240913946273,3.973529060433214,1,1.2805388357958418,0.10990094355197699
1,18,jensen_hoeffding,0.885684056290245,0.885684056290245,0.3410240913946273,3.973529060433214,1,2.5971304627430163,0.22289608124664964
1,18,raw_plugin_mean,0.33548748496206954,0.33548748496206954,0.3410240913946273,3.973529060433214,0,0.9837647645070597,0.08443061063846681
1,18,exact_value_eb,0.4362170087436226,0.4362170087436226,0.3410240913946273,3.973529060433214,1,1.2791383944744235,0.10978075209951127
1,19,jensen_eb,0.4373356039750319,0.4373356039750319,0.3410240913946273,3.973529060433214,1,1.2824185006593993,0.11006226387768041
1,19,jensen_hoeffding,0.8863131680796066,0.8863131680796066,0.3410240913946273,3.973529060433214,1,2.598975235019335,0.22305440695153148
1,19,raw_plugin_mean,0.3361165967514312,0.3361165967514312,0.3410240913946273,3.973529060433214,0,0.9856095367833786,0.08458893634334867
1,19,exact_value_eb,0.4365389944116498,0.4365389944116498,0.3410240913946273,3.973529060433214,1,1.2800825672650038,0.10986178476924392
2,0,jensen_eb,0.5596430930554143,0.5596430930554143,0.4300726413907547,3.9205817301993684,1,1.3012757362236735,0.14274491174220602
2,0,jensen_hoeffding,0.9936392308928869,0.9936392308928869,0.4300726413907547,3.9205817301993684,1,2.310398605406959,0.25344178473288925
2,0,raw_plugin_mean,0.45077403656298765,0.45077403656298765,0.4300726413907547,3.9205817301993684,1,1.0481346479173599,0.11497631412470644
2,0,exact_value_eb,0.5592657070583454,0.5592657070583454,0.4300726413907547,3.9205817301993684,1,1.3003982426080638,0.14264865408886804
2,1,jensen_eb,0.5289665630834247,0.5289665630834247,0.4300726413907547,3.9205817301993684,1,1.2299470186545,0.13492042749904
2,1,jensen_hoeffding,0.964868634409844,0.964868634409844,0.4300726413907547,3.9205817301993684,1,2.243501542645642,0.2461034358696506
2,1,raw_plugin_mean,0.42200344007994484,0.42200344007994484,0.4300726413907547,3.9205817301993684,0,0.9812375851560426,0.10763796526146778
2,1,exact_value_eb,0.5284738239799556,0.5284738239799556,0.4300726413907547,3.9205817301993684,1,1.2288013073117006,0.13479474739915237
2,2,jensen_eb,0.5627221424593433,0.5627221424593433,0.4300726413907547,3.9205817301993684,1,1.3084351067755229,0.14353026698176444
2,2,jensen_hoeffding,0.9968031396819114,0.9968031396819114,0.4300726413907547,3.9205817301993684,1,2.3177552900330567,0.2542487845626986
2,2,raw_plugin_mean,0.45393794535201215,0.45393794535201215,0.4300726413907547,3.9205817301993684,1,1.0554913325434574,0.11578331395451578
2,2,exact_value_eb,0.5621695714900725,0.5621695714900725,0.4300726413907547,3.9205817301993684,1,1.3071502750608528,0.1433893259155409
2,3,jensen_eb,0.5309452510998743,0.5309452510998743,0.4300726413907547,3.9205817301993684,1,1.2345478414598081,0.1354251199535317
2,3,jensen_hoeffding,0.9670754228159506,0.9670754228159506,0.4300726413907547,3.9205817301993684,1,2.2486327418750798,0.24666630856507438
2,3,raw_plugin_mean,0.42421022848605144,0.42421022848605144,0.4300726413907547,3.9205817301993684,0,0.9863687843854806,0.10820083795689157
2,3,exact_value_eb,0.5302836854278129,0.5302836854278129,0.4300726413907547,3.9205817301993684,1,1.2330095765054923,0.1352563782418195
2,4,jensen_eb,0.5500241484627133,0.5500241484627133,0.4300726413907547,3.9205817301993684,1,1.2789098759783077,0.14029146343921356
2,4,jensen_hoeffding,0.9849955952106311,0.9849955952106311,0.4300726413907547,3.9205817301993684,1,2.2903005223149857,0.25123710280630784
2,4,raw_plugin_mean,0.44213040088073186,0.44213040088073186,0.4300726413907547,3.9205817301993684,1,1.0280365648253866,0.11277163219812504
2,4,exact_value_eb,0.5492368353506151,0.5492368353506151,0.4300726413907547,3.9205817301993684,1,1.277079224510797,0.14009064805867097
2,5,jensen_eb,0.5729505215567532,0.5729505215567532,0.4300726413907547,3.9205817301993684,1,1.3322180171795275,0.14613916020253903
2,5,jensen_hoeffding,1.0066811823093649,1.0066811823093649,0.4300726413907547,3.9205817301993684,1,2.340723602073344,0.25676831949583495
2,5,raw_plugin_mean,0.46381598797946555,0.46381598797946555,0.4300726413907547,3.9205817301993684,1,1.0784596445837447,0.11830284888765212
2,5,exact_value_eb,0.5725162566972621,0.5725162566972621,0.4300726413907547,3.9205817301993684,1,1.3312082694818206,0.14602839478827767
2,6,jensen_eb,0.5296575028964636,0.5296575028964636,0.4300726413907547,3.9205817301993684,1,1.2315535840263512,0.13509666150220254
2,6,jensen_hoeffding,0.9655925239537793,0.9655925239537793,0.4300726413907547,3.9205817301993684,1,2.2451847223559214,0.2462880741692068
2,6,raw_plugin_mean,0.42272732962388,0.42272732962388,0.4300726413907547,3.9205817301993684,0,0.982920764866322,0.10782260356102398
2,6,exact_value_eb,0.5288893919321784,0.5288893919321784,0.4300726413907547,3.9205817301993684,1,1.2297675811739,0.1349007439019218
2,7,jensen_eb,0.5556442856109346,0.5556442856109346,0.4300726413907547,3.9205817301993684,1,1.2919777547674516,0.14172495916382263
2,7,jensen_hoeffding,0.9910886022011416,0.9910886022011416,0.4300726413907547,3.9205817301993684,1,2.3044679126674787,0.2527912106938128
2,7,raw_plugin_mean,0.4482234078712423,0.4482234078712423,0.4300726413907547,3.9205817301993684,1,1.0422039551778794,0.11432574008562994
2,7,exact_value_eb,0.5551732612037158,0.5551732612037158,0.4300726413907547,3.9205817301993684,1,1.2908825341886776,0.14160481770532668
2,8,jensen_eb,0.5625273532360809,0.5625273532360809,0.4300726413907547,3.9205817301993684,1,1.3079821850955191,0.14348058322647833
2,8,jensen_hoeffding,0.9969344456617091,0.9969344456617091,0.4300726413907547,3.9205817301993684,1,2.318060601199498,0.2542822760159659
2,8,raw_plugin_mean,0.4540692513318099,0.4540692513318099,0.4300726413907547,3.9205817301993684,1,1.0557966437098993,0.11581680540778312
2,8,exact_value_eb,0.5619111905414664,0.5619111905414664,0.4300726413907547,3.9205817301993684,1,1.3065494906264592,0.14332342218839353
2,9,jensen_eb,0.5477735377375578,0.5477735377375578,0.4300726413907547,3.9205817301993684,1,1.2736767815924905,0.13971741323951498
2,9,jensen_hoeffding,0.983145240518622,0.983145240518622,0.4300726413907547,3.9205817301993684,1,2.285998098691792,0.2507651435871552
2,9,raw_plugin_mean,0.44028004618872274,0.44028004618872274,0.4300726413907547,3.9205817301993684,1,1.0237341412021925,0.11229967297897236
2,9,exact_value_eb,0.5473555442044129,0.5473555442044129,0.4300726413907547,3.9205817301993684,1,1.2727048677971997,0.13961079805791446
2,10,jensen_eb,0.48464023532795547,0.48464023532795547,0.4300726413907547,3.9205817301993684,1,1.1268799469799844,0.12361436865220271
2,10,jensen_hoeffding,0.9244437385396772,0.9244437385396772,0.4300726413907547,3.9205817301993684,1,2.1495060358878946,0.23579249258315235
2,10,raw_plugin_mean,0.381578544209778,0.381578544209778,0.4300726413907547,3.9205817301993684,0,0.8872420783982955,0.09732702197496954
2,10,exact_value_eb,0.4840882781599593,0.4840882781599593,0.4300726413907547,3.9205817301993684,1,1.1255965424690364,0.1234735841447036
2,11,jensen_eb,0.5278054620500171,0.5278054620500171,0.4300726413907547,3.9205817301993684,1,1.2272472397760927,0.13462427220543552
2,11,jensen_hoeffding,0.9640030996189838,0.9640030996189838,0.4300726413907547,3.9205817301993684,1,2.241489011022934,0.24588266894004082
2,11,raw_plugin_mean,0.42113790528908457,0.42113790528908457,0.4300726413907547,3.9205817301993684,0,0.9792250535333351,0.107417198331858
2,11,exact_value_eb,0.5278296271018191,0.5278296271018191,0.4300726413907547,3.9205817301993684,1,1.2273034280788966,0.1346304358447791
2,12,jensen_eb,0.5275288614412285,0.5275288614412285,0.4300726413907547,3.9205817301993684,1,1.2266040911956713,0.1345537212954371
2,12,jensen_hoeffding,0.9637292493417062,0.9637292493417062,0.4300726413907547,3.9205817301993684,1,2.24085225748197,0.2458128195411192
2,12,raw_plugin_mean,0.42086405501180696,0.42086405501180696,0.4300726413907547,3.9205817301993684,0,0.9785882999923704,0.10734734893293636
2,12,exact_value_eb,0.5268244793448561,0.5268244793448561,0.4300726413907547,3.9205817301993684,1,1.2249662699799468,0.13437405864717586
2,13,jensen_eb,0.5533630049178133,0.5533630049178133,0.4300726413907547,3.9205817301993684,1,1.2866733469219673,0.1411430861536137
2,13,jensen_hoeffding,0.9881845725908858,0.9881845725908858,0.4300726413907547,3.9205817301993684,1,2.297715496143459,0.25205049673601243
2,13,raw_plugin_mean,0.44531937826098655,0.44531937826098655,0.4300726413907547,3.9205817301993684,1,1.0354515386538596,0.11358502612782957
2,13,exact_value_eb,0.5526940057952109,0.5526940057952109,0.4300726413907547,3.9205817301993684,1,1.2851177977932455,0.1409724484348667
2,14,jensen_eb,0.5632672397274243,0.5632672397274243,0.4300726413907547,3.9205817301993684,1,1.3097025607254378,0.14366930177445406
2,14,jensen_hoeffding,0.9974255371431279,0.9974255371431279,0.4300726413907547,3.9205817301993684,1,2.3192024815103007,0.2544075358664713
2,14,raw_plugin_mean,0.45456034281322866,0.45456034281322866,0.4300726413907547,3.9205817301993684,1,1.0569385240207014,0.11594206525828846
2,14,exact_value_eb,0.5626563758942962,0.5626563758942962,0.4300726413907547,3.9205817301993684,1,1.308282187108663,0.14351349228617769
2,15,jensen_eb,0.5481249769006238,0.5481249769006238,0.4300726413907547,3.9205817301993684,1,1.274493943925648,0.13980705278467712
2,15,jensen_hoeffding,0.9831501915262422,0.9831501915262422,0.4300726413907547,3.9205817301993684,1,2.286009610718235,0.2507664064118993
2,15,raw_plugin_mean,0.4402849971963429,0.4402849971963429,0.4300726413907547,3.9205817301993684,1,1.0237456532286355,0.11230093580371646
2,15,exact_value_eb,0.5474666354939121,0.5474666354939121,0.4300726413907547,3.9205817301993684,1,1.2729631759963447,0.1396391334675919
2,16,jensen_eb,0.5355743075850801,0.5355743075850801,0.4300726413907547,3.9205817301993684,1,1.2453112707963883,0.1366058264924489
2,16,jensen_hoeffding,0.9717746539842207,0.9717746539842207,0.4300726413907547,3.9205817301993684,1,2.259559340584251,0.2478649141526261
2,16,raw_plugin_mean,0.4289094596543215,0.4289094596543215,0.4300726413907547,3.9205817301993684,0,0.9972953830946517,0.10939944354444325
2,16,exact_value_eb,0.5346364409566506,0.5346364409566506,0.4300726413907547,3.9205817301993684,1,1.2431305540100412,0.13636661030134
2,17,jensen_eb,0.5526844288730931,0.5526844288730931,0.4300726413907547,3.9205817301993684,1,1.2850955296431794,0.14097000570499219
2,17,jensen_hoeffding,0.987553452618068,0.987553452618068,0.4300726413907547,3.9205817301993684,1,2.296248023181736,0.25188952063189085
2,17,raw_plugin_mean,0.4446882582881689,0.4446882582881689,0.4300726413907547,3.9205817301993684,1,1.0339840656921369,0.11342405002370802
2,17,exact_value_eb,0.551796862610202,0.551796862610202,0.4300726413907547,3.9205817301993684,1,1.283031770693015,0.14074361933583315
2,18,jensen_eb,0.5261239148854573,0.5261239148854573,0.4300726413907547,3.9205817301993684,1,1.2233373254901665,0.1341953697413937
2,18,jensen_hoeffding,0.9623382410067802,0.9623382410067802,0.4300726413907547,3.9205817301993684,1,2.2376179007685835,0.24545802312807383
2,18,raw_plugin_mean,0.41947304667688096,0.41947304667688096,0.4300726413907547,3.9205817301993684,0,0.975353943278984,0.10699255251989098
2,18,exact_value_eb,0.5253426538674423,0.5253426538674423,0.4300726413907547,3.9205817301993684,1,1.2215207462827828,0.1339960980333211
2,19,jensen_eb,0.5328596754609423,0.5328596754609423,0.4300726413907547,3.9205817301993684,1,1.2389992391466667,0.1359134210508718
2,19,jensen_hoeffding,0.9688106186509933,0.9688106186509933,0.4300726413907547,3.9205817301993684,1,2.252667399437652,0.24710889488375173
2,19,raw_plugin_mean,0.4259454243210941,0.4259454243210941,0.4300726413907547,3.9205817301993684,0,0.990403441948053,0.10864342427556893
2,19,exact_value_eb,0.5319746289353716,0.5319746289353716,0.4300726413907547,3.9205817301993684,1,1.2369413390609774,0.13568767737646928
3,0,jensen_eb,0.41920203886691415,0.41920203886691415,0.31942237263432055,3.994253428199673,1,1.312375321145156,0.10495128724364913
3,0,jensen_hoeffding,0.8714805353242314,0.8714805353242314,0.31942237263432055,3.994253428199673,1,2.728301490396589,0.2181835857413367
3,0,raw_plugin_mean,0.3184143546602161,0.3184143546602161,0.31942237263432055,3.994253428199673,0,0.9968442474276578,0.07971811513315388
3,0,exact_value_eb,0.4182868578276464,0.4182868578276464,0.31942237263432055,3.994253428199673,1,1.3095102086243264,0.10472216281383541
3,1,jensen_eb,0.4011681988681268,0.4011681988681268,0.31942237263432055,3.994253428199673,1,1.255917660242885,0.10043634087808621
3,1,jensen_hoeffding,0.8542215932386972,0.8542215932386972,0.31942237263432055,3.994253428199673,1,2.674269764493368,0.21386264256740461
3,1,raw_plugin_mean,0.30115541257468187,0.30115541257468187,0.31942237263432055,3.994253428199673,0,0.9428125215244363,0.07539717195922178
3,1,exact_value_eb,0.4005946401424791,0.4005946401424791,0.31942237263432055,3.994253428199673,1,1.2541220479915656,0.10029274490052546
3,2,jensen_eb,0.4383899873339295,0.4383899873339295,0.31942237263432055,3.994253428199673,1,1.3724460929848668,0.10975517583307794
3,2,jensen_hoeffding,0.8890243415454974,0.8890243415454974,0.31942237263432055,3.994253428199673,1,2.783225026517681,0.2225758474084121
3,2,raw_plugin_mean,0.3359581608814821,0.3359581608814821,0.31942237263432055,3.994253428199673,1,1.0517677835487496,0.0841103768002293
3,2,exact_value_eb,0.4372713806197797,0.4372713806197797,0.31942237263432055,3.994253428199673,1,1.3689441256526338,0.10947512181691253
3,3,jensen_eb,0.3926549501675696,0.3926549501675696,0.31942237263432055,3.994253428199673,1,1.229265648893939,0.09830496667923014
3,3,jensen_hoeffding,0.8472693714200215,0.8472693714200215,0.31942237263432055,3.994253428199673,1,2.6525047836583067,0.21212208655521153
3,3,raw_plugin_mean,0.2942031907560062,0.2942031907560062,0.31942237263432055,3.994253428199673,0,0.9210475406893754,0.07365661594702873
3,3,exact_value_eb,0.3911595661352033,0.3911595661352033,0.31942237263432055,3.994253428199673,1,1.224584123238633,0.09793058281519967
3,4,jensen_eb,0.41947141567462815,0.41947141567462815,0.31942237263432055,3.994253428199673,1,1.313218645942641,0.10501872833434513
3,4,jensen_hoeffding,0.8710393433259447,0.8710393433259447,0.31942237263432055,3.994253428199673,1,2.7269202721849526,0.21807312905494522
3,4,raw_plugin_mean,0.31797316266192943,0.31797316266192943,0.31942237263432055,3.994253428199673,0,0.9954630292160211,0.07960765844676242
3,4,exact_value_eb,0.4189102642603681,0.4189102642603681,0.31942237263432055,3.994253428199673,1,1.3114618766542778,0.1048782386472616
3,5,jensen_eb,0.4139813808594925,0.4139813808594925,0.31942237263432055,3.994253428199673,1,1.2960312624483086,0.10364424498875276
3,5,jensen_hoeffding,0.8665950035920946,0.8665950035920946,0.31942237263432055,3.994253428199673,1,2.713006595139738,0.2169604455926309
3,5,raw_plugin_mean,0.3135288229280794,0.3135288229280794,0.31942237263432055,3.994253428199673,0,0.9815493521708067,0.07849497498444809
3,5,exact_value_eb,0.41372713654002935,0.41372713654002935,0.31942237263432055,3.994253428199673,1,1.295235312191705,0.1035805924629345
3,6,jensen_eb,0.4476970508109741,0.4476970508109741,0.31942237263432055,3.994253428199673,1,1.4015832614314223,0.11208528924334285
3,6,jensen_hoeffding,0.8971501380589155,0.8971501380589155,0.31942237263432055,3.994253428199673,1,2.8086640602534945,0.2246102192026627
3,6,raw_plugin_mean,0.3440839573949002,0.3440839573949002,0.31942237263432055,3.994253428199673,1,1.0772068172845632,0.08614474859447988
3,6,exact_value_eb,0.44691246028100234,0.44691246028100234,0.31942237263432055,3.994253428199673,1,1.3991269822312489,0.11188885941131654
3,7,jensen_eb,0.4184965379370504,0.4184965379370504,0.31942237263432055,3.994253428199673,1,1.3101666438880015,0.10477465825839674
3,7,jensen_hoeffding,0.8704853531981755,0.8704853531981755,0.31942237263432055,3.994253428199673,1,2.725185922385969,0.21793443226523782
3,7,raw_plugin_mean,0.31741917253416024,0.31741917253416024,0.31942237263432055,3.994253428199673,0,0.9937286794170376,0.07946896165705498
3,7,exact_value_eb,0.41753464354291137,0.41753464354291137,0.31942237263432055,3.994253428199673,1,1.3071552881516888,0.10453383868812412
3,8,jensen_eb,0.42371211564528993,0.42371211564528993,0.31942237263432055,3.994253428199673,1,1.326494797940662,0.10608042861122845
3,8,jensen_hoeffding,0.8750776142572749,0.8750776142572749,0.31942237263432055,3.994253428199673,1,2.7395626894897456,0.21908414926283182
3,8,raw_plugin_mean,0.3220114335932596,0.3220114335932596,0.31942237263432055,3.994253428199673,1,1.0081054465208141,0.08061867865464901
3,8,exact_value_eb,0.4230734046357342,0.4230734046357342,0.31942237263432055,3.994253428199673,1,1.324495216620518,0.10592052112888234
3,9,jensen_eb,0.44146863965797895,0.44146863965797895,0.31942237263432055,3.994253428199673,1,1.3820842792479622,0.11052594623595573
3,9,jensen_hoeffding,0.8919222731544769,0.8919222731544769,0.31942237263432055,3.994253428199673,1,2.792297439276624,0.22330137263135363
3,9,raw_plugin_mean,0.3388560924904617,0.3388560924904617,0.31942237263432055,3.994253428199673,1,1.0608401963076932,0.08483590202317084
3,9,exact_value_eb,0.4405686850633152,0.4405686850633152,0.31942237263432055,3.994253428199673,1,1.3792668354125737,0.11030063389390202
3,10,jensen_eb,0.4078366819233771,0.4078366819233771,0.31942237263432055,3.994253428199673,1,1.2767943540081161,0.10210586014498359
3,10,jensen_hoeffding,0.8606482826287325,0.8606482826287325,0.31942237263432055,3.994253428199673,1,2.6943894866563256,0.21547162645026555
3,10,raw_plugin_mean,0.3075821019647172,0.3075821019647172,0.31942237263432055,3.994253428199673,0,0.9629322436873942,0.07700615584208272
3,10,exact_value_eb,0.40687777080983845,0.40687777080983845,0.31942237263432055,3.994253428199673,1,1.2737923378824756,0.10186578746787986
3,11,jensen_eb,0.43263876804310863,0.43263876804310863,0.31942237263432055,3.994253428199673,1,1.3544410320262692,0.108315302426394
3,11,jensen_hoeffding,0.8835541494936341,0.8835541494936341,0.31942237263432055,3.994253428199673,1,2.7660997637918743,0.22120633189063263
3,11,raw_plugin_mean,0.3304879688296189,0.3304879688296189,0.31942237263432055,3.994253428199673,1,1.034642520822943,0.08274086128244984
3,11,exact_value_eb,0.4319936157528778,0.4319936157528778,0.31942237263432055,3.994253428199673,1,1.3524212853037394,0.10815378230709562
3,12,jensen_eb,0.39545435576350435,0.39545435576350435,0.31942237263432055,3.994253428199673,1,1.2380296110824596,0.0990058249613238
3,12,jensen_hoeffding,0.849288151297046,0.849288151297046,0.31942237263432055,3.994253428199673,1,2.6588248790867373,0.2126275076340975
3,12,raw_plugin_mean,0.29622197063303085,0.29622197063303085,0.31942237263432055,3.994253428199673,0,0.9273676361178061,0.07416203702591469
3,12,exact_value_eb,0.3946974544770595,0.3946974544770595,0.31942237263432055,3.994253428199673,1,1.2356600172427965,0.09881632739937615
3,13,jensen_eb,0.4225201857951626,0.4225201857951626,0.31942237263432055,3.994253428199673,1,1.3227632814526424,0.10578201743838893
3,13,jensen_hoeffding,0.8741941123109837,0.8741941123109837,0.31942237263432055,3.994253428199673,1,2.736796753155966,0.2188629560005181
3,13,raw_plugin_mean,0.3211279316469684,0.3211279316469684,0.31942237263432055,3.994253428199673,1,1.005339510187035,0.0803974853923353
3,13,exact_value_eb,0.42186277998525024,0.42186277998525024,0.31942237263432055,3.994253428199673,1,1.3207051732353292,0.10561742953185525
3,14,jensen_eb,0.40118760382607793,0.40118760382607793,0.31942237263432055,3.994253428199673,1,1.2559784103957032,0.10044119909710009
3,14,jensen_hoeffding,0.8543877699098603,0.8543877699098603,0.31942237263432055,3.994253428199673,1,2.6747900056705673,0.21390424650519932
3,14,raw_plugin_mean,0.3013215892458451,0.3013215892458451,0.31942237263432055,3.994253428199673,0,0.9433327627016362,0.07543877589701653
3,14,exact_value_eb,0.3998014598737383,0.3998014598737383,0.31942237263432055,3.994253428199673,1,1.2516388773163265,0.10009416454427142
3,15,jensen_eb,0.4177436662807867,0.4177436662807867,0.31942237263432055,3.994253428199673,1,1.3078096654144693,0.10458616955336156
3,15,jensen_hoeffding,0.8704393744206091,0.8704393744206091,0.31942237263432055,3.994253428199673,1,2.725041978875728,0.217922921033316
3,15,raw_plugin_mean,0.31737319375659384,0.31737319375659384,0.31942237263432055,3.994253428199673,0,0.9935847359067969,0.07945745042513319
3,15,exact_value_eb,0.4169619495511369,0.4169619495511369,0.31942237263432055,3.994253428199673,1,1.3053623830804146,0.10439045920505696
3,16,jensen_eb,0.40097399121777055,0.40097399121777055,0.31942237263432055,3.994253428199673,1,1.255309663850038,0.10038771911338167
3,16,jensen_hoeffding,0.8542124990915425,0.8542124990915425,0.31942237263432055,3.994253428199673,1,2.6742412938916384,0.21386036575965614
3,16,raw_plugin_mean,0.30114631842752726,0.30114631842752726,0.31942237263432055,3.994253428199673,0,0.9427840509227073,0.07539489515147332
3,16,exact_value_eb,0.400249137336112,0.400249137336112,0.31942237263432055,3.994253428199673,1,1.2530403992531955,0.10020624492935992
3,17,jensen_eb,0.43539489947617527,0.43539489947617527,0.31942237263432055,3.994253428199673,1,1.3630695179095103,0.10900532660302942
3,17,jensen_hoeffding,0.8863731428749024,0.8863731428749024,0.31942237263432055,3.994253428199673,1,2.774925048501958,0.22191209416434468
3,17,raw_plugin_mean,0.33330696221088724,0.33330696221088724,0.31942237263432055,3.994253428199673,1,1.0434678055330269,0.08344662355616189
3,17,exact_value_eb,0.43479370587637756,0.43479370587637756,0.31942237263432055,3.994253428199673,1,1.3611873905092295,0.10885481196728966
3,18,jensen_eb,0.44352171188641143,0.44352171188641143,0.31942237263432055,3.994253428199673,1,1.3885117320638076,0.11103995273687971
3,18,jensen_hoeffding,0.8942821501116747,0.8942821501116747,0.31942237263432055,3.994253428199673,1,2.7996853906519004,0.2238921906652162
3,18,raw_plugin_mean,0.34121596944765936,0.34121596944765936,0.31942237263432055,3.994253428199673,1,1.0682281476829691,0.08542672005703338
3,18,exact_value_eb,0.44288425623744154,0.44288425623744154,0.31942237263432055,3.994253428199673,1,1.3865160808396535,0.11088035954620497
3,19,jensen_eb,0.42988001903284434,0.42988001903284434,0.31942237263432055,3.994253428199673,1,1.3458043514221132,0.10762462291397565
3,19,jensen_hoeffding,0.8813989613464281,0.8813989613464281,0.31942237263432055,3.994253428199673,1,2.759352621663313,0.22066675968122043
3,19,raw_plugin_mean,0.32833278068241284,0.32833278068241284,0.31942237263432055,3.994253428199673,1,1.0278953786943816,0.08220128907303761
3,19,exact_value_eb,0.42937669813518764,0.42937669813518764,0.31942237263432055,3.994253428199673,1,1.3442286293037602,0.10749861165637661
4,0,jensen_eb,0.4318575865771226,0.4318575865771226,0.32268450717962804,3.9268844404569703,1,1.3383276140267912,0.10997461043871906
4,0,jensen_hoeffding,0.8746975571555652,0.8746975571555652,0.32268450717962804,3.9268844404569703,1,2.710689660314709,0.2227459377576634
4,0,raw_plugin_mean,0.33095965508374015,0.33095965508374015,0.32268450717962804,3.9268844404569703,1,1.0256447016202908,0.08428046714948059
4,0,exact_value_eb,0.43110948081193023,0.43110948081193023,0.32268450717962804,3.9268844404569703,1,1.3360092326091921,0.10978410170933428
4,1,jensen_eb,0.4423138378638759,0.4423138378638759,0.32268450717962804,3.9268844404569703,1,1.370731559844161,0.11263734509396563
4,1,jensen_hoeffding,0.8841767669599551,0.8841767669599551,0.32268450717962804,3.9268844404569703,1,2.7400657524216445,0.22515986410261252
4,1,raw_plugin_mean,0.34043886488813,0.34043886488813,0.32268450717962804,3.9268844404569703,1,1.0550207937272262,0.08669439349442971
4,1,exact_value_eb,0.44200711453918307,0.44200711453918307,0.32268450717962804,3.9268844404569703,1,1.369781023583918,0.11255923652485858
4,2,jensen_eb,0.4411638970530825,0.4411638970530825,0.32268450717962804,3.9268844404569703,1,1.3671678907332878,0.11234450713852542
4,2,jensen_hoeffding,0.8839606094413329,0.8839606094413329,0.32268450717962804,3.9268844404569703,1,2.7393958797943174,0.22510481855138745
4,2,raw_plugin_mean,0.3402227073695079,0.3402227073695079,0.32268450717962804,3.9268844404569703,1,1.0543509210998994,0.08663934794320463
4,2,exact_value_eb,0.44069827103553516,0.44069827103553516,0.32268450717962804,3.9268844404569703,1,1.3657249146771484,0.11222593323480923
4,3,jensen_eb,0.43347174385712856,0.43347174385712856,0.32268450717962804,3.9268844404569703,1,1.3433298910004032,0.11038566334961607
4,3,jensen_hoeffding,0.8768557785967614,0.8768557785967614,0.32268450717962804,3.9268844404569703,1,2.7173779933247437,0.2232955392226215
4,3,raw_plugin_mean,0.3331178765249364,0.3331178765249364,0.32268450717962804,3.9268844404569703,1,1.0323330346303252,0.08483006861443868
4,3,exact_value_eb,0.4327448961710062,0.4327448961710062,0.32268450717962804,3.9268844404569703,1,1.3410773884167644,0.11020056809225784
4,4,jensen_eb,0.40757080189248746,0.40757080189248746,0.32268450717962804,3.9268844404569703,1,1.2630628146817287,0.1037898639678479
4,4,jensen_hoeffding,0.8522999590105862,0.8522999590105862,0.32268450717962804,3.9268844404569703,1,2.6412794542259768,0.2170422817207741
4,4,raw_plugin_mean,0.3085620569387612,0.3085620569387612,0.32268450717962804,3.9268844404569703,0,0.9562344955315586,0.07857681111259132
4,4,exact_value_eb,0.4067739718619759,0.4067739718619759,0.32268450717962804,3.9268844404569703,1,1.260593436658358,0.10358694737007329
4,5,jensen_eb,0.4291705902413316,0.4291705902413316,0.32268450717962804,3.9268844404569703,1,1.330000606451261,0.10929035390493669
4,5,jensen_hoeffding,0.8725724899941611,0.8725724899941611,0.32268450717962804,3.9268844404569703,1,2.7041040724909307,0.222204779189433
4,5,raw_plugin_mean,0.32883458792233605,0.32883458792233605,0.32268450717962804,3.9268844404569703,1,1.0190591137965122,0.08373930858125014
4,5,exact_value_eb,0.4285706594958355,0.4285706594958355,0.32268450717962804,3.9268844404569703,1,1.3281414197467623,0.10913757865662145
4,6,jensen_eb,0.42953887862800433,0.42953887862800433,0.32268450717962804,3.9268844404569703,1,1.33114193297447,0.10938414031303122
4,6,jensen_hoeffding,0.8732440426674699,0.8732440426674699,0.32268450717962804,3.9268844404569703,1,2.7061852157078095,0.22237579330596516
4,6,raw_plugin_mean,0.32950614059564487,0.32950614059564487,0.32268450717962804,3.9268844404569703,1,1.0211402570133912,0.08391032269778236
4,6,exact_value_eb,0.4290391566481407,0.4290391566481407,0.32268450717962804,3.9268844404569703,1,1.3295932934558536,0.10925688370860578
4,7,jensen_eb,0.42806331757017163,0.42806331757017163,0.32268450717962804,3.9268844404569703,1,1.3265691659992918,0.10900838159636754
4,7,jensen_hoeffding,0.8717935993622864,0.8717935993622864,0.32268450717962804,3.9268844404569703,1,2.7016902887035323,0.22200643094575914
4,7,raw_plugin_mean,0.32805569729046136,0.32805569729046136,0.32268450717962804,3.9268844404569703,1,1.0166453300091143,0.08354096033757633
4,7,exact_value_eb,0.4276108940707491,0.4276108940707491,0.32268450717962804,3.9268844404569703,1,1.3251671045759625,0.1088931697773587
4,8,jensen_eb,0.44941459589878663,0.44941459589878663,0.32268450717962804,3.9268844404569703,1,1.3927368246676064,0.11444558726217276
4,8,jensen_hoeffding,0.8913273372070323,0.8913273372070323,0.32268450717962804,3.9268844404569703,1,2.762225385400543,0.2269807911901041
4,8,raw_plugin_mean,0.3475894351352073,0.3475894351352073,0.32268450717962804,3.9268844404569703,1,1.0771804267061247,0.08851532058192128
4,8,exact_value_eb,0.44869819368847497,0.44869819368847497,0.32268450717962804,3.9268844404569703,1,1.3905166926365609,0.11426315199544301
4,9,jensen_eb,0.4321086540468876,0.4321086540468876,0.32268450717962804,3.9268844404569703,1,1.3391056726697654,0.11003854597682107
4,9,jensen_hoeffding,0.8753837016187409,0.8753837016187409,0.32268450717962804,3.9268844404569703,1,2.712816023520593,0.22292066774363056
4,9,raw_plugin_mean,0.3316457995469159,0.3316457995469159,0.32268450717962804,3.9268844404569703,1,1.0277710648261753,0.08445519713544776
4,9,exact_value_eb,0.4313568097375664,0.4313568097375664,0.32268450717962804,3.9268844404569703,1,1.3367757054956593,0.10984708520920201
4,10,jensen_eb,0.4292602680435366,0.4292602680435366,0.32268450717962804,3.9268844404569703,1,1.330278518158237,0.10931319078836547
4,10,jensen_hoeffding,0.8717175672821178,0.8717175672821178,0.32268450717962804,3.9268844404569703,1,2.7014546651192672,0.22198706901104437
4,10,raw_plugin_mean,0.32797966521029276,0.32797966521029276,0.32268450717962804,3.9268844404569703,1,1.0164097064248487,0.08352159840286155
4,10,exact_value_eb,0.4289439639006007,0.4289439639006007,0.32268450717962804,3.9268844404569703,1,1.3292982909211115,0.10923264241783612
4,11,jensen_eb,0.41541172104881674,0.41541172104881674,0.32268450717962804,3.9268844404569703,1,1.2873618404541822,0.10578659172371148
4,11,jensen_hoeffding,0.8603800399002869,0.8603800399002869,0.32268450717962804,3.9268844404569703,1,2.6663196427380416,0.21909991316173408
4,11,raw_plugin_mean,0.31664213782846184,0.31664213782846184,0.32268450717962804,3.9268844404569703,0,0.9812746840436234,0.08063444255355126
4,11,exact_value_eb,0.41501880164540716,0.41501880164540716,0.32268450717962804,3.9268844404569703,1,1.2861441823557387,0.10568653290879922
4,12,jensen_eb,0.4481223439958957,0.4481223439958957,0.32268450717962804,3.9268844404569703,1,1.3887321331682045,0.11411650910301496
4,12,jensen_hoeffding,0.8890480661595378,0.8890480661595378,0.32268450717962804,3.9268844404569703,1,2.755161919393401,0.226400363860995
4,12,raw_plugin_mean,0.34531016408771276,0.34531016408771276,0.32268450717962804,3.9268844404569703,1,1.070116960698983,0.08793489325281217
4,12,exact_value_eb,0.44751921299786995,0.44751921299786995,0.32268450717962804,3.9268844404569703,1,1.3868630288740527,0.11396291889500886
4,13,jensen_eb,0.43748467039677186,0.43748467039677186,0.32268450717962804,3.9268844404569703,1,1.3557659592043514,0.11140757438379366
4,13,jensen_hoeffding,0.880179809321322,0.880179809321322,0.32268450717962804,3.9268844404569703,1,2.7276791718771745,0.22414201962584257
4,13,raw_plugin_mean,0.33644190724949696,0.33644190724949696,0.32268450717962804,3.9268844404569703,1,1.0426342131827564,0.08567654901765974
4,13,exact_value_eb,0.4369708952340262,0.4369708952340262,0.32268450717962804,3.9268844404569703,1,1.3541737688409645,0.11127673906879115
4,14,jensen_eb,0.4659031907405229,0.4659031907405229,0.32268450717962804,3.9268844404569703,1,1.4438350164768512,0.11864448720225286
4,14,jensen_hoeffding,0.9067646688220625,0.9067646688220625,0.32268450717962804,3.9268844404569703,1,2.8100657101498085,0.23091198189589265
4,14,raw_plugin_mean,0.36302676675023754,0.36302676675023754,0.32268450717962804,3.9268844404569703,1,1.1250207514553907,0.09244651128770986
4,14,exact_value_eb,0.4653529464220794,0.4653529464220794,0.32268450717962804,3.9268844404569703,1,1.4421298081194598,0.11850436484143813
4,15,jensen_eb,0.435419235357667,0.435419235357667,0.32268450717962804,3.9268844404569703,1,1.3493651714592023,0.11088160142216903
4,15,jensen_hoeffding,0.8783003949791361,0.8783003949791361,0.32268450717962804,3.9268844404569703,1,2.7218548626823744,0.2236634177289232
4,15,raw_plugin_mean,0.33456249290731105,0.33456249290731105,0.32268450717962804,3.9268844404569703,1,1.036809903987956,0.08519794712074036
4,15,exact_value_eb,0.43490963173317,0.43490963173317,0.32268450717962804,3.9268844404569703,1,1.3477859087020556,0.11075182840943486
4,16,jensen_eb,0.4098048497404158,0.4098048497404158,0.32268450717962804,3.9268844404569703,1,1.269986133893595,0.10435877499179144
4,16,jensen_hoeffding,0.8543540959965761,0.8543540959965761,0.32268450717962804,3.9268844404569703,1,2.6476452292795845,0.21756537757886127
4,16,raw_plugin_mean,0.310616193924751,0.310616193924751,0.32268450717962804,3.9268844404569703,0,0.9626002705851663,0.07909990697067844
4,16,exact_value_eb,0.40914264965358665,0.40914264965358665,0.32268450717962804,3.9268844404569703,1,1.2679339743628602,0.10419014255636584
4,17,jensen_eb,0.4447749763760009,0.4447749763760009,0.32268450717962804,3.9268844404569703,1,1.378358633525622,0.1132640858472124
4,17,jensen_hoeffding,0.8873952486805332,0.8873952486805332,0.32268450717962804,3.9268844404569703,1,2.7500398343777595,0.2259794659445765
4,17,raw_plugin_mean,0.3436573466087081,0.3436573466087081,0.32268450717962804,3.9268844404569703,1,1.064994875683341,0.08751399533639366
4,17,exact_value_eb,0.4439823904225639,0.4439823904225639,0.32268450717962804,3.9268844404569703,1,1.3759024079064732,0.11306225002406686
4,18,jensen_eb,0.44348283479552075,0.44348283479552075,0.32268450717962804,3.9268844404569703,1,1.3743542839156149,0.11293503578218686
4,18,jensen_hoeffding,0.8854017570693218,0.8854017570693218,0.32268450717962804,3.9268844404569703,1,2.74386199947445,0.22547181372270986
4,18,raw_plugin_mean,0.34166385499749674,0.34166385499749674,0.32268450717962804,3.9268844404569703,1,1.058817040780032,0.08700634311452705
4,18,exact_value_eb,0.44332545343588237,0.44332545343588237,0.32268450717962804,3.9268844404569703,1,1.373866558734713,0.11289495786239452
4,19,jensen_eb,0.4441971504427345,0.4441971504427345,0.32268450717962804,3.9268844404569703,1,1.3765679496830143,0.11311693969559324
4,19,jensen_hoeffding,0.8861071848887332,0.8861071848887332,0.32268450717962804,3.9268844404569703,1,2.7460481218438724,0.225651454308041
4,19,raw_plugin_mean,0.3423692828169081,0.3423692828169081,0.32268450717962804,3.9268844404569703,1,1.061003163149454,0.08718598369985818
4,19,exact_value_eb,0.44357069372745744,0.44357069372745744,0.32268450717962804,3.9268844404569703,1,1.3746265589396145,0.11295740948155818
5,0,jensen_eb,0.3597635373066487,0.3597635373066487,0.25663538767738164,3.9864601991172934,1,1.4018469571270125,0.09024636377563978
5,0,jensen_hoeffding,0.8156191872174627,0.8156191872174627,0.25663538767738164,3.9864601991172934,1,3.178124398973317,0.2045973486448108
5,0,raw_plugin_mean,0.2636320996858965,0.2636320996858965,0.25663538767738164,3.9864601991172934,1,1.0272632393834575,0.06613187803662797
5,0,exact_value_eb,0.3595044567076935,0.3595044567076935,0.25663538767738164,3.9864601991172934,1,1.4008374291686903,0.09018137363751862
5,1,jensen_eb,0.35122841845564723,0.35122841845564723,0.25663538767738164,3.9864601991172934,1,1.3685891943210078,0.08810533679313251
5,1,jensen_hoeffding,0.8075270950749487,0.8075270950749487,0.25663538767738164,3.9864601991172934,1,3.146592924628529,0.20256745451861186
5,1,raw_plugin_mean,0.25554000754338246,0.25554000754338246,0.25663538767738164,3.9864601991172934,0,0.9957317650386696,0.06410198391042904
5,1,exact_value_eb,0.35106099107067457,0.35106099107067457,0.25663538767738164,3.9864601991172934,1,1.3679368003293297,0.08806333778232846
5,2,jensen_eb,0.3613597211675772,0.3613597211675772,0.25663538767738164,3.9864601991172934,1,1.408066613252282,0.09064676507935328
5,2,jensen_hoeffding,0.81725259561034,0.81725259561034,0.25663538767738164,3.9864601991172934,1,3.184489103419029,0.20500708768929918
5,2,raw_plugin_mean,0.26526550807877375,0.26526550807877375,0.25663538767738164,3.9864601991172934,1,1.0336279438291693,0.06654161708111635
5,2,exact_value_eb,0.36098242053800667,0.36098242053800667,0.25663538767738164,3.9864601991172934,1,1.4065964316339743,0.09055211955156046
5,3,jensen_eb,0.3325021243996745,0.3325021243996745,0.25663538767738164,3.9864601991172934,1,1.2956207146991963,0.08340786256270644
5,3,jensen_hoeffding,0.7903713579420546,0.7903713579420546,0.25663538767738164,3.9864601991172934,1,3.079744243750346,0.19826395309730258
5,3,raw_plugin_mean,0.23838427041048843,0.23838427041048843,0.25663538767738164,3.9864601991172934,0,0.9288830841604867,0.05979848248911978
5,3,exact_value_eb,0.33210778839598687,0.33210778839598687,0.25663538767738164,3.9864601991172934,1,1.2940841534039809,0.0833089437264479
5,4,jensen_eb,0.3743197222134871,0.3743197222134871,0.25663538767738164,3.9864601991172934,1,1.4585662780226059,0.09389776983007914
5,4,jensen_hoeffding,0.8296044426553657,0.8296044426553657,0.25663538767738164,3.9864601991172934,1,3.232619048228329,0.20810553754909225
5,4,raw_plugin_mean,0.27761735512379954,0.27761735512379954,0.25663538767738164,3.9864601991172934,1,1.0817578886384698,0.06964006694090945
5,4,exact_value_eb,0.37391512374109326,0.37391512374109326,0.25663538767738164,3.9864601991172934,1,1.4569897282098325,0.09379627666266124
5,5,jensen_eb,0.3875567453488862,0.3875567453488862,0.25663538767738164,3.9864601991172934,1,1.5101453811821415,0.09721826532589022
5,5,jensen_hoeffding,0.8415577273750131,0.8415577273750131,0.25663538767738164,3.9864601991172934,1,3.2791959635470924,0.2111040084035847
5,5,raw_plugin_mean,0.2895706398434469,0.2895706398434469,0.25663538767738164,3.9864601991172934,1,1.128334803957233,0.0726385377954019
5,5,exact_value_eb,0.3872502913483322,0.3872502913483322,0.25663538767738164,3.9864601991172934,1,1.5089512590334877,0.09714139161205712
5,6,jensen_eb,0.33442493874415813,0.33442493874415813,0.25663538767738164,3.9864601991172934,1,1.3031131122281794,0.08389019883309222
5,6,jensen_hoeffding,0.7938633029013661,0.7938633029013661,0.25663538767738164,3.9864601991172934,1,3.093350882300526,0.1991399043886474
5,6,raw_plugin_mean,0.24187621536979986,0.24187621536979986,0.25663538767738164,3.9864601991172934,0,0.9424897227106667,0.06067443378046458
5,6,exact_value_eb,0.33379997553845475,0.33379997553845475,0.25663538767738164,3.9864601991172934,1,1.3006778938767296,0.08373342736806122
5,7,jensen_eb,0.36639028118643036,0.36639028118643036,0.25663538767738164,3.9864601991172934,1,1.4276685865591632,0.09190867659171882
5,7,jensen_hoeffding,0.8221267447634204,0.8221267447634204,0.25663538767738164,3.9864601991172934,1,3.2034816094689265,0.2062297636749166
5,7,raw_plugin_mean,0.2701396572318542,0.2701396572318542,0.25663538767738164,3.9864601991172934,1,1.0526204498790668,0.06776429306673379
5,7,exact_value_eb,0.36576338041252676,0.36576338041252676,0.25663538767738164,3.9864601991172934,1,1.4252258183206237,0.09175141908942584
5,8,jensen_eb,0.3694831450608552,0.3694831450608552,0.25663538767738164,3.9864601991172934,1,1.4397201742315264,0.09268451874740113
5,8,jensen_hoeffding,0.8258580863755414,0.8258580863755414,0.25663538767738164,3.9864601991172934,1,3.2180210759310173,0.20716576740397608
5,8,raw_plugin_mean,0.2738709988439752,0.2738709988439752,0.25663538767738164,3.9864601991172934,1,1.0671599163411578,0.06870029679579327
5,8,exact_value_eb,0.3690380319999541,0.3690380319999541,0.25663538767738164,3.9864601991172934,1,1.4379857561338139,0.092572862531443
5,9,jensen_eb,0.3854571587472341,0.3854571587472341,0.25663538767738164,3.9864601991172934,1,1.5019641766309926,0.09669158589181058
5,9,jensen_hoeffding,0.8406238776288648,0.8406238776288648,0.25663538767738164,3.9864601991172934,1,3.2755571444637233,0.21086975302424968
5,9,raw_plugin_mean,0.2886367900972986,0.2886367900972986,0.25663538767738164,3.9864601991172934,1,1.1246959848738638,0.07240428241606685
5,9,exact_value_eb,0.3852333191511236,0.3852333191511236,0.25663538767738164,3.9864601991172934,1,1.5010919680157415,0.09663543592795039
5,10,jensen_eb,0.3598040201461373,0.3598040201461373,0.25663538767738164,3.9864601991172934,1,1.4020047016994,0.09025651885996688
5,10,jensen_hoeffding,0.8154691716810334,0.8154691716810334,0.25663538767738164,3.9864601991172934,1,3.1775398516207987,0.20455971738074785
5,10,raw_plugin_mean,0.2634820841494671,0.2634820841494671,0.25663538767738164,3.9864601991172934,1,1.0266786920309388,0.06609424677256502
5,10,exact_value_eb,0.3594992815710072,0.3594992815710072,0.25663538767738164,3.9864601991172934,1,1.4008172638410124,0.09018007545907764
5,11,jensen_eb,0.32891557513676517,0.32891557513676517,0.25663538767738164,3.9864601991172934,1,1.2816454430292659,0.08250817986583578
5,11,jensen_hoeffding,0.7884375062993367,0.7884375062993367,0.25663538767738164,3.9864601991172934,1,3.072208838519525,0.19777884813045854
5,11,raw_plugin_mean,0.2364504187677705,0.2364504187677705,0.25663538767738164,3.9864601991172934,0,0.9213476789296657,0.05931337752227573
5,11,exact_value_eb,0.3286169809428474,0.3286169809428474,0.25663538767738164,3.9864601991172934,1,1.280481947236187,0.08243327777751595
5,12,jensen_eb,0.33160809087008647,0.33160809087008647,0.25663538767738164,3.9864601991172934,1,1.2921370426394727,0.08318359504592901
5,12,jensen_hoeffding,0.7910492036114622,0.7910492036114622,0.25663538767738164,3.9864601991172934,1,3.0823855227865007,0.19843399008138127
5,12,raw_plugin_mean,0.239062116079896,0.239062116079896,0.25663538767738164,3.9864601991172934,0,0.9315243631966409,0.05996851947319845
5,12,exact_value_eb,0.330928710445914,0.330928710445914,0.25663538767738164,3.9864601991172934,1,1.2894897833105037,0.0830131730699808
5,13,jensen_eb,0.35273341125625557,0.35273341125625557,0.25663538767738164,3.9864601991172934,1,1.374453517297776,0.08848286290036458
5,13,jensen_hoeffding,0.8091946014184028,0.8091946014184028,0.25663538767738164,3.9864601991172934,1,3.153090494424127,0.20298574700371513
5,13,raw_plugin_mean,0.25720751388683655,0.25720751388683655,0.25663538767738164,3.9864601991172934,1,1.0022293348342675,0.06452027639553232
5,13,exact_value_eb,0.35226475093706144,0.35226475093706144,0.25663538767738164,3.9864601991172934,1,1.372627345453606,0.08836529987557937
5,14,jensen_eb,0.3394363093287447,0.3394363093287447,0.25663538767738164,3.9864601991172934,1,1.3226403123931323,0.08514729669291687
5,14,jensen_hoeffding,0.7979926979351818,0.7979926979351818,0.25663538767738164,3.9864601991172934,1,3.109441395269871,0.20017575946497052
5,14,raw_plugin_mean,0.24600561040361554,0.24600561040361554,0.25663538767738164,3.9864601991172934,0,0.9585802356800113,0.06171028885678769
5,14,exact_value_eb,0.3390242054505135,0.3390242054505135,0.25663538767738164,3.9864601991172934,1,1.3210345171754079,0.0850439208011113
5,15,jensen_eb,0.35577700814738633,0.35577700814738633,0.25663538767738164,3.9864601991172934,1,1.3863131322895983,0.08924634647704865
5,15,jensen_hoeffding,0.8123356629541569,0.8123356629541569,0.25663538767738164,3.9864601991172934,1,3.1653298880797784,0.2037736794999306
5,15,raw_plugin_mean,0.26034857542259077,0.26034857542259077,0.25663538767738164,3.9864601991172934,1,1.014468728489919,0.06530820889174781
5,15,exact_value_eb,0.3553527214126915,0.3553527214126915,0.25663538767738164,3.9864601991172934,1,1.384659865612174,0.08913991452652051
5,16,jensen_eb,0.35561528876032533,0.35561528876032533,0.25663538767738164,3.9864601991172934,1,1.3856829799613297,0.08920577931245065
5,16,jensen_hoeffding,0.8115119081352525,0.8115119081352525,0.25663538767738164,3.9864601991172934,1,3.162120062551196,0.20356704133530357
5,16,raw_plugin_mean,0.2595248206036863,0.2595248206036863,0.25663538767738164,3.9864601991172934,1,1.0112589029613368,0.06510157072712074
5,16,exact_value_eb,0.3550573536780749,0.3550573536780749,0.25663538767738164,3.9864601991172934,1,1.3835089419718698,0.0890658217926505
5,17,jensen_eb,0.3461703867735022,0.3461703867735022,0.25663538767738164,3.9864601991172934,1,1.3488801755145152,0.08683653403843174
5,17,jensen_hoeffding,0.8024869126350571,0.8024869126350571,0.25663538767738164,3.9864601991172934,1,3.1269534568002357,0.20130312923047589
5,17,raw_plugin_mean,0.25049982510349095,0.25049982510349095,0.25663538767738164,3.9864601991172934,0,0.9760922972103763,0.06283765862229307
5,17,exact_value_eb,0.3457572121569489,0.3457572121569489,0.25663538767738164,3.9864601991172934,1,1.34727020808059,0.08673288955286913
5,18,jensen_eb,0.39746626792377204,0.39746626792377204,0.25663538767738164,3.9864601991172934,1,1.5487586163426144,0.0997040602617283
5,18,jensen_hoeffding,0.8511912028178135,0.8511912028178135,0.25663538767738164,3.9864601991172934,1,3.316733559316662,0.2135205571615363
5,18,raw_plugin_mean,0.2992041152862472,0.2992041152862472,0.25663538767738164,3.9864601991172934,1,1.1658723997268023,0.07505508655335348
5,18,exact_value_eb,0.3970986011973352,0.3970986011973352,0.25663538767738164,3.9864601991172934,1,1.5473259739866077,0.09961183138997931
5,19,jensen_eb,0.3685175275034215,0.3685175275034215,0.25663538767738164,3.9864601991172934,1,1.435957569369536,0.09244229444082269
5,19,jensen_hoeffding,0.8245374825580922,0.8245374825580922,0.25663538767738164,3.9864601991172934,1,3.2128752391491107,0.20683449510938712
5,19,raw_plugin_mean,0.27255039502652606,0.27255039502652606,0.25663538767738164,3.9864601991172934,1,1.0620140795592512,0.06836902450120431
5,19,exact_value_eb,0.3680597825232773,0.3680597825232773,0.25663538767738164,3.9864601991172934,1,1.4341739300036367,0.09232746951914267
6,0,jensen_eb,0.5730364170093727,0.5730364170093727,0.49084860665116825,3.9860184578529045,1,1.1674402437829734,0.14376160649242015
6,0,jensen_hoeffding,1.0122054045663853,1.0122054045663853,0.49084860665116825,3.9860184578529045,1,2.062153973446501,0.253938965729631
6,0,raw_plugin_mean,0.46027948294687976,0.46027948294687976,0.49084860665116825,3.9860184578529045,0,0.9377218896212268,0.11547349512144818
6,0,exact_value_eb,0.571559888304351,0.571559888304351,0.49084860665116825,3.9860184578529045,1,1.1644321294988251,0.14339117953112177
6,1,jensen_eb,0.616161111644693,0.616161111644693,0.49084860665116825,3.9860184578529045,1,1.2552976687628263,0.15458059669312027
6,1,jensen_hoeffding,1.0533514481796682,1.0533514481796682,0.49084860665116825,3.9860184578529045,1,2.1459803163468165,0.2642615580729305
6,1,raw_plugin_mean,0.5014255265601627,0.5014255265601627,0.49084860665116825,3.9860184578529045,1,1.0215482325215424,0.12579608746474769
6,1,exact_value_eb,0.6149665447365067,0.6149665447365067,0.49084860665116825,3.9860184578529045,1,1.252863991877531,0.15428090743658085
6,2,jensen_eb,0.6204098800575082,0.6204098800575082,0.49084860665116825,3.9860184578529045,1,1.2639536338715032,0.15564651459032533
6,2,jensen_hoeffding,1.0572289358478675,1.0572289358478675,0.49084860665116825,3.9860184578529045,1,2.153879875631814,0.2652343302036165
6,2,raw_plugin_mean,0.5053030142283619,0.5053030142283619,0.49084860665116825,3.9860184578529045,1,1.0294477918065394,0.12676885959543366
6,2,exact_value_eb,0.6195918452621959,0.6195918452621959,0.49084860665116825,3.9860184578529045,1,1.2622870613596784,0.1554412885473549
6,3,jensen_eb,0.6278345744112831,0.6278345744112831,0.49084860665116825,3.9860184578529045,1,1.2790798749429206,0.15750919897884025
6,3,jensen_hoeffding,1.0640353365663977,1.0640353365663977,0.49084860665116825,3.9860184578529045,1,2.167746474469625,0.26694189899450377
6,3,raw_plugin_mean,0.5121094149468921,0.5121094149468921,0.49084860665116825,3.9860184578529045,1,1.0433143906443505,0.12847642838632092
6,3,exact_value_eb,0.6257844621434674,0.6257844621434674,0.49084860665116825,3.9860184578529045,1,1.2749032057214214,0.15699487314480484
6,4,jensen_eb,0.5880985332396309,0.5880985332396309,0.49084860665116825,3.9860184578529045,1,1.1981261131654293,0.1475403436933441
6,4,jensen_hoeffding,1.0268108758373125,1.0268108758373125,0.49084860665116825,3.9860184578529045,1,2.091909525510861,0.2576031412534931
6,4,raw_plugin_mean,0.4748849542178068,0.4748849542178068,0.49084860665116825,3.9860184578529045,0,0.967477441685586,0.11913767064531025
6,4,exact_value_eb,0.5870577106074781,0.5870577106074781,0.49084860665116825,3.9860184578529045,1,1.1960056576562372,0.1472792253259411
6,5,jensen_eb,0.6203351118383182,0.6203351118383182,0.49084860665116825,3.9860184578529045,1,1.2638013094721328,0.1556277569704145
6,5,jensen_hoeffding,1.0575094604350628,1.0575094604350628,0.49084860665116825,3.9860184578529045,1,2.154451385020644,0.26530470734565975
6,5,raw_plugin_mean,0.5055835388155572,0.5055835388155572,0.49084860665116825,3.9860184578529045,1,1.0300193011953696,0.1268392367374769
6,5,exact_value_eb,0.6187029283390053,0.6187029283390053,0.49084860665116825,3.9860184578529045,1,1.2604760815358682,0.1552182798150598
6,6,jensen_eb,0.635336780849098,0.635336780849098,0.49084860665116825,3.9860184578529045,1,1.2943640304567743,0.1593913293596052
6,6,jensen_hoeffding,1.07121054231749,1.07121054231749,0.49084860665116825,3.9860184578529045,1,2.1823644353925364,0.26874199245291625
6,6,raw_plugin_mean,0.5192846206979844,0.5192846206979844,0.49084860665116825,3.9860184578529045,1,1.057932351567262,0.1302765218447334
6,6,exact_value_eb,0.6344312753292765,0.6344312753292765,0.49084860665116825,3.9860184578529045,1,1.292519254883305,0.15916415893142077
6,7,jensen_eb,0.5927968210102936,0.5927968210102936,0.49084860665116825,3.9860184578529045,1,1.2076978786894612,0.14871903561871802
6,7,jensen_hoeffding,1.0316018670103562,1.0316018670103562,0.49084860665116825,3.9860184578529045,1,2.1016701545686276,0.2588050903221445
6,7,raw_plugin_mean,0.47967594539085057,0.47967594539085057,0.49084860665116825,3.9860184578529045,0,0.9772380707433529,0.12033961971396169
6,7,exact_value_eb,0.5915690517027293,0.5915690517027293,0.49084860665116825,3.9860184578529045,1,1.2051965589527285,0.14841101664676734
6,8,jensen_eb,0.6037205276493722,0.6037205276493722,0.49084860665116825,3.9860184578529045,1,1.2299526156716154,0.1514595414027687
6,8,jensen_hoeffding,1.041236768469722,1.041236768469722,0.49084860665116825,3.9860184578529045,1,2.121299224161185,0.26122226464314746
6,8,raw_plugin_mean,0.4893108468502163,0.4893108468502163,0.49084860665116825,3.9860184578529045,0,0.9968671403359106,0.12275679403496462
6,8,exact_value_eb,0.6025030914649978,0.6025030914649978,0.49084860665116825,3.9860184578529045,1,1.227472347483262,0.15115411477285032
6,9,jensen_eb,0.6220362110936456,0.6220362110936456,0.49084860665116825,3.9860184578529045,1,1.2672669386544853,0.15605452349779372
6,9,jensen_hoeffding,1.058943368992784,1.058943368992784,0.49084860665116825,3.9860184578529045,1,2.157372669788068,0.2656644418960345
6,9,raw_plugin_mean,0.5070174473732786,0.5070174473732786,0.49084860665116825,3.9860184578529045,1,1.0329405859627938,0.1271989712878517
6,9,exact_value_eb,0.6209223975481561,0.6209223975481561,0.49084860665116825,3.9860184578529045,1,1.2649977796298961,0.1557750933954832
6,10,jensen_eb,0.6388272250375157,0.6388272250375157,0.49084860665116825,3.9860184578529045,1,1.301475070686126,0.16026700121745652
6,10,jensen_hoeffding,1.0753705118184191,1.0753705118184191,0.49084860665116825,3.9860184578529045,1,2.1908394915392995,0.26978563275336026
6,10,raw_plugin_mean,0.5234445901989137,0.5234445901989137,0.49084860665116825,3.9860184578529045,1,1.0664074077140253,0.13132016214517747
6,10,exact_value_eb,0.6378548446465735,0.6378548446465735,0.49084860665116825,3.9860184578529045,1,1.2994940517369713,0.16002305342814652
6,11,jensen_eb,0.5797592250311819,0.5797592250311819,0.49084860665116825,3.9860184578529045,1,1.181136540218805,0.14544820380572776
6,11,jensen_hoeffding,1.0188148296429431,1.0188148296429431,0.49084860665116825,3.9860184578529045,1,2.0756192761630574,0.255597117879814
6,11,raw_plugin_mean,0.4668889080234374,0.4668889080234374,0.49084860665116825,3.9860184578529045,0,0.9511871923377827,0.11713164727163111
6,11,exact_value_eb,0.5787999563833758,0.5787999563833758,0.49084860665116825,3.9860184578529045,1,1.1791822336672375,0.14520754545004044
6,12,jensen_eb,0.6029693675591075,0.6029693675591075,0.49084860665116825,3.9860184578529045,1,1.2284222861971372,0.15127109267925992
6,12,jensen_hoeffding,1.0413943500651301,1.0413943500651301,0.49084860665116825,3.9860184578529045,1,2.121620263262189,0.26126179822711715
6,12,raw_plugin_mean,0.48946842844562444,0.48946842844562444,0.49084860665116825,3.9860184578529045,0,0.9971881794369141,0.12279632761893428
6,12,exact_value_eb,0.6019369105200197,0.6019369105200197,0.49084860665116825,3.9860184578529045,1,1.226318873810716,0.1510120730460082
6,13,jensen_eb,0.6215301471508377,0.6215301471508377,0.49084860665116825,3.9860184578529045,1,1.2662359406319776,0.15592756373878636
6,13,jensen_hoeffding,1.058214689512895,1.058214689512895,0.49084860665116825,3.9860184578529045,1,2.1558881397924337,0.26548163303862604
6,13,raw_plugin_mean,0.5062887678933894,0.5062887678933894,0.49084860665116825,3.9860184578529045,1,1.031456055967159,0.12701616243044325
6,13,exact_value_eb,0.619982014797855,0.619982014797855,0.49084860665116825,3.9860184578529045,1,1.2630819490916025,0.15553917307543338
6,14,jensen_eb,0.6245447180755563,0.6245447180755563,0.49084860665116825,3.9860184578529045,1,1.2723774899485494,0.15668384998196208
6,14,jensen_hoeffding,1.061183680576749,1.061183680576749,0.49084860665116825,3.9860184578529045,1,2.1619368298032087,0.2662264843470802
6,14,raw_plugin_mean,0.5092577589572432,0.5092577589572432,0.49084860665116825,3.9860184578529045,1,1.037504745977934,0.1277610137388973
6,14,exact_value_eb,0.6231204053436413,0.6231204053436413,0.49084860665116825,3.9860184578529045,1,1.2694757546423572,0.15632652280272913
6,15,jensen_eb,0.5940104316087566,0.5940104316087566,0.49084860665116825,3.9860184578529045,1,1.210170353057358,0.14902350249745813
6,15,jensen_hoeffding,1.0322668937071175,1.0322668937071175,0.49084860665116825,3.9860184578529045,1,2.103025005509936,0.25897193016591175
6,15,raw_plugin_mean,0.48034097208761195,0.48034097208761195,0.49084860665116825,3.9860184578529045,0,0.9785929216846616,0.1205064595577289
6,15,exact_value_eb,0.593426191749299,0.593426191749299,0.49084860665116825,3.9860184578529045,1,1.2089800881741724,0.14887693020592582
6,16,jensen_eb,0.5707896165763809,0.5707896165763809,0.49084860665116825,3.9860184578529045,1,1.162862864113261,0.14319793613897128
6,16,jensen_hoeffding,1.0106072801837664,1.0106072801837664,0.49084860665116825,3.9860184578529045,1,2.0588981337416232,0.2535380332202819
6,16,raw_plugin_mean,0.4586813585642608,0.4586813585642608,0.49084860665116825,3.9860184578529045,0,0.9344660499163486,0.11507256261209903
6,16,exact_value_eb,0.5693617593434884,0.5693617593434884,0.49084860665116825,3.9860184578529045,1,1.1599539076375889,0.14283971972628018
6,17,jensen_eb,0.6129467805802801,0.6129467805802801,0.49084860665116825,3.9860184578529045,1,1.2487491505010697,0.1537741952430516
6,17,jensen_hoeffding,1.051228169238559,1.051228169238559,0.49084860665116825,3.9860184578529045,1,2.141654585536261,0.2637288764098724
6,17,raw_plugin_mean,0.4993022476190534,0.4993022476190534,0.49084860665116825,3.9860184578529045,1,1.0172225017109866,0.1252634058016896
6,17,exact_value_eb,0.6114831613303587,0.6114831613303587,0.49084860665116825,3.9860184578529045,1,1.2457673364955113,0.15340700696597834
6,18,jensen_eb,0.644696519816256,0.644696519816256,0.49084860665116825,3.9860184578529045,1,1.3134325147925354,0.1617394717643947
6,18,jensen_hoeffding,1.080428596928745,1.080428596928745,0.49084860665116825,3.9860184578529045,1,2.2011442678833437,0.2710545895240849
6,18,raw_plugin_mean,0.5285026753092393,0.5285026753092393,0.49084860665116825,3.9860184578529045,1,1.076712184058069,0.13258911891590205
6,18,exact_value_eb,0.6437178919742074,0.6437178919742074,0.49084860665116825,3.9860184578529045,1,1.3114387679859074,0.16149395663384616
6,19,jensen_eb,0.5882846323700082,0.5882846323700082,0.49084860665116825,3.9860184578529045,1,1.1985052506996008,0.1475870316684112
6,19,jensen_hoeffding,1.0269077638314148,1.0269077638314148,0.49084860665116825,3.9860184578529045,1,2.0921069142632978,0.2576274482142176
6,19,raw_plugin_mean,0.47498184221190914,0.47498184221190914,0.49084860665116825,3.9860184578529045,0,0.9676748304380232,0.1191619776060348
6,19,exact_value_eb,0.5862093495677901,0.5862093495677901,0.49084860665116825,3.9860184578529045,1,1.194277301849187,0.1470663911284434
7,0,jensen_eb,0.30980665362049364,0.30980665362049364,0.24176227748841164,3.918617757142203,1,1.2814515847508243,0.07906018724480839
7,0,jensen_hoeffding,0.7637294736890342,0.7637294736890342,0.24176227748841164,3.918617757142203,1,3.1590100888491257,0.19489767081696996
7,0,raw_plugin_mean,0.22113622181275727,0.22113622181275727,0.24176227748841164,3.918617757142203,0,0.9146845575334099,0.056432200208787156
7,0,exact_value_eb,0.3092386399108848,0.3092386399108848,0.24176227748841164,3.918617757142203,1,1.2791021127177604,0.07891523467611919
7,1,jensen_eb,0.3446747385056518,0.3446747385056518,0.24176227748841164,3.918617757142203,1,1.4256762555613045,0.08795824442877495
7,1,jensen_hoeffding,0.7955442081662116,0.7955442081662116,0.24176227748841164,3.918617757142203,1,3.2906052028912756,0.20301653732779276
7,1,raw_plugin_mean,0.25295095628993475,0.25295095628993475,0.24176227748841164,3.918617757142203,1,1.04627967157556,0.06455106671960997
7,1,exact_value_eb,0.3440376879044417,0.3440376879044417,0.24176227748841164,3.918617757142203,1,1.4230412266071262,0.08779567419592972
7,2,jensen_eb,0.34094528441588545,0.34094528441588545,0.24176227748841164,3.918617757142203,1,1.4102501347929597,0.08700651748807785
7,2,jensen_hoeffding,0.7923050416280991,0.7923050416280991,0.24176227748841164,3.918617757142203,1,3.2772070558694857,0.20218992786015366
7,2,raw_plugin_mean,0.2497117897518222,0.2497117897518222,0.24176227748841164,3.918617757142203,1,1.03288152455377,0.06372445725197085
7,2,exact_value_eb,0.3401819913759256,0.3401819913759256,0.24176227748841164,3.918617757142203,1,1.4070929299225827,0.08681173119166792
7,3,jensen_eb,0.31461094593751937,0.31461094593751937,0.24176227748841164,3.918617757142203,1,1.301323553061745,0.08028620432909002
7,3,jensen_hoeffding,0.767953316274445,0.767953316274445,0.24176227748841164,3.918617757142203,1,3.17648114607646,0.19597556175892578
7,3,raw_plugin_mean,0.22536006439816803,0.22536006439816803,0.24176227748841164,3.918617757142203,0,0.9321556147607444,0.05751009115074296
7,3,exact_value_eb,0.31346343478706246,0.31346343478706246,0.24176227748841164,3.918617757142203,1,1.2965771089002405,0.07999336863508404
7,4,jensen_eb,0.3253688175434869,0.3253688175434869,0.24176227748841164,3.918617757142203,1,1.345821279165782,0.08303152736713319
7,4,jensen_hoeffding,0.7776920690263477,0.7776920690263477,0.24176227748841164,3.918617757142203,1,3.2167634963797225,0.19846081379305247
7,4,raw_plugin_mean,0.23509881715007078,0.23509881715007078,0.24176227748841164,3.918617757142203,0,0.9724379650640069,0.05999534318486968
7,4,exact_value_eb,0.32532744492731314,0.32532744492731314,0.24176227748841164,3.918617757142203,1,1.3456501498374038,0.08302096940543909
7,5,jensen_eb,0.33375310229057975,0.33375310229057975,0.24176227748841164,3.918617757142203,1,1.3805011507908942,0.08517112996853808
7,5,jensen_hoeffding,0.7859343714057186,0.7859343714057186,0.24176227748841164,3.918617757142203,1,3.2508560871056105,0.20056418362654754
7,5,raw_plugin_mean,0.2433411195294417,0.2433411195294417,0.24176227748841164,3.918617757142203,1,1.0065305557898947,0.062098713018364726
7,5,exact_value_eb,0.3324696115737259,0.3324696115737259,0.24176227748841164,3.918617757142203,1,1.3751922550847997,0.08484359337364705
7,6,jensen_eb,0.3507239126726765,0.3507239126726765,0.24176227748841164,3.918617757142203,1,1.4506974219312925,0.08950194543303833
7,6,jensen_hoeffding,0.8013879639756719,0.8013879639756719,0.24176227748841164,3.918617757142203,1,3.314776698420558,0.20450781720545097
7,6,raw_plugin_mean,0.258794712099395,0.258794712099395,0.24176227748841164,3.918617757142203,1,1.0704511671048422,0.06604234659726817
7,6,exact_value_eb,0.3496632671144457,0.3496632671144457,0.24176227748841164,3.918617757142203,1,1.4463102794488112,0.08923127714540102
7,7,jensen_eb,0.3275357860425937,0.3275357860425937,0.24176227748841164,3.918617757142203,1,1.3547844992413816,0.08358452044617419
7,7,jensen_hoeffding,0.7797347360477549,0.7797347360477549,0.24176227748841164,3.918617757142203,1,3.225212568925811,0.19898208612630933
7,7,raw_plugin_mean,0.23714148417147793,0.23714148417147793,0.24176227748841164,3.918617757142203,0,0.9808870376100953,0.06051661551812651
7,7,exact_value_eb,0.3271062297167828,0.3271062297167828,0.24176227748841164,3.918617757142203,1,1.353007727735614,0.08347490109760977
7,8,jensen_eb,0.3441368354456944,0.3441368354456944,0.24176227748841164,3.918617757142203,1,1.4234513300454406,0.08782097585773942
7,8,jensen_hoeffding,0.7952519427900415,0.7952519427900415,0.24176227748841164,3.918617757142203,1,3.2893963071975123,0.20294195353465871
7,8,raw_plugin_mean,0.2526586909137645,0.2526586909137645,0.24176227748841164,3.918617757142203,1,1.0450707758817965,0.0644764829264759
7,8,exact_value_eb,0.343344693358353,0.343344693358353,0.24176227748841164,3.918617757142203,1,1.420174797016505,0.08761882751451364
7,9,jensen_eb,0.3236094254914288,0.3236094254914288,0.24176227748841164,3.918617757142203,1,1.3385439153423773,0.08258254454688965
7,9,jensen_hoeffding,0.7762658478822009,0.7762658478822009,0.24176227748841164,3.918617757142203,1,3.2108642255796482,0.19809685353141498
7,9,raw_plugin_mean,0.23367259600592397,0.23367259600592397,0.24176227748841164,3.918617757142203,0,0.9665386942639327,0.05963138292323218
7,9,exact_value_eb,0.3230830086276041,0.3230830086276041,0.24176227748841164,3.918617757142203,1,1.3363665001174154,0.08244820716150286
7,10,jensen_eb,0.32711828653221997,0.32711828653221997,0.24176227748841164,3.918617757142203,1,1.3530575982760573,0.08347797790075424
7,10,jensen_hoeffding,0.7794503559398843,0.7794503559398843,0.24176227748841164,3.918617757142203,1,3.2240362890246415,0.198909514590759
7,10,raw_plugin_mean,0.2368571040636074,0.2368571040636074,0.24176227748841164,3.918617757142203,0,0.979710757708926,0.0604440439825762
7,10,exact_value_eb,0.32637727946577316,0.32637727946577316,0.24176227748841164,3.918617757142203,1,1.3499925747573145,0.08328887880705055
7,11,jensen_eb,0.32885422185742796,0.32885422185742796,0.24176227748841164,3.918617757142203,1,1.3602379381671357,0.08392097475137689
7,11,jensen_hoeffding,0.7808748315177176,0.7808748315177176,0.24176227748841164,3.918617757142203,1,3.22992833964822,0.19927302939779448
7,11,raw_plugin_mean,0.23828157964144075,0.23828157964144075,0.24176227748841164,3.918617757142203,0,0.9856028083325046,0.06080755878961168
7,11,exact_value_eb,0.3279782001861568,0.3279782001861568,0.24176227748841164,3.918617757142203,1,1.3566144544691334,0.08369742100728575
7,12,jensen_eb,0.3233884470629042,0.3233884470629042,0.24176227748841164,3.918617757142203,1,1.3376298834643678,0.08252615261426959
7,12,jensen_hoeffding,0.7762906021616928,0.7762906021616928,0.24176227748841164,3.918617757142203,1,3.2109666165719446,0.19810317062612184
7,12,raw_plugin_mean,0.23369735028541583,0.23369735028541583,0.24176227748841164,3.918617757142203,0,0.966641085256229,0.05963770001793905
7,12,exact_value_eb,0.32238568888111657,0.32238568888111657,0.24176227748841164,3.918617757142203,1,1.3334821802237922,0.0822702567234392
7,13,jensen_eb,0.33372101528273806,0.33372101528273806,0.24176227748841164,3.918617757142203,1,1.380368429474008,0.08516294162003606
7,13,jensen_hoeffding,0.7857418209771531,0.7857418209771531,0.24176227748841164,3.918617757142203,1,3.2500596418099836,0.200515046292799
7,13,raw_plugin_mean,0.2431485691008761,0.2431485691008761,0.24176227748841164,3.918617757142203,1,1.005734110494268,0.0620495756846162
7,13,exact_value_eb,0.33281567387509997,0.33281567387509997,0.24176227748841164,3.918617757142203,1,1.3766236707091444,0.08493190571305381
7,14,jensen_eb,0.33746440415656825,0.33746440415656825,0.24176227748841164,3.918617757142203,1,1.3958521886142634,0.08611822460649407
7,14,jensen_hoeffding,0.7884277883670265,0.7884277883670265,0.24176227748841164,3.918617757142203,1,3.26116959418873,0.20120048374966196
7,14,raw_plugin_mean,0.24583453649074954,0.24583453649074954,0.24176227748841164,3.918617757142203,1,1.0168440628730142,0.06273501314147913
7,14,exact_value_eb,0.33729932472431584,0.33729932472431584,0.24176227748841164,3.918617757142203,1,1.3951693714520188,0.08607609765191894
7,15,jensen_eb,0.3301068327500271,0.3301068327500271,0.24176227748841164,3.918617757142203,1,1.3654191058232816,0.0842406310613898
7,15,jensen_hoeffding,0.78274480488357,0.78274480488357,0.24176227748841164,3.918617757142203,1,3.237663100361425,0.1997502316874141
7,15,raw_plugin_mean,0.2401515530072931,0.2401515530072931,0.24176227748841164,3.918617757142203,0,0.9933375690457096,0.061284761079231295
7,15,exact_value_eb,0.32966378129709906,0.32966378129709906,0.24176227748841164,3.918617757142203,1,1.3635865144962525,0.08412756786401095
7,16,jensen_eb,0.34444334210042704,0.34444334210042704,0.24176227748841164,3.918617757142203,1,1.4247191318626504,0.08789919391158608
7,16,jensen_hoeffding,0.7957566397434231,0.7957566397434231,0.24176227748841164,3.918617757142203,1,3.2914838824744526,0.20307074817212029
7,16,raw_plugin_mean,0.2531633878671462,0.2531633878671462,0.24176227748841164,3.918617757142203,1,1.0471583511587372,0.06460527756393748
7,16,exact_value_eb,0.3437094149403303,0.3437094149403303,0.24176227748841164,3.918617757142203,1,1.4216833929222283,0.0877119015535195
7,17,jensen_eb,0.33074502903007474,0.33074502903007474,0.24176227748841164,3.918617757142203,1,1.3680588736426356,0.0844034936623374
7,17,jensen_hoeffding,0.783551264684669,0.783551264684669,0.24176227748841164,3.918617757142203,1,3.2409988556722906,0.19995603379700466
7,17,raw_plugin_mean,0.24095801280839205,0.24095801280839205,0.24176227748841164,3.918617757142203,0,0.9966733243565753,0.061490563188821866
7,17,exact_value_eb,0.3305876831400082,0.3305876831400082,0.24176227748841164,3.918617757142203,1,1.367408044689082,0.08436334024605184
7,18,jensen_eb,0.34058718432305135,0.34058718432305135,0.24176227748841164,3.918617757142203,1,1.4087689273169453,0.08691513320029386
7,18,jensen_hoeffding,0.791406655321728,0.791406655321728,0.24176227748841164,3.918617757142203,1,3.273491065452353,0.20196066683954667
7,18,raw_plugin_mean,0.24881340344545105,0.24881340344545105,0.24176227748841164,3.918617757142203,1,1.0291655341366373,0.06349519623136385
7,18,exact_value_eb,0.3396380962911708,0.3396380962911708,0.24176227748841164,3.918617757142203,1,1.404843219626977,0.08667293350369148
7,19,jensen_eb,0.3504728520314336,0.3504728520314336,0.24176227748841164,3.918617757142203,1,1.4496589611596158,0.08943787675964314
7,19,jensen_hoeffding,0.8008573763546452,0.8008573763546452,0.24176227748841164,3.918617757142203,1,3.3125820317151526,0.2043724154760887
7,19,raw_plugin_mean,0.2582641244783682,0.2582641244783682,0.24176227748841164,3.918617757142203,1,1.068256500399437,0.0659069448679059
7,19,exact_value_eb,0.3497358112726609,0.3497358112726609,0.24176227748841164,3.918617757142203,1,1.4466103434578406,0.08924978983602593
